X,p_val,avg_log2FC,pct.1,pct.2,p_val_adj,gene,cluster,change
SOX2-OT,1.56034280311883e-212,-3.218229687,0.251,0.841,7.80327435839728e-209,SOX2-OT,CD8_Exhausted,down
SLC40A1,1.1472261135387e-195,5.37346261064559,0.63,0.046,5.73727779380706e-192,SLC40A1,CD8_Exhausted,up
LAMC2,2.0172344769099e-117,-3.683773529,0.085,0.533,1.00881896190264e-113,LAMC2,CD8_Exhausted,down
GZMK,3.34241926570979e-101,3.11786137684351,0.444,0.055,1.67154387478147e-97,GZMK,CD8_Exhausted,up
ANXA2,5.03212088476223e-92,1.21340692074397,0.886,0.675,2.51656365446959e-88,ANXA2,CD8_Exhausted,up
ITGA5,6.26099145638397e-74,3.11414913608317,0.359,0.055,3.13112182733763e-70,ITGA5,CD8_Exhausted,up
MMP13,3.6400157913875e-73,-7.153918719,0.005,0.287,1.82037189727289e-69,MMP13,CD8_Exhausted,down
SFRP1,2.71394560246253e-70,-6.772888489,0.003,0.274,1.35724419579151e-66,SFRP1,CD8_Exhausted,down
LAMA3,2.31892702625054e-63,-4.023534674,0.038,0.315,1.1596954058279e-59,LAMA3,CD8_Exhausted,down
VCAM1,3.55292682990502e-60,3.3637712620298,0.279,0.033,1.7768187076355e-56,VCAM1,CD8_Exhausted,up
LDHA,1.04459334290255e-58,0.949998846391379,0.86,0.671,5.22401130785565e-55,LDHA,CD8_Exhausted,up
ITGB4,2.81250507873278e-55,-4.123300279,0.022,0.26,1.40653378987426e-51,ITGB4,CD8_Exhausted,down
VEGFC,1.0896202003521e-54,4.20006048104529,0.212,0.01,5.44919062196085e-51,VEGFC,CD8_Exhausted,up
CD70,1.54836351729912e-52,2.33028402955027,0.312,0.061,7.74336595001289e-49,CD70,CD8_Exhausted,up
PKM,6.8425481384327e-52,0.814990286140604,0.888,0.711,3.42195832403019e-48,PKM,CD8_Exhausted,up
PMAIP1,2.65441519182889e-49,2.1183343945799,0.336,0.085,1.32747303743363e-45,PMAIP1,CD8_Exhausted,up
CD27,7.96690985166518e-49,2.39214058869369,0.3,0.064,3.98425161681776e-45,CD27,CD8_Exhausted,up
AKR1B1,1.05439059739269e-46,1.9487117221035,0.34,0.093,5.27300737756085e-43,AKR1B1,CD8_Exhausted,up
COL5A1,1.57275232771184e-46,1.72588443109102,0.38,0.121,7.86533439088693e-43,COL5A1,CD8_Exhausted,up
NPTN,3.07139631042614e-46,1.71521951578883,0.444,0.178,1.53600529484411e-42,NPTN,CD8_Exhausted,up
THBS1,1.15205932487231e-45,1.81958315975982,0.539,0.282,5.76144868368641e-42,THBS1,CD8_Exhausted,up
LOXL1,2.52605561849047e-45,3.13584333193148,0.23,0.032,1.26328041480708e-41,LOXL1,CD8_Exhausted,up
ITGB6,1.93270847901658e-44,-4.789145829,0.005,0.188,9.66547510356193e-41,ITGB6,CD8_Exhausted,down
GIMAP4,3.44655760565216e-44,1.45587323678944,0.46,0.18,1.72362345858664e-40,GIMAP4,CD8_Exhausted,up
TNC,7.32756651759778e-42,1.83204707708707,0.336,0.102,3.66451601545065e-38,TNC,CD8_Exhausted,up
CD8A,3.03197285072042e-41,0.795289792116835,0.854,0.658,1.51628962264528e-37,CD8A,CD8_Exhausted,up
TFPI,3.8222716351825e-41,3.05355742962639,0.222,0.037,1.91151804475477e-37,TFPI,CD8_Exhausted,up
UBD,4.56029128803056e-40,-2.360751039,0.106,0.331,2.28060167314408e-36,UBD,CD8_Exhausted,down
CCL18,5.12591640637823e-39,1.87169487963587,0.354,0.124,2.56347079482975e-35,CCL18,CD8_Exhausted,up
TNFSF4,2.02198752673689e-38,2.37010158511458,0.286,0.08,1.01119596212112e-34,TNFSF4,CD8_Exhausted,up
F13A1,2.8510658143467e-38,5.66686811375483,0.138,0.002,1.42581801375479e-34,F13A1,CD8_Exhausted,up
LASP1,1.46591846178624e-36,-1.249916362,0.325,0.545,7.33105822739297e-33,LASP1,CD8_Exhausted,down
MXRA7,2.69284561912016e-36,1.20275009827195,0.506,0.254,1.34669209412199e-32,MXRA7,CD8_Exhausted,up
SERPINE1,2.58666379774112e-35,1.8186714458599,0.346,0.132,1.29359056525033e-31,SERPINE1,CD8_Exhausted,up
ENPP2,1.64946395751876e-34,3.75573542616869,0.152,0.013,8.24896925155132e-31,ENPP2,CD8_Exhausted,up
MCAM,1.85601028400116e-34,3.31431049046393,0.162,0.017,9.28190743028982e-31,MCAM,CD8_Exhausted,up
LOX,2.98654735874519e-34,1.81545383906959,0.253,0.066,1.49357233410847e-30,LOX,CD8_Exhausted,up
JUP,5.40097618210909e-34,-3.876629482,0.011,0.161,2.70102818867276e-30,JUP,CD8_Exhausted,down
CKAP4,9.9185800037825e-34,1.46403683576939,0.394,0.172,4.96028185989163e-30,CKAP4,CD8_Exhausted,up
PDGFC,1.10733509712394e-33,2.16898306402755,0.24,0.061,5.5377828207168e-30,PDGFC,CD8_Exhausted,up
ZYX,1.37478249664926e-33,1.08915597140247,0.462,0.216,6.87528726574297e-30,ZYX,CD8_Exhausted,up
PTGS2,2.71743506868928e-32,-6.333336579,0.002,0.134,1.35898927785151e-28,PTGS2,CD8_Exhausted,down
PRNP,4.0806889420373e-32,1.40803812719864,0.377,0.16,2.04075253991285e-28,PRNP,CD8_Exhausted,up
MYH9,6.83822594683813e-32,0.670787636555106,0.819,0.642,3.41979679601375e-28,MYH9,CD8_Exhausted,up
CCL13,1.09410616565839e-31,3.46995486729147,0.148,0.016,5.47162493445761e-28,CCL13,CD8_Exhausted,up
RHOA,2.11222020967287e-31,0.863656794518612,0.631,0.412,1.0563213268574e-27,RHOA,CD8_Exhausted,up
CDH11,1.71758200028761e-30,2.42180431103657,0.199,0.044,8.58962758343832e-27,CDH11,CD8_Exhausted,up
EPCAM,2.70010204596177e-30,-1.95052966,0.092,0.28,1.35032103318548e-26,EPCAM,CD8_Exhausted,down
ALDOA,7.52334167142985e-30,1.30094086296571,0.377,0.166,3.76242316988207e-26,ALDOA,CD8_Exhausted,up
TGM2,8.49833978792267e-30,-2.430609633,0.058,0.228,4.25001972794013e-26,TGM2,CD8_Exhausted,down
DHRS2,1.92239349073332e-29,5.77222516889997,0.106,0.002,9.61388984715735e-26,DHRS2,CD8_Exhausted,up
ANO1,5.5389053986223e-29,-2.44946005,0.05,0.213,2.77000658985101e-25,ANO1,CD8_Exhausted,down
PAEP,8.02299631665578e-29,4.55715468502195,0.11,0.004,4.01230045795955e-25,PAEP,CD8_Exhausted,up
COL4A2,4.10092718450643e-28,-2.473940038,0.057,0.219,2.05087368497167e-24,COL4A2,CD8_Exhausted,down
DDX3Y,8.40421328651417e-28,4.88896386159433,0.105,0.003,4.20294706458573e-24,DDX3Y,CD8_Exhausted,up
HMGA1,1.28808709606755e-27,-1.235510466,0.356,0.52,6.44172356743382e-24,HMGA1,CD8_Exhausted,down
CD59,1.30059133411061e-27,1.36882042241161,0.375,0.178,6.50425726188718e-24,CD59,CD8_Exhausted,up
GRHL2,1.32467252005482e-27,-4.690595169,0.006,0.124,6.62468727279418e-24,GRHL2,CD8_Exhausted,down
ITGA3,2.29855595681665e-27,1.39096661878534,0.383,0.188,1.14950783400401e-23,ITGA3,CD8_Exhausted,up
MAFB,6.49653158074952e-27,1.38467778655494,0.294,0.111,3.24891544353283e-23,MAFB,CD8_Exhausted,up
ENTPD1,7.02463438675493e-27,-2.290690041,0.067,0.228,3.51301965681614e-23,ENTPD1,CD8_Exhausted,down
LOXL2,1.11974482939283e-26,2.06169466075481,0.201,0.053,5.59984389179357e-23,LOXL2,CD8_Exhausted,up
HIF1A,1.38227680631109e-25,0.85326089799011,0.572,0.363,6.91276630836178e-22,HIF1A,CD8_Exhausted,up
CST7,2.97178471042551e-25,1.70579037190574,0.207,0.058,1.4861895336838e-21,CST7,CD8_Exhausted,up
SAMD9,8.31344614992503e-25,-1.871782631,0.103,0.269,4.15755441957751e-21,SAMD9,CD8_Exhausted,down
CD3E,9.63286812353276e-25,0.717384903159356,0.711,0.52,4.81739734857873e-21,CD3E,CD8_Exhausted,up
ITGAE,2.76042154913973e-24,-1.826479068,0.094,0.256,1.38048681672478e-20,ITGAE,CD8_Exhausted,down
PLTP,7.18168015433651e-24,2.81267874895517,0.126,0.018,3.59155824518369e-20,PLTP,CD8_Exhausted,up
GAS6,7.23494292020135e-24,-1.994069973,0.071,0.223,3.61819495439269e-20,GAS6,CD8_Exhausted,down
MX1,1.73296391060661e-23,-1.39477097,0.214,0.393,8.66655251694365e-20,MX1,CD8_Exhausted,down
VAMP3,5.60862014932413e-23,1.2833370435081,0.352,0.178,2.804870936677e-19,VAMP3,CD8_Exhausted,up
EDIL3,1.34623014346907e-22,2.6168281658764,0.136,0.026,6.7324969474888e-19,EDIL3,CD8_Exhausted,up
STAT1,1.81149683913847e-22,0.548574770907616,0.812,0.665,9.05929569253148e-19,STAT1,CD8_Exhausted,up
CTNND1,3.50152816707881e-22,-1.503205423,0.146,0.309,1.75111423635611e-18,CTNND1,CD8_Exhausted,down
H3F3B,3.65589675435908e-22,0.577072374689673,0.78,0.619,1.82831396685497e-18,H3F3B,CD8_Exhausted,up
CYCS,9.8684759589335e-22,1.14449401296251,0.324,0.151,4.93522482706264e-18,CYCS,CD8_Exhausted,up
SLAMF7,1.03147115365186e-21,1.02545722952133,0.344,0.16,5.15838723941297e-18,SLAMF7,CD8_Exhausted,up
GBP5,1.32061315318675e-21,0.826403659643095,0.518,0.315,6.60438637908696e-18,GBP5,CD8_Exhausted,up
CXCL10,1.60332066218175e-21,1.30976886309128,0.295,0.132,8.01820663157095e-18,CXCL10,CD8_Exhausted,up
COL4A1,1.85618554552306e-21,-1.328371627,0.132,0.296,9.28278391316083e-18,COL4A1,CD8_Exhausted,down
MCTP2,2.80275941612729e-21,1.61988398426526,0.205,0.069,1.40165998400526e-17,MCTP2,CD8_Exhausted,up
MTAP,4.25205411708776e-21,1.95109850323499,0.158,0.04,2.12645226395559e-17,MTAP,CD8_Exhausted,up
NF2,1.12318290994768e-20,1.40386266268251,0.259,0.11,5.61703773264833e-17,NF2,CD8_Exhausted,up
AP2M1,1.26487292526264e-20,0.64873853932568,0.636,0.463,6.32562949923844e-17,AP2M1,CD8_Exhausted,up
GNAI2,1.55633549395451e-20,0.817629346062027,0.517,0.322,7.78323380526651e-17,GNAI2,CD8_Exhausted,up
SEMA4B,1.58485978155149e-20,1.78090177484744,0.191,0.063,7.92588376753901e-17,SEMA4B,CD8_Exhausted,up
FOXM1,2.56771299559165e-20,1.4663962902877,0.242,0.096,1.28411326909539e-16,FOXM1,CD8_Exhausted,up
PYGB,2.83641290433379e-20,1.07273827699757,0.408,0.233,1.41849009345733e-16,PYGB,CD8_Exhausted,up
TRIM27,4.26486614828156e-20,-1.660805639,0.082,0.222,2.13285956075561e-16,TRIM27,CD8_Exhausted,down
RTL8C,6.81246249788664e-20,1.51096380322423,0.195,0.066,3.40691249519311e-16,RTL8C,CD8_Exhausted,up
TUBB,8.91756368376094e-20,-0.545971028,0.769,0.812,4.45967359824885e-16,TUBB,CD8_Exhausted,down
CCL8,2.1882391616162e-19,2.42509331226795,0.134,0.032,1.09433840472426e-15,CCL8,CD8_Exhausted,up
CD209,5.07742358903048e-19,2.1382224591398,0.142,0.037,2.53921953687414e-15,CD209,CD8_Exhausted,up
DDR1,8.64037480349699e-19,-2.041624727,0.048,0.167,4.32105143922885e-15,DDR1,CD8_Exhausted,down
PROM2,8.83200121873019e-19,-3.001119711,0.015,0.108,4.41688380948697e-15,PROM2,CD8_Exhausted,down
TNFRSF21,1.31319309120934e-18,-1.61559858,0.086,0.22,6.56727864913788e-15,TNFRSF21,CD8_Exhausted,down
SERPINH1,1.39509638055888e-18,0.929115986940475,0.408,0.243,6.97687699917497e-15,SERPINH1,CD8_Exhausted,up
PIK3R1,1.93201814331949e-18,2.01341414444734,0.124,0.027,9.66202273474076e-15,PIK3R1,CD8_Exhausted,up
PRR13,4.25872903627466e-18,0.884520971807468,0.38,0.209,2.12979039104096e-14,PRR13,CD8_Exhausted,up
MUC1,1.33216738485023e-17,-2.02369695,0.034,0.138,6.66216909163599e-14,MUC1,CD8_Exhausted,down
PSMD3,1.85041615343009e-17,-1.154112837,0.203,0.352,9.2539311833039e-14,PSMD3,CD8_Exhausted,down
RAC1,2.68261422628947e-17,0.49959679367623,0.752,0.609,1.34157537456737e-13,RAC1,CD8_Exhausted,up
LGMN,3.00784450951869e-17,1.36186955829705,0.226,0.095,1.5042230392103e-13,LGMN,CD8_Exhausted,up
ITGA4,4.40954917298648e-17,1.08865499364837,0.258,0.116,2.20521554141054e-13,ITGA4,CD8_Exhausted,up
EIF5A,4.45697586869749e-17,0.69799872203166,0.501,0.324,2.22893363193562e-13,EIF5A,CD8_Exhausted,up
ANXA3,5.3072345077112e-17,-1.319578043,0.11,0.245,2.65414797730637e-13,ANXA3,CD8_Exhausted,down
BACE2,5.45820378249706e-17,2.17518591608126,0.123,0.031,2.72964771162678e-13,BACE2,CD8_Exhausted,up
DST,5.73027014393141e-17,1.12251711490806,0.253,0.115,2.8657080989801e-13,DST,CD8_Exhausted,up
TGFBR2,5.75131130570134e-17,0.818764594225396,0.38,0.212,2.87623078398124e-13,TGFBR2,CD8_Exhausted,up
TUBG1,5.99637977895834e-17,-1.988705962,0.036,0.139,2.99878952745707e-13,TUBG1,CD8_Exhausted,down
SLC2A4RG,7.28265005461344e-17,0.901686204131806,0.359,0.198,3.64205329231218e-13,SLC2A4RG,CD8_Exhausted,up
APMAP,9.88840406405109e-17,1.00922224488176,0.342,0.19,4.94519087243195e-13,APMAP,CD8_Exhausted,up
DAZAP2,1.07493065905751e-16,0.840855388186041,0.391,0.228,5.3757282259466e-13,DAZAP2,CD8_Exhausted,up
VDR,1.22561410365278e-16,-1.805094188,0.047,0.156,6.12929613236756e-13,VDR,CD8_Exhausted,down
FRMD6,1.25747904307099e-16,-2.002332333,0.05,0.159,6.28865269439801e-13,FRMD6,CD8_Exhausted,down
CAVIN3,1.26755528720399e-16,1.55525255480566,0.159,0.052,6.33904399130714e-13,CAVIN3,CD8_Exhausted,up
CTLA4,1.52053281695736e-16,-1.014319519,0.185,0.338,7.60418461760375e-13,CTLA4,CD8_Exhausted,down
CA12,2.06472901049677e-16,2.31964971801525,0.1,0.019,1.03257097814943e-12,CA12,CD8_Exhausted,up
MVP,2.16836934566071e-16,0.777805776083801,0.412,0.249,1.08440150976492e-12,MVP,CD8_Exhausted,up
IGFBP2,2.1890992607789e-16,1.91525988769351,0.118,0.029,1.09476854031553e-12,IGFBP2,CD8_Exhausted,up
SEC13,2.67413313375228e-16,1.00689732412177,0.276,0.134,1.33733398018952e-12,SEC13,CD8_Exhausted,up
MAP4,3.96462638523493e-16,0.786053814567391,0.378,0.217,1.98270965525599e-12,MAP4,CD8_Exhausted,up
ADAMDEC1,5.14468739570351e-16,-2.665593552,0.018,0.102,2.57285816659132e-12,ADAMDEC1,CD8_Exhausted,down
LAG3,6.52525442603298e-16,0.721573804677151,0.441,0.267,3.26327973845909e-12,LAG3,CD8_Exhausted,up
FCGR3A,7.08752940451663e-16,1.59747738269764,0.15,0.049,3.54447345519876e-12,FCGR3A,CD8_Exhausted,up
SOST,1.34493794798024e-15,-0.886613171,0.286,0.436,6.72603467784918e-12,SOST,CD8_Exhausted,down
HRAS,2.90862837702204e-15,1.66813530721128,0.134,0.041,1.45460505134872e-11,HRAS,CD8_Exhausted,up
PAIP2,3.51514091020789e-15,0.916038273389228,0.33,0.187,1.75792196919496e-11,PAIP2,CD8_Exhausted,up
TASOR,4.685683672473e-15,1.14833215647174,0.245,0.117,2.34331040460375e-11,TASOR,CD8_Exhausted,up
RBL2,5.01072388247468e-15,1.08204968011131,0.245,0.117,2.50586301362558e-11,RBL2,CD8_Exhausted,up
PTPRU,5.68209234715112e-15,-2.595112762,0.023,0.106,2.84161438281028e-11,PTPRU,CD8_Exhausted,down
RFTN1,7.14144831965863e-15,1.33622663135362,0.189,0.078,3.57143830466128e-11,RFTN1,CD8_Exhausted,up
GZMA,7.40409104415214e-15,0.521553919449887,0.483,0.304,3.70278593118049e-11,GZMA,CD8_Exhausted,up
CD2AP,8.76609045838866e-15,-1.35973196,0.103,0.223,4.38392183824017e-11,CD2AP,CD8_Exhausted,down
CXCL13,1.06317624196801e-14,-0.776501914,0.287,0.431,5.31694438608204e-11,CXCL13,CD8_Exhausted,down
GZMB,1.83635158985617e-14,-1.045606115,0.328,0.456,9.18359430087073e-11,GZMB,CD8_Exhausted,down
LY96,2.13084734803979e-14,1.23632349880039,0.168,0.064,1.0656367587547e-10,LY96,CD8_Exhausted,up
SH2D1A,3.28455682969207e-14,0.866012784448526,0.303,0.163,1.64260687052901e-10,SH2D1A,CD8_Exhausted,up
SLC7A5,3.30772051678298e-14,-1.573629383,0.077,0.185,1.65419103044317e-10,SLC7A5,CD8_Exhausted,down
MCM3,3.79472961715566e-14,-1.319653823,0.109,0.227,1.89774428153955e-10,MCM3,CD8_Exhausted,down
PTGES3,4.26279246610859e-14,0.603728445004721,0.588,0.436,2.13182251230091e-10,PTGES3,CD8_Exhausted,up
SLCO2B1,5.11602872150462e-14,1.40401645279189,0.177,0.072,2.55852596362446e-10,SLCO2B1,CD8_Exhausted,up
CD163,6.32188734388755e-14,1.45730757577929,0.138,0.046,3.16157586067817e-10,CD163,CD8_Exhausted,up
PSMD2,7.52451643246826e-14,-1.065175955,0.178,0.307,3.76301066787738e-10,PSMD2,CD8_Exhausted,down
CCAR2,8.10574439912932e-14,-1.501907878,0.078,0.185,4.05368277400457e-10,CCAR2,CD8_Exhausted,down
UBE2C,8.93013878109668e-14,1.44701630855736,0.176,0.074,4.46596240442645e-10,UBE2C,CD8_Exhausted,up
FCGR2A,9.63722686732358e-14,0.905467990320754,0.322,0.188,4.81957715634852e-10,FCGR2A,CD8_Exhausted,up
ALG11,1.04045739389708e-13,-1.707477954,0.065,0.166,5.20332742687929e-10,ALG11,CD8_Exhausted,down
CDK4,1.21730725357018e-13,1.24222164760882,0.179,0.074,6.08775357510449e-10,CDK4,CD8_Exhausted,up
ITGAL,1.27801845405129e-13,0.812842417030088,0.341,0.2,6.3913702887105e-10,ITGAL,CD8_Exhausted,up
LIPG,1.43170363431413e-13,1.82278729130081,0.107,0.03,7.15994987520495e-10,LIPG,CD8_Exhausted,up
CBX3,1.81364236690424e-13,0.733264940324867,0.437,0.289,9.07002547688812e-10,CBX3,CD8_Exhausted,up
TKT,2.12212885878182e-13,0.736862180434395,0.396,0.253,1.06127664227679e-09,TKT,CD8_Exhausted,up
MFGE8,2.47880639503452e-13,1.26933215124409,0.17,0.07,1.23965107815677e-09,MFGE8,CD8_Exhausted,up
PRKDC,2.49706972093786e-13,-1.101978119,0.176,0.302,1.24878456744103e-09,PRKDC,CD8_Exhausted,down
CREG1,2.70474367867052e-13,0.758827752974823,0.294,0.159,1.35264231370313e-09,CREG1,CD8_Exhausted,up
SKP1,3.54479825742396e-13,0.96120388345402,0.264,0.139,1.77275360853772e-09,SKP1,CD8_Exhausted,up
PROCR,3.61117213623615e-13,1.97610810909008,0.117,0.037,1.8059471853317e-09,PROCR,CD8_Exhausted,up
NAP1L4,4.27713358500248e-13,0.740339539519567,0.33,0.193,2.13899450585974e-09,NAP1L4,CD8_Exhausted,up
NUCB2,5.76983665567791e-13,1.11050735268018,0.215,0.105,2.88549531150452e-09,NUCB2,CD8_Exhausted,up
DKK3,5.91940112354505e-13,1.298933741,0.16,0.064,2.96029250188488e-09,DKK3,CD8_Exhausted,up
HPRT1,7.16623736545096e-13,1.41474485376402,0.147,0.056,3.58383530646203e-09,HPRT1,CD8_Exhausted,up
IL10RA,8.85895531432769e-13,1.00727945726634,0.224,0.11,4.43036355269528e-09,IL10RA,CD8_Exhausted,up
FCGR3B,9.17258138083195e-13,1.02525778235049,0.19,0.085,4.58720794855406e-09,FCGR3B,CD8_Exhausted,up
GLUD1,9.23887540047691e-13,0.911384105575309,0.3,0.171,4.6203615877785e-09,GLUD1,CD8_Exhausted,up
EHMT2,1.43190345631476e-12,-1.499067195,0.05,0.14,7.16094918503009e-09,EHMT2,CD8_Exhausted,down
ARF6,1.48568924217357e-12,0.678021700434338,0.42,0.277,7.42993190011e-09,ARF6,CD8_Exhausted,up
PTPRF,1.6150471008572e-12,-1.376419797,0.095,0.2,8.07685055138684e-09,PTPRF,CD8_Exhausted,down
ENG,1.79362788091624e-12,1.47258205250106,0.134,0.049,8.96993303246213e-09,ENG,CD8_Exhausted,up
PRRC2A,1.95651436453585e-12,-0.911583322,0.241,0.36,9.78452833704381e-09,PRRC2A,CD8_Exhausted,down
VDAC1,2.34826841347178e-12,0.920580947741778,0.276,0.155,1.17436903357724e-08,VDAC1,CD8_Exhausted,up
TSPAN3,2.94296204809129e-12,1.0168401585135,0.245,0.131,1.47177532025046e-08,TSPAN3,CD8_Exhausted,up
SPATS2L,2.98052954688295e-12,0.672566289378607,0.409,0.27,1.49056282639616e-08,SPATS2L,CD8_Exhausted,up
NUTF2,3.63522415906104e-12,0.853359324684685,0.276,0.154,1.81797560194643e-08,NUTF2,CD8_Exhausted,up
GART,4.45576105594204e-12,-1.477726076,0.093,0.193,2.22832610407662e-08,GART,CD8_Exhausted,down
CD68,4.72874443780333e-12,0.844545089787447,0.299,0.175,2.36484509334545e-08,CD68,CD8_Exhausted,up
GPBP1,5.74681696655573e-12,0.956029471247316,0.23,0.119,2.87398316497452e-08,GPBP1,CD8_Exhausted,up
XPO6,6.06767500524901e-12,0.9328177619228,0.211,0.103,3.03444427012503e-08,XPO6,CD8_Exhausted,up
IFI35,6.36966381133572e-12,-1.123677957,0.151,0.261,3.185468872049e-08,IFI35,CD8_Exhausted,down
GPR174,6.77159870077399e-12,0.851116408671564,0.27,0.149,3.38647651025707e-08,GPR174,CD8_Exhausted,up
TOP2A,7.04307282763278e-12,-1.320440258,0.122,0.227,3.52224072109915e-08,TOP2A,CD8_Exhausted,down
RNF187,7.84835025233534e-12,0.668287150375241,0.33,0.201,3.9249599611929e-08,RNF187,CD8_Exhausted,up
HECA,8.16550375805793e-12,0.869573369434832,0.279,0.159,4.08356842940477e-08,HECA,CD8_Exhausted,up
PLP2,8.42721665022082e-12,-0.828358456,0.306,0.422,4.21445104677543e-08,PLP2,CD8_Exhausted,down
EID1,9.08194047587894e-12,1.10375353101541,0.216,0.11,4.54187843198706e-08,EID1,CD8_Exhausted,up
STMN3,9.55290621410224e-12,1.25517768256383,0.125,0.045,4.77740839767253e-08,STMN3,CD8_Exhausted,up
EIF4A3,9.60911156496645e-12,-1.14575469,0.114,0.221,4.80551669363972e-08,EIF4A3,CD8_Exhausted,down
TGFB1I1,1.17614046254339e-11,1.2587302108372,0.111,0.037,5.88187845317949e-08,TGFB1I1,CD8_Exhausted,up
TMEM14C,1.20811789253995e-11,-0.943027807,0.25,0.367,6.04179758059229e-08,TMEM14C,CD8_Exhausted,down
TNFRSF12A,1.43060139234538e-11,1.3990015217254,0.142,0.058,7.15443756311923e-08,TNFRSF12A,CD8_Exhausted,up
CDC27,1.45167843477936e-11,-1.170584819,0.114,0.218,7.25984385233159e-08,CDC27,CD8_Exhausted,down
CSNK1A1,1.49318790834248e-11,0.805550563773782,0.313,0.189,7.46743272962072e-08,CSNK1A1,CD8_Exhausted,up
CDKN1A,1.56841595202484e-11,-0.883099374,0.324,0.426,7.84364817607624e-08,CDKN1A,CD8_Exhausted,down
NEPRO,1.64145359915698e-11,1.25329480553406,0.142,0.057,8.20890944938405e-08,NEPRO,CD8_Exhausted,up
SDHA,1.7540543895256e-11,-0.897132797,0.249,0.365,8.77202600201753e-08,SDHA,CD8_Exhausted,down
VEGFB,1.84514409157698e-11,0.817836430331761,0.293,0.173,9.22756560197646e-08,VEGFB,CD8_Exhausted,up
PTK2B,1.89219653314928e-11,-1.091339605,0.126,0.234,9.46287486227953e-08,PTK2B,CD8_Exhausted,down
IKZF1,2.45699057141215e-11,0.79025320810674,0.278,0.159,1.22874098476322e-07,IKZF1,CD8_Exhausted,up
CD8B,2.6019020968002e-11,1.18335221261143,0.168,0.076,1.30121123860978e-07,CD8B,CD8_Exhausted,up
ADAM9,2.71393681293575e-11,0.56632917666462,0.414,0.28,1.35723980014917e-07,ADAM9,CD8_Exhausted,up
UBE2D2,3.1361481217218e-11,1.02932130081376,0.229,0.124,1.56838767567307e-07,UBE2D2,CD8_Exhausted,up
TNFRSF9,3.1757199688926e-11,0.529191138969004,0.372,0.231,1.58817755644319e-07,TNFRSF9,CD8_Exhausted,up
TMEM173,3.23706705473868e-11,1.0634824306246,0.194,0.095,1.61885723407481e-07,TMEM173,CD8_Exhausted,up
IL2RG,5.12610686697914e-11,0.576972954993114,0.483,0.347,2.56356604417627e-07,IL2RG,CD8_Exhausted,up
STAT3,5.79908312477921e-11,-0.953911557,0.211,0.323,2.90012147070208e-07,STAT3,CD8_Exhausted,down
GXYLT2,5.9045676004242e-11,1.51438237792454,0.1,0.032,2.95287425697214e-07,GXYLT2,CD8_Exhausted,up
YES1,6.38585053135716e-11,-1.1611826,0.149,0.252,3.19356385073172e-07,YES1,CD8_Exhausted,down
VDAC2,7.49736108394223e-11,0.819710574656173,0.279,0.164,3.74943027807951e-07,VDAC2,CD8_Exhausted,up
CDC42,8.2197467737784e-11,0.589082721955241,0.464,0.33,4.11069536156658e-07,CDC42,CD8_Exhausted,up
MAPRE2,9.0635325210664e-11,0.977864868520601,0.194,0.096,4.53267261378531e-07,MAPRE2,CD8_Exhausted,up
TAP2,9.25743288642059e-11,-0.812465474,0.281,0.391,4.62964218649894e-07,TAP2,CD8_Exhausted,down
LYN,1.02440097644391e-10,1.29050406131743,0.154,0.069,5.12302928319599e-07,LYN,CD8_Exhausted,up
UBAP2L,1.02724108999582e-10,0.822063215263991,0.26,0.151,5.13723269106909e-07,UBAP2L,CD8_Exhausted,up
ITPR3,1.08020801362034e-10,-1.09845735,0.131,0.232,5.40212027611533e-07,ITPR3,CD8_Exhausted,down
GNS,1.42179088210185e-10,0.70705847050588,0.287,0.17,7.11037620139136e-07,GNS,CD8_Exhausted,up
ITGA6,1.44506005607168e-10,-0.841989768,0.266,0.382,7.22674534041449e-07,ITGA6,CD8_Exhausted,down
NDRG1,1.46016207029315e-10,1.21823594509437,0.186,0.093,7.30227051353605e-07,NDRG1,CD8_Exhausted,up
ITM2A,1.56286275525873e-10,1.01033350592533,0.226,0.124,7.8158766390489e-07,ITM2A,CD8_Exhausted,up
KHDRBS1,1.59153555878485e-10,0.597225374391118,0.348,0.22,7.95926932948303e-07,KHDRBS1,CD8_Exhausted,up
CCNB1,1.72963925435244e-10,1.1854997262548,0.17,0.082,8.64992591101654e-07,CCNB1,CD8_Exhausted,up
CDC6,1.79798599492898e-10,-1.780180853,0.036,0.108,8.99172796063984e-07,CDC6,CD8_Exhausted,down
BLVRA,2.2955611113416e-10,0.871813661300005,0.192,0.095,1.14801011178194e-06,BLVRA,CD8_Exhausted,up
IL18,2.33042302394134e-10,1.49430330990825,0.108,0.039,1.16544455427306e-06,IL18,CD8_Exhausted,up
SDC3,2.64897433954755e-10,1.27767240529431,0.151,0.069,1.32475206720773e-06,SDC3,CD8_Exhausted,up
RARA,3.00820156103288e-10,-1.311586236,0.068,0.153,1.50440160067254e-06,RARA,CD8_Exhausted,down
IL6ST,5.15129566127517e-10,0.617340519047793,0.371,0.247,2.57616296020371e-06,IL6ST,CD8_Exhausted,up
PHB2,5.3833821694142e-10,0.734114051695518,0.31,0.194,2.69222942292404e-06,PHB2,CD8_Exhausted,up
CD38,5.84090379285038e-10,0.739313406358439,0.266,0.159,2.92103598680448e-06,CD38,CD8_Exhausted,up
LTBR,6.40711516801837e-10,1.06205974194966,0.143,0.063,3.20419829552599e-06,LTBR,CD8_Exhausted,up
PGK1,6.8812974895346e-10,-0.835980431,0.266,0.367,3.44133687451626e-06,PGK1,CD8_Exhausted,down
PSMA6,7.31439323863647e-10,0.63064339993213,0.377,0.251,3.6579280586421e-06,PSMA6,CD8_Exhausted,up
RBBP4,8.3734295666141e-10,-0.781549087,0.261,0.367,4.18755212626371e-06,RBBP4,CD8_Exhausted,down
LAMB3,8.94509822421698e-10,-1.050123732,0.169,0.268,4.47344362193091e-06,LAMB3,CD8_Exhausted,down
MAPKAPK2,1.20644449437752e-09,0.585023223007671,0.38,0.256,6.03342891638197e-06,MAPKAPK2,CD8_Exhausted,up
CALM3,1.24056233522892e-09,0.536046198345468,0.408,0.277,6.20405223847983e-06,CALM3,CD8_Exhausted,up
TIPARP,1.40955567909597e-09,1.03391992103527,0.147,0.067,7.04918795115896e-06,TIPARP,CD8_Exhausted,up
EOMES,1.55168365266633e-09,0.880958355818702,0.134,0.057,7.7599699469843e-06,EOMES,CD8_Exhausted,up
CRTAM,1.55925510837689e-09,1.41160101823205,0.11,0.042,7.79783479699283e-06,CRTAM,CD8_Exhausted,up
PICALM,1.65346151209506e-09,0.610354641371692,0.316,0.2,8.26896102198739e-06,PICALM,CD8_Exhausted,up
CD14,2.28370761817694e-09,0.841907289175245,0.229,0.132,1.14208217985029e-05,CD14,CD8_Exhausted,up
IFI16,2.508902059654e-09,0.558118342060134,0.346,0.228,1.25470192003296e-05,IFI16,CD8_Exhausted,up
PVR,2.66352942561339e-09,1.01108003530829,0.18,0.095,1.33203106574925e-05,PVR,CD8_Exhausted,up
SLC25A39,2.75117515452718e-09,-0.919049473,0.138,0.236,1.37586269477904e-05,SLC25A39,CD8_Exhausted,down
GCH1,2.83101183714351e-09,0.684219898979592,0.253,0.15,1.41578901975547e-05,GCH1,CD8_Exhausted,up
BATF,2.96897271186278e-09,0.79088123309997,0.229,0.13,1.48478325320257e-05,BATF,CD8_Exhausted,up
MDM2,3.03644846266596e-09,0.764432445142082,0.231,0.134,1.51852787617925e-05,MDM2,CD8_Exhausted,up
CSRP1,3.09334259401119e-09,0.755232234812744,0.193,0.103,1.546980631265e-05,CSRP1,CD8_Exhausted,up
ICAM1,3.27094979741698e-09,1.08691806821429,0.177,0.091,1.63580199368823e-05,ICAM1,CD8_Exhausted,up
HMGN3,3.75898460915122e-09,1.22509894370496,0.125,0.055,1.87986820303653e-05,HMGN3,CD8_Exhausted,up
HNRNPA1L2,4.00531900210085e-09,0.329386636608164,0.716,0.607,2.00306003295064e-05,HNRNPA1L2,CD8_Exhausted,up
PTGER4,4.49333671747442e-09,0.830708123412603,0.154,0.074,2.24711769240896e-05,PTGER4,CD8_Exhausted,up
LAMP2,4.57989063133482e-09,0.904811072631338,0.203,0.113,2.29040330473054e-05,LAMP2,CD8_Exhausted,up
SMC1A,4.63033528419107e-09,-0.889321066,0.168,0.265,2.31563067562395e-05,SMC1A,CD8_Exhausted,down
DDX39B,4.89953891966587e-09,-0.722693154,0.339,0.435,2.4502594137249e-05,DDX39B,CD8_Exhausted,down
RETREG3,5.86399738369927e-09,-1.299972169,0.066,0.142,2.932585091588e-05,RETREG3,CD8_Exhausted,down
AP2A2,5.97875411499245e-09,1.27342100560586,0.125,0.056,2.98997493290772e-05,AP2A2,CD8_Exhausted,up
NRP1,7.80930573518294e-09,0.841557671811652,0.177,0.092,3.90543379816499e-05,NRP1,CD8_Exhausted,up
ELK3,7.869857457029e-09,0.846492992570629,0.18,0.096,3.9357157142602e-05,ELK3,CD8_Exhausted,up
KLRG1,7.93274160505934e-09,1.13446552708109,0.125,0.055,3.96716407669017e-05,KLRG1,CD8_Exhausted,up
SMARCA2,8.21359437775628e-09,0.627777335706529,0.247,0.146,4.10761854831592e-05,SMARCA2,CD8_Exhausted,up
SLC9A3R2,8.24857967124946e-09,0.750889400014059,0.26,0.163,4.12511469359185e-05,SLC9A3R2,CD8_Exhausted,up
SFPQ,8.88126714562678e-09,0.55699829793747,0.378,0.265,4.44152169952795e-05,SFPQ,CD8_Exhausted,up
TGFB2,9.80345296657235e-09,1.21959223731014,0.145,0.071,4.90270682858284e-05,TGFB2,CD8_Exhausted,up
KIAA1191,1.01514392357555e-08,0.881734823945673,0.164,0.083,5.07673476180134e-05,KIAA1191,CD8_Exhausted,up
CFH,1.05838239148137e-08,1.09636758720105,0.134,0.062,5.29297033979835e-05,CFH,CD8_Exhausted,up
ADA,1.06143235723236e-08,1.18321265246222,0.101,0.039,5.30822321851903e-05,ADA,CD8_Exhausted,up
TAP1,1.15501731967781e-08,-0.589243532,0.476,0.552,5.77624161570871e-05,TAP1,CD8_Exhausted,down
PSME3,1.16495721094237e-08,-0.800472857,0.222,0.315,5.8259510119228e-05,PSME3,CD8_Exhausted,down
LAMC1,1.19926023933217e-08,0.976373355665454,0.168,0.087,5.99750045690019e-05,LAMC1,CD8_Exhausted,up
SGK1,1.20885823658926e-08,-1.54103152,0.056,0.125,6.04550004118289e-05,SGK1,CD8_Exhausted,down
PTPN6,1.24956515124651e-08,0.893549382502505,0.168,0.086,6.2490753213838e-05,PTPN6,CD8_Exhausted,up
OAS3,1.26273411981573e-08,-0.890674977,0.181,0.274,6.31493333319849e-05,OAS3,CD8_Exhausted,down
FLII,1.30052128161899e-08,-0.798326472,0.275,0.364,6.50390692937659e-05,FLII,CD8_Exhausted,down
PAM,1.3789134518403e-08,1.04015845667748,0.152,0.076,6.89594617265332e-05,PAM,CD8_Exhausted,up
CSNK2B,1.65463479286643e-08,-0.624826724,0.345,0.434,8.27482859912499e-05,CSNK2B,CD8_Exhausted,down
MICAL2,1.68345717359689e-08,0.755113636860499,0.253,0.158,8.41896932515806e-05,MICAL2,CD8_Exhausted,up
NCOR2,1.90629780138477e-08,0.563984301186601,0.395,0.282,9.53339530472525e-05,NCOR2,CD8_Exhausted,up
KLRK1,1.91851230121891e-08,0.511101231935417,0.318,0.207,9.59448001839577e-05,KLRK1,CD8_Exhausted,up
EIF4G1,2.16127299700366e-08,0.558455767214113,0.437,0.328,0.000108085262580153,EIF4G1,CD8_Exhausted,up
UBE2L3,2.31194861310396e-08,0.905942204323835,0.183,0.1,0.000115620550141329,UBE2L3,CD8_Exhausted,up
PXN,2.34847761674489e-08,-1.026176808,0.117,0.202,0.000117447365613412,PXN,CD8_Exhausted,down
KIF2A,2.456034194897e-08,0.839526464893873,0.178,0.096,0.000122826270086799,KIF2A,CD8_Exhausted,up
ARRB2,2.50777106103452e-08,0.547911263843776,0.285,0.181,0.000125413630762336,ARRB2,CD8_Exhausted,up
CXCR3,2.58277733277759e-08,1.00624868687003,0.13,0.061,0.000129164694412207,CXCR3,CD8_Exhausted,up
IFIT3,2.88450217221649e-08,-0.989622952,0.179,0.269,0.000144253953632547,IFIT3,CD8_Exhausted,down
ADGRE5,2.89687640340456e-08,0.448303258314706,0.468,0.345,0.000144872788934262,ADGRE5,CD8_Exhausted,up
PARK7,2.90632682718679e-08,0.448052065406594,0.48,0.36,0.000145345404627611,PARK7,CD8_Exhausted,up
NDUFAB1,3.18086356574962e-08,1.03040731733707,0.116,0.051,0.000159074986923139,NDUFAB1,CD8_Exhausted,up
F2RL1,3.29005752409621e-08,1.11723691175923,0.127,0.06,0.000164535776780051,F2RL1,CD8_Exhausted,up
PHF10,3.29868744316823e-08,-0.949349974,0.092,0.173,0.000164967359032843,PHF10,CD8_Exhausted,down
STAU1,3.52118808512401e-08,0.550527032453163,0.315,0.209,0.000176094616137052,STAU1,CD8_Exhausted,up
GLIPR2,3.80081722130181e-08,0.784605610303382,0.17,0.09,0.000190078869237304,GLIPR2,CD8_Exhausted,up
ECE1,3.9406797272819e-08,0.653317144745264,0.223,0.132,0.000197073393161368,ECE1,CD8_Exhausted,up
SIRPG,4.47144758572777e-08,0.913632112813469,0.174,0.095,0.000223617093762246,SIRPG,CD8_Exhausted,up
CCDC50,4.59789959526047e-08,0.64912181987295,0.262,0.166,0.000229940958758976,CCDC50,CD8_Exhausted,up
ABCG1,5.35094457696298e-08,1.11936196303223,0.107,0.046,0.000267600738293919,ABCG1,CD8_Exhausted,up
ELK4,5.47283930729943e-08,0.722950126167344,0.19,0.107,0.000273696693758045,ELK4,CD8_Exhausted,up
ABCA1,6.42750533178296e-08,0.995108022240135,0.153,0.08,0.000321439541642466,ABCA1,CD8_Exhausted,up
IDH2,6.52105803775447e-08,0.82895430636774,0.21,0.125,0.000326118112468101,IDH2,CD8_Exhausted,up
CD55,7.53231908406902e-08,0.988994899716929,0.132,0.065,0.000376691277394292,CD55,CD8_Exhausted,up
CD247,7.56967206367529e-08,0.543239300980266,0.272,0.173,0.000378559299904401,CD247,CD8_Exhausted,up
KDM1A,7.82388745334164e-08,-0.9383182,0.142,0.227,0.000391272611541615,KDM1A,CD8_Exhausted,down
LARP4,8.02346762026928e-08,0.858956556739825,0.156,0.082,0.000401253615689667,LARP4,CD8_Exhausted,up
HAVCR2,8.4074568195596e-08,0.551023087876483,0.243,0.15,0.000420456915546175,HAVCR2,CD8_Exhausted,up
ZNF451,8.45310130194522e-08,-1.076146965,0.081,0.154,0.000422739596110281,ZNF451,CD8_Exhausted,down
APOBEC3C,9.24991194105755e-08,0.439472300457401,0.344,0.234,0.000462588096172288,APOBEC3C,CD8_Exhausted,up
DSG2,1.00531677850295e-07,0.700167721746659,0.247,0.156,0.000502758920929326,DSG2,CD8_Exhausted,up
PRKACB,1.53746930842228e-07,0.801098938564146,0.175,0.097,0.000768888401141985,PRKACB,CD8_Exhausted,up
SULF1,1.59688560443508e-07,1.01013588309989,0.189,0.11,0.000798602490777983,SULF1,CD8_Exhausted,up
CD151,1.74938350174681e-07,0.715657157314727,0.19,0.11,0.000874866689223582,CD151,CD8_Exhausted,up
TMEM109,1.76016112851826e-07,-0.963353663,0.115,0.193,0.000880256580371983,TMEM109,CD8_Exhausted,down
SMARCE1,1.83903907421813e-07,-0.71062276,0.248,0.334,0.000919703441016489,SMARCE1,CD8_Exhausted,down
MAP1LC3B,2.00532322817516e-07,0.665041265042309,0.252,0.163,0.0010028621464104,MAP1LC3B,CD8_Exhausted,up
CD3G,2.08549236390247e-07,0.794608924720729,0.192,0.113,0.00104295473118762,CD3G,CD8_Exhausted,up
CDV3,2.49573317291708e-07,0.463865197250418,0.4,0.294,0.00124811615977583,CDV3,CD8_Exhausted,up
SNHG15,2.59089042401843e-07,-0.802542749,0.157,0.24,0.00129570430105161,SNHG15,CD8_Exhausted,down
CTSC,2.65040422652271e-07,0.355416217851679,0.465,0.347,0.00132546715368401,CTSC,CD8_Exhausted,up
GADD45A,2.65542987503208e-07,0.651525293761433,0.196,0.116,0.00132798048050355,GADD45A,CD8_Exhausted,up
DDX21,2.70032832121047e-07,0.789483484568978,0.138,0.071,0.00135043419343735,DDX21,CD8_Exhausted,up
THEMIS,2.74953851369714e-07,0.994763362504801,0.114,0.054,0.00137504421069994,THEMIS,CD8_Exhausted,up
EMC1,2.76926024599868e-07,0.730628077136662,0.161,0.088,0.00138490704902394,EMC1,CD8_Exhausted,up
HSPA8,2.89933125681203e-07,0.271820202418902,0.79,0.716,0.0014499555615317,HSPA8,CD8_Exhausted,up
RAB27A,2.97706007386594e-07,0.675494250766763,0.192,0.112,0.00148882774294036,RAB27A,CD8_Exhausted,up
RASSF3,3.0539927207186e-07,0.558167020530585,0.25,0.161,0.00152730175963137,RASSF3,CD8_Exhausted,up
HSPA9,3.08735074525141e-07,0.408905116743782,0.381,0.269,0.00154398410770023,HSPA9,CD8_Exhausted,up
PPP4R1,3.11052105730998e-07,-0.834503099,0.134,0.214,0.00155557158076072,PPP4R1,CD8_Exhausted,down
BIRC2,3.59126825708809e-07,-0.659697341,0.205,0.295,0.00179599325536975,BIRC2,CD8_Exhausted,down
MALL,3.77264330976784e-07,0.543465760060652,0.3,0.203,0.0018866989192149,MALL,CD8_Exhausted,up
MAP1LC3A,3.91861434553709e-07,1.12919251933675,0.104,0.047,0.0019596990342031,MAP1LC3A,CD8_Exhausted,up
CXCL16,3.94057923094375e-07,-1.001988584,0.107,0.182,0.00197068367339497,CXCL16,CD8_Exhausted,down
SLAMF6,4.11101819052061e-07,1.03686551260457,0.142,0.076,0.00205592019707936,SLAMF6,CD8_Exhausted,up
KAT2B,4.15943868922513e-07,0.958533548167046,0.11,0.051,0.00208013528848149,KAT2B,CD8_Exhausted,up
TGFB3,4.16273430678614e-07,1.33474517965149,0.11,0.052,0.00208178342682375,TGFB3,CD8_Exhausted,up
ANKRD13A,4.17619684818591e-07,0.659337959826547,0.221,0.136,0.00208851604377777,ANKRD13A,CD8_Exhausted,up
TMBIM4,4.19339463374598e-07,0.786597314029256,0.167,0.095,0.00209711665633637,TMBIM4,CD8_Exhausted,up
PRMT1,4.19817790505843e-07,0.709685779755636,0.203,0.123,0.00209950877031972,PRMT1,CD8_Exhausted,up
NIPSNAP1,4.23065506701533e-07,0.818177199428173,0.193,0.117,0.00211575059901437,NIPSNAP1,CD8_Exhausted,up
TK1,4.58842371943841e-07,-0.894046153,0.174,0.252,0.00229467070209115,TK1,CD8_Exhausted,down
GSS,4.64769823762526e-07,-1.195153227,0.082,0.149,0.00232431388863639,GSS,CD8_Exhausted,down
MITD1,5.01732036125435e-07,0.640609174090708,0.159,0.087,0.0025091619126633,MITD1,CD8_Exhausted,up
ZMIZ2,5.11954428681548e-07,-0.871954335,0.124,0.202,0.00256028409783642,ZMIZ2,CD8_Exhausted,down
PANX1,5.13343528473065e-07,-1.29200688,0.044,0.1,0.0025672309858938,PANX1,CD8_Exhausted,down
AP1S3,5.28581981570726e-07,0.908135583044937,0.114,0.055,0.0026434384898352,AP1S3,CD8_Exhausted,up
SLC2A3,5.41103231857114e-07,0.715784946573614,0.186,0.11,0.00270605726251742,SLC2A3,CD8_Exhausted,up
ARRDC3,5.42790407601695e-07,0.862943077612789,0.114,0.055,0.00271449482841608,ARRDC3,CD8_Exhausted,up
BCL2L1,5.70201486008493e-07,-0.62060205,0.283,0.364,0.00285157763152847,BCL2L1,CD8_Exhausted,down
MAD2L1,6.00786757550777e-07,-0.999067685,0.107,0.179,0.00300453457451143,MAD2L1,CD8_Exhausted,down
MAN1A1,6.07822381344078e-07,0.625199380110045,0.196,0.118,0.00303971972910174,MAN1A1,CD8_Exhausted,up
RAB7A,6.0991512622119e-07,0.402146754572088,0.357,0.255,0.00305018554623217,RAB7A,CD8_Exhausted,up
ETV6,6.11523171217974e-07,0.995149208488812,0.135,0.071,0.00305822737926109,ETV6,CD8_Exhausted,up
AOAH,6.22082806816626e-07,0.854494014295067,0.125,0.063,0.00311103611688995,AOAH,CD8_Exhausted,up
CDKN1B,6.24103661214982e-07,0.477409180413996,0.361,0.253,0.00312114240973612,CDKN1B,CD8_Exhausted,up
MRC1,6.48357676745356e-07,0.622805671596422,0.214,0.134,0.00324243674140353,MRC1,CD8_Exhausted,up
TNK2,6.51035463331635e-07,-1.171896631,0.06,0.121,0.0032558283521215,TNK2,CD8_Exhausted,down
IMPDH2,7.35348010144849e-07,0.588943367302272,0.232,0.148,0.00367747539873439,IMPDH2,CD8_Exhausted,up
TFE3,7.40268243282894e-07,0.507226531155289,0.183,0.106,0.00370208148465775,TFE3,CD8_Exhausted,up
SEMA7A,7.83783261237135e-07,0.904532459144425,0.145,0.079,0.00391970008944691,SEMA7A,CD8_Exhausted,up
SPHK1,8.38107762873261e-07,-1.146014618,0.074,0.138,0.00419137692212918,SPHK1,CD8_Exhausted,down
CYBA,8.9280742079731e-07,0.653044733937608,0.263,0.176,0.00446492991140735,CYBA,CD8_Exhausted,up
PAWR,9.05929292511098e-07,-1.465630412,0.055,0.112,0.004530552391848,PAWR,CD8_Exhausted,down
CANX,9.33703630934176e-07,0.424329204873141,0.4,0.295,0.00466945185830181,CANX,CD8_Exhausted,up
RASSF4,9.34855592303775e-07,1.16242776663387,0.101,0.046,0.00467521281711118,RASSF4,CD8_Exhausted,up
RRM2,9.68993059856587e-07,-0.943086484,0.113,0.185,0.00484593429234279,RRM2,CD8_Exhausted,down
EVI2B,9.76082385848173e-07,0.923854255434666,0.133,0.07,0.00488138801162671,EVI2B,CD8_Exhausted,up
RBX1,1.02068289661383e-06,0.876475609169532,0.115,0.057,0.00510443516596576,RBX1,CD8_Exhausted,up
PTPRJ,1.04183286784921e-06,0.788375708211623,0.158,0.089,0.00521020617211392,PTPRJ,CD8_Exhausted,up
MELTF,1.06808931629646e-06,0.83422954190963,0.154,0.086,0.00534151467079861,MELTF,CD8_Exhausted,up
IKZF3,1.2216916791904e-06,0.551622662875063,0.296,0.207,0.00610968008763118,IKZF3,CD8_Exhausted,up
CDH1,1.23007201144253e-06,-0.847758753,0.047,0.103,0.00615159012922411,CDH1,CD8_Exhausted,down
CORO1C,1.27082692162146e-06,0.421984596012065,0.267,0.174,0.00635540543502891,CORO1C,CD8_Exhausted,up
CDK16,1.3037094414699e-06,0.576020011129216,0.219,0.139,0.00651985091679097,CDK16,CD8_Exhausted,up
RANGAP1,1.56328700611163e-06,-0.862787196,0.137,0.21,0.00781799831756428,RANGAP1,CD8_Exhausted,down
MCM4,1.57002342382914e-06,-0.783298053,0.179,0.255,0.00785168714256954,MCM4,CD8_Exhausted,down
EIF4E,1.83425253178402e-06,0.656950458261967,0.223,0.144,0.00917309691145191,EIF4E,CD8_Exhausted,up
ERAP1,1.90793741477751e-06,0.453204259930004,0.291,0.201,0.00954159501130234,ERAP1,CD8_Exhausted,up
CASP3,1.9805036640936e-06,0.554891640388191,0.235,0.153,0.0099044988241321,CASP3,CD8_Exhausted,up
SLC5A3,2.10381478812493e-06,-1.260341156,0.09,0.153,0.0105211777554128,SLC5A3,CD8_Exhausted,stable
ALDH2,2.13770269039359e-06,-1.1642778,0.091,0.154,0.0106906511546584,ALDH2,CD8_Exhausted,stable
HMGB3,2.3040908513721e-06,-1.043161194,0.113,0.18,0.0115227583477119,HMGB3,CD8_Exhausted,stable
YY1AP1,2.42886046534585e-06,0.890796032370768,0.149,0.085,0.0121467311871946,YY1AP1,CD8_Exhausted,stable
CD82,2.4413169173697e-06,0.467972982453136,0.315,0.226,0.0122090259037659,CD82,CD8_Exhausted,stable
PLXNB2,2.44854126206458e-06,-0.653399653,0.262,0.334,0.012245154851585,PLXNB2,CD8_Exhausted,stable
CAPN1,2.45502102701292e-06,-1.276379398,0.052,0.107,0.0122775601560916,CAPN1,CD8_Exhausted,stable
PAK1IP1,2.49576983682112e-06,-1.344819544,0.049,0.102,0.0124813449539424,PAK1IP1,CD8_Exhausted,stable
POLR2G,2.53098470512656e-06,-0.686993513,0.17,0.248,0.0126574545103379,POLR2G,CD8_Exhausted,stable
BTAF1,2.79285440563086e-06,-1.108894151,0.086,0.148,0.0139670648825599,BTAF1,CD8_Exhausted,stable
EWSR1,2.89354776253562e-06,0.362108916309524,0.474,0.371,0.0144706323604406,EWSR1,CD8_Exhausted,stable
NRAS,3.04215159774228e-06,-0.757394132,0.143,0.216,0.0152138001403092,NRAS,CD8_Exhausted,stable
SEMA4D,3.2074915013571e-06,-0.685103046,0.268,0.341,0.0160406649982868,SEMA4D,CD8_Exhausted,stable
IPO7,3.28743640572785e-06,0.512146468518017,0.314,0.223,0.016440469465045,IPO7,CD8_Exhausted,stable
HNRNPH1,3.32967284387654e-06,0.267668809885174,0.641,0.535,0.0166516938922266,HNRNPH1,CD8_Exhausted,stable
EIF3C,3.37135623953467e-06,0.385375675632364,0.497,0.4,0.0168601525539129,EIF3C,CD8_Exhausted,stable
ACTN4,3.41819228381858e-06,0.372832357678961,0.436,0.335,0.0170943796113767,ACTN4,CD8_Exhausted,stable
TDRD3,3.51796380947577e-06,0.809477076224852,0.132,0.072,0.0175933370111883,TDRD3,CD8_Exhausted,stable
GLB1,3.52933464059787e-06,0.66053192365112,0.183,0.112,0.0176502025376299,GLB1,CD8_Exhausted,stable
P4HA1,3.54100479831793e-06,0.662782218442688,0.199,0.125,0.0177085649963879,P4HA1,CD8_Exhausted,stable
USP38,3.71705715876829e-06,0.804277995670647,0.118,0.062,0.0185890028510002,USP38,CD8_Exhausted,stable
MCM5,3.90190298002053e-06,-0.936103112,0.109,0.177,0.0195134168030827,MCM5,CD8_Exhausted,stable
SMARCA5,3.96116585124796e-06,0.492609912914159,0.289,0.204,0.0198097904220911,SMARCA5,CD8_Exhausted,stable
TRIP13,4.116553789828e-06,-0.969802553,0.05,0.104,0.0205868855029298,TRIP13,CD8_Exhausted,stable
PSMD1,4.39686091228868e-06,0.720779072503466,0.168,0.101,0.0219887014223557,PSMD1,CD8_Exhausted,stable
HNRNPD,4.53016839976075e-06,0.286799261246115,0.62,0.519,0.0226553721672035,HNRNPD,CD8_Exhausted,stable
COASY,4.77314828248453e-06,-1.002129059,0.087,0.149,0.0238705145607051,COASY,CD8_Exhausted,stable
FUT8,4.77909848770139e-06,0.585262912646116,0.209,0.136,0.0239002715369946,FUT8,CD8_Exhausted,stable
C1QTNF6,4.97017313371975e-06,-0.969456445,0.055,0.11,0.0248558358417325,C1QTNF6,CD8_Exhausted,stable
NT5DC2,5.15369224499685e-06,0.80991785299435,0.158,0.094,0.0257736149172292,NT5DC2,CD8_Exhausted,stable
JAG1,5.19782684672493e-06,-0.792793055,0.134,0.205,0.0259943320604714,JAG1,CD8_Exhausted,stable
PYCARD,5.21930865218658e-06,0.872059137876461,0.105,0.052,0.0261017625695851,PYCARD,CD8_Exhausted,stable
NINJ1,5.36890975090974e-06,0.732394354083777,0.139,0.079,0.0268499176642996,NINJ1,CD8_Exhausted,stable
KHSRP,5.47172022008954e-06,-0.739548818,0.147,0.219,0.0273640728206678,KHSRP,CD8_Exhausted,stable
KCTD20,5.61950883787865e-06,-0.984815414,0.068,0.125,0.0281031636982311,KCTD20,CD8_Exhausted,stable
CBX1,5.73166225821238e-06,-0.740400567,0.159,0.232,0.0286640429533201,CBX1,CD8_Exhausted,stable
TUBB3,5.89598077072769e-06,0.913892423179872,0.128,0.071,0.0294857998344092,TUBB3,CD8_Exhausted,stable
MCM7,6.00635225849092e-06,-0.826850043,0.121,0.189,0.0300377676447131,MCM7,CD8_Exhausted,stable
RPN1,6.08000723303447e-06,0.407019227943926,0.392,0.294,0.0304061161724054,RPN1,CD8_Exhausted,stable
PABPC4,6.08874359172886e-06,-0.900771487,0.167,0.233,0.030449806702236,PABPC4,CD8_Exhausted,stable
YWHAZ,6.26109375911288e-06,-0.2911404,0.779,0.76,0.0313117298893235,YWHAZ,CD8_Exhausted,stable
WWP1,6.9997549869486e-06,0.741431139443999,0.165,0.101,0.0350057746897299,WWP1,CD8_Exhausted,stable
SNHG1,7.0034807852162e-06,-0.850930163,0.083,0.144,0.0350244074068662,SNHG1,CD8_Exhausted,stable
PPP3CA,7.33924030771195e-06,-1.105200108,0.078,0.136,0.0367035407788675,PPP3CA,CD8_Exhausted,stable
GMFB,7.49664815214838e-06,0.518907369062592,0.209,0.134,0.0374907374088941,GMFB,CD8_Exhausted,stable
CNOT1,7.79270170671715e-06,0.534589096164722,0.254,0.173,0.0389713012352925,CNOT1,CD8_Exhausted,stable
SLFN5,7.80876708594866e-06,-0.73193781,0.144,0.215,0.0390516441968293,SLFN5,CD8_Exhausted,stable
YAP1,7.83910354740108e-06,-0.810949603,0.142,0.21,0.0392033568405528,YAP1,CD8_Exhausted,stable
MAX,7.92576808977204e-06,0.402703812608773,0.224,0.146,0.03963676621695,MAX,CD8_Exhausted,stable
MCM2,8.24511759678976e-06,-1.140417325,0.071,0.126,0.0412338331015456,MCM2,CD8_Exhausted,stable
STRN4,9.55353525480364e-06,0.822061551216242,0.122,0.067,0.047777229809273,STRN4,CD8_Exhausted,stable
ACE,9.58960836197227e-06,0.933583785150535,0.111,0.059,0.0479576314182233,ACE,CD8_Exhausted,stable
LARP4B,1.08389492216812e-05,-0.973605891,0.067,0.122,0.0542055850576278,LARP4B,CD8_Exhausted,stable
RAB11A,1.09722500705839e-05,0.44220045781434,0.172,0.105,0.0548722226029902,RAB11A,CD8_Exhausted,stable
NBL1,1.09889215184385e-05,-0.538607825,0.298,0.371,0.0549555965137111,NBL1,CD8_Exhausted,stable
PVT1,1.10247799579616e-05,-0.865778117,0.089,0.149,0.0551349245697657,PVT1,CD8_Exhausted,stable
HDAC2,1.10784499232381e-05,-0.751843978,0.14,0.207,0.0554033280661137,HDAC2,CD8_Exhausted,stable
F11R,1.13406208500255e-05,-0.716307695,0.162,0.233,0.0567144448709775,F11R,CD8_Exhausted,stable
ABL1,1.13812769572417e-05,-1.029148711,0.076,0.133,0.0569177660631658,ABL1,CD8_Exhausted,stable
TNFSF13B,1.21435460630851e-05,0.833647784542844,0.107,0.056,0.0607298738614884,TNFSF13B,CD8_Exhausted,stable
STK4,1.24899440447209e-05,0.726298823922701,0.128,0.072,0.0624622101676494,STK4,CD8_Exhausted,stable
DUSP6,1.26099616774096e-05,0.748891790667673,0.159,0.097,0.0630624183487255,DUSP6,CD8_Exhausted,stable
ZC3H7A,1.26754766157308e-05,0.796520673086965,0.126,0.071,0.0633900585552698,ZC3H7A,CD8_Exhausted,stable
SRSF2,1.30077634827127e-05,0.527827968940081,0.133,0.076,0.0650518251770464,SRSF2,CD8_Exhausted,stable
TNFRSF1A,1.3199755991834e-05,0.624257520639186,0.153,0.091,0.0660119797151617,TNFRSF1A,CD8_Exhausted,stable
SUMO1,1.36117177589151e-05,0.455517813982149,0.28,0.2,0.0680722005123342,SUMO1,CD8_Exhausted,stable
FURIN,1.38863956127317e-05,-0.816308615,0.13,0.197,0.0694458644592713,FURIN,CD8_Exhausted,stable
ATP5F1A,1.42432685958936e-05,0.315142701985491,0.466,0.376,0.071230586248064,ATP5F1A,CD8_Exhausted,stable
HSPG2,1.43653448870166e-05,0.727856417832027,0.111,0.06,0.0718410897799701,HSPG2,CD8_Exhausted,stable
F2R,1.44074535219032e-05,0.486838277252196,0.199,0.129,0.072051675063038,F2R,CD8_Exhausted,stable
GSDMB,1.52537311131464e-05,-0.878363891,0.062,0.115,0.0762839092968454,GSDMB,CD8_Exhausted,stable
KRTCAP2,1.56484661978122e-05,0.706981098339332,0.161,0.099,0.0782579794552586,KRTCAP2,CD8_Exhausted,stable
RBPJ,1.5717849687124e-05,-0.698097324,0.229,0.299,0.0786049662853071,RBPJ,CD8_Exhausted,stable
RUNX2,1.70682776635438e-05,-0.944066186,0.11,0.172,0.0853584565953827,RUNX2,CD8_Exhausted,stable
SEPTIN9,1.74183226520683e-05,0.282314517481334,0.629,0.529,0.0871090315829936,SEPTIN9,CD8_Exhausted,stable
ALCAM,1.79366052425362e-05,0.670312615279857,0.167,0.104,0.0897009628179238,ALCAM,CD8_Exhausted,stable
STAT5B,1.89686180752741e-05,-1.008728477,0.068,0.12,0.094862058994446,STAT5B,CD8_Exhausted,stable
ARL8B,2.07106877594619e-05,0.473587104511596,0.352,0.267,0.103574149485069,ARL8B,CD8_Exhausted,stable
HUWE1,2.10812082316166e-05,-0.624539744,0.173,0.241,0.105427122366315,HUWE1,CD8_Exhausted,stable
PFKP,2.12496697736493e-05,0.339893021375553,0.205,0.134,0.10626959853802,PFKP,CD8_Exhausted,stable
POSTN,2.37626276468713e-05,1.00179826973376,0.23,0.163,0.118836900862003,POSTN,CD8_Exhausted,stable
OGT,2.54626756911331e-05,-0.696748134,0.223,0.289,0.127338841131356,OGT,CD8_Exhausted,stable
PTK7,2.72443834032124e-05,-0.915713179,0.072,0.125,0.136249161399465,PTK7,CD8_Exhausted,stable
MRPL45,2.75999272392424e-05,-0.834535692,0.076,0.13,0.138027236123451,MRPL45,CD8_Exhausted,stable
CASP7,2.97362927165994e-05,0.655012745404456,0.153,0.094,0.148711199875714,CASP7,CD8_Exhausted,stable
KPNA3,2.9822001613228e-05,0.95213512094512,0.1,0.053,0.149139830067753,KPNA3,CD8_Exhausted,stable
ITGB2,3.25314633473975e-05,0.302948889200776,0.407,0.308,0.162689848200335,ITGB2,CD8_Exhausted,stable
ADAM17,3.27045883878077e-05,-1.052764448,0.061,0.11,0.163555646527426,ADAM17,CD8_Exhausted,stable
BAG6,3.38471045901219e-05,-0.766630777,0.137,0.201,0.1692693700552,BAG6,CD8_Exhausted,stable
PLSCR1,3.42660156635075e-05,-0.772746638,0.129,0.193,0.171364344333201,PLSCR1,CD8_Exhausted,stable
MPDU1,3.45615443397071e-05,0.751892728361318,0.125,0.072,0.172842283242875,MPDU1,CD8_Exhausted,stable
MAF,3.58435752293305e-05,0.473467256107068,0.159,0.098,0.179253719721882,MAF,CD8_Exhausted,stable
CLIC4,3.97169479882383e-05,0.351790568877143,0.461,0.369,0.19862445688918,CLIC4,CD8_Exhausted,stable
SPECC1,4.2855366207928e-05,-0.692575493,0.08,0.134,0.214319686405848,SPECC1,CD8_Exhausted,stable
CD2,4.40907423845281e-05,0.369122601007309,0.511,0.415,0.220497802665025,CD2,CD8_Exhausted,stable
HMGB2,4.7254354981362e-05,0.770641184114199,0.1,0.053,0.236319029261791,HMGB2,CD8_Exhausted,stable
APP,5.1403884268974e-05,0.447903092703028,0.477,0.398,0.257070825229139,APP,CD8_Exhausted,stable
CBX5,5.27379422744158e-05,0.542466919144613,0.193,0.128,0.263742449314354,CBX5,CD8_Exhausted,stable
TRAFD1,5.43710060262358e-05,0.499583941192757,0.213,0.144,0.271909401137205,TRAFD1,CD8_Exhausted,stable
CASP8,5.59674183673528e-05,0.66858853284561,0.148,0.091,0.279893059255132,CASP8,CD8_Exhausted,stable
IRF2BPL,5.63990610469918e-05,0.862324467254387,0.113,0.066,0.282051704296006,IRF2BPL,CD8_Exhausted,stable
TAB2,5.70270960253264e-05,0.558346454175125,0.156,0.098,0.285192507222657,TAB2,CD8_Exhausted,stable
NPAT,6.12066361581837e-05,0.648293439975342,0.102,0.056,0.306094387427077,NPAT,CD8_Exhausted,stable
BCCIP,6.4455925629741e-05,0.427002583627414,0.232,0.162,0.322344084074335,BCCIP,CD8_Exhausted,stable
CLSTN1,7.12084157975767e-05,0.684599589532179,0.146,0.091,0.356113287403681,CLSTN1,CD8_Exhausted,stable
BLOC1S2,7.56770963589665e-05,0.481560058548564,0.147,0.09,0.378461158891191,BLOC1S2,CD8_Exhausted,stable
ATP2A2,7.93792712887116e-05,0.572869752724622,0.255,0.188,0.396975735714847,ATP2A2,CD8_Exhausted,stable
GSTO1,7.98971778897678e-05,0.336357632163383,0.354,0.274,0.399565786626729,GSTO1,CD8_Exhausted,stable
GSK3A,8.19059481811869e-05,0.449523913601829,0.211,0.144,0.409611646854116,GSK3A,CD8_Exhausted,stable
USP5,8.28401480625669e-05,0.677266245207825,0.129,0.078,0.414283580460897,USP5,CD8_Exhausted,stable
METRNL,8.43065334398291e-05,0.659286478731326,0.123,0.073,0.421616973732586,METRNL,CD8_Exhausted,stable
YY1,8.51893710705724e-05,0.449570636591144,0.205,0.139,0.426032044723933,YY1,CD8_Exhausted,stable
PPP2CA,8.55010269826073e-05,0.418855525595889,0.247,0.178,0.427590635940019,PPP2CA,CD8_Exhausted,stable
PRKCH,8.85163134088485e-05,0.528465355753967,0.178,0.116,0.442670083357651,PRKCH,CD8_Exhausted,stable
MCM6,9.07009912354675e-05,-0.67802451,0.107,0.163,0.453595657168573,MCM6,CD8_Exhausted,stable
ROCK1,9.86072245211361e-05,0.352410927875215,0.225,0.157,0.493134729830202,ROCK1,CD8_Exhausted,stable
RRP1B,0.00010381400536002,-0.964653528,0.055,0.1,0.519173840805462,RRP1B,CD8_Exhausted,stable
UCP2,0.000105293637217974,0.387537000549877,0.251,0.178,0.526573479727087,UCP2,CD8_Exhausted,stable
VEGFA,0.000107791018558896,0.478332036155914,0.2,0.138,0.539062883813038,VEGFA,CD8_Exhausted,stable
RASSF1,0.000109680307230965,0.73847964957509,0.143,0.09,0.548511216462057,RASSF1,CD8_Exhausted,stable
NONO,0.000109773098399218,-0.455020267,0.41,0.461,0.54897526509449,NONO,CD8_Exhausted,stable
CASP1,0.000109947111245029,0.477664655909509,0.166,0.108,0.54984550333639,CASP1,CD8_Exhausted,stable
JPT2,0.000111069965386029,-0.61196214,0.26,0.319,0.555460896895531,JPT2,CD8_Exhausted,stable
HEXB,0.000114745280278615,0.396784641294189,0.222,0.156,0.573841146673356,HEXB,CD8_Exhausted,stable
IFIH1,0.000117559679074736,-1.013587935,0.077,0.125,0.587915955052755,IFIH1,CD8_Exhausted,stable
MSR1,0.00011862902344496,0.561146490387304,0.152,0.098,0.593263746248246,MSR1,CD8_Exhausted,stable
PLEC,0.00012246389813392,0.319984440055638,0.561,0.476,0.612441954567733,PLEC,CD8_Exhausted,stable
NR3C1,0.00013024161912521,-0.907184767,0.069,0.116,0.651338337245177,NR3C1,CD8_Exhausted,stable
ADNP,0.000130654887030395,0.446954970354296,0.25,0.18,0.653405090039004,ADNP,CD8_Exhausted,stable
PLAU,0.000134515884178319,-0.788463595,0.151,0.209,0.672713936775773,PLAU,CD8_Exhausted,stable
RELA,0.000149941539498689,-0.621630743,0.159,0.218,0.749857639032942,RELA,CD8_Exhausted,stable
CSK,0.000152094439661871,0.319837353843182,0.303,0.227,0.760624292749014,CSK,CD8_Exhausted,stable
SMARCB1,0.0001606758645656,-0.577262387,0.133,0.192,0.803539998692566,SMARCB1,CD8_Exhausted,stable
C1RL,0.000160872564431153,0.83057714553013,0.11,0.065,0.804523694720197,C1RL,CD8_Exhausted,stable
HSPD1,0.000164957964765998,0.299829268263513,0.469,0.388,0.824954781794757,HSPD1,CD8_Exhausted,stable
AXL,0.000166229236745798,-0.632952795,0.175,0.237,0.831312412965737,AXL,CD8_Exhausted,stable
PIM2,0.000170891106597428,-1.03759097,0.089,0.136,0.854626424093735,PIM2,CD8_Exhausted,stable
NCF1,0.000176750143430498,-0.996346758,0.061,0.105,0.883927467295918,NCF1,CD8_Exhausted,stable
ANXA5,0.00017709652046294,-0.32833839,0.596,0.606,0.885659698835162,ANXA5,CD8_Exhausted,stable
UQCC1,0.000180716923928008,0.762210256008037,0.107,0.063,0.90376533656397,UQCC1,CD8_Exhausted,stable
CD46,0.000184946111199192,0.435746175870242,0.205,0.143,0.924915502107158,CD46,CD8_Exhausted,stable
IL13RA1,0.000190589820484393,-0.563056321,0.188,0.25,0.953139692242449,IL13RA1,CD8_Exhausted,stable
IGF2R,0.000191002215893974,0.306425355196788,0.342,0.263,0.955202081685764,IGF2R,CD8_Exhausted,stable
BAK1,0.000201517948530254,-0.817296106,0.083,0.131,1,BAK1,CD8_Exhausted,stable
UBE2T,0.000210719030590699,0.741397451225995,0.104,0.061,1,UBE2T,CD8_Exhausted,stable
SMARCAD1,0.00021354617993026,-0.829385131,0.07,0.115,1,SMARCAD1,CD8_Exhausted,stable
CD276,0.000232272746675649,0.602837965922768,0.136,0.087,1,CD276,CD8_Exhausted,stable
MIAT,0.000237074390968965,-0.532979505,0.34,0.397,1,MIAT,CD8_Exhausted,stable
MTA2,0.000237778218223,-0.774144499,0.086,0.135,1,MTA2,CD8_Exhausted,stable
TUFM,0.000240381905063097,0.523053870539389,0.209,0.149,1,TUFM,CD8_Exhausted,stable
ILK,0.000256509477612642,0.427152397669768,0.134,0.085,1,ILK,CD8_Exhausted,stable
DDX3X,0.000263647577753719,-0.578208984,0.263,0.322,1,DDX3X,CD8_Exhausted,stable
SNURF,0.00026900213464949,0.678019464207331,0.102,0.059,1,SNURF,CD8_Exhausted,stable
CLTC,0.000277791815415835,-0.464740784,0.357,0.409,1,CLTC,CD8_Exhausted,stable
TP53,0.000278406672506166,-0.70701466,0.143,0.198,1,TP53,CD8_Exhausted,stable
GOLPH3,0.000286822087246793,0.326430311226771,0.359,0.285,1,GOLPH3,CD8_Exhausted,stable
MDFIC,0.000287902847390684,0.374033702005405,0.2,0.139,1,MDFIC,CD8_Exhausted,stable
GIMAP5,0.000291675156077414,0.665590722849787,0.124,0.078,1,GIMAP5,CD8_Exhausted,stable
PDCD4,0.000293078657296423,0.32893889869835,0.259,0.188,1,PDCD4,CD8_Exhausted,stable
HSPA4,0.00030810055155389,0.448604907607271,0.133,0.084,1,HSPA4,CD8_Exhausted,stable
EIF2S1,0.000315382443728828,0.408371962079681,0.166,0.11,1,EIF2S1,CD8_Exhausted,stable
CRK,0.00031811867717441,0.649834408573102,0.136,0.088,1,CRK,CD8_Exhausted,stable
RAB5A,0.000339805277779987,0.540828681856974,0.136,0.087,1,RAB5A,CD8_Exhausted,stable
APOBEC3G,0.000362825965451769,0.326819987735788,0.271,0.199,1,APOBEC3G,CD8_Exhausted,stable
CD274,0.00036434572492531,0.661341591476493,0.127,0.081,1,CD274,CD8_Exhausted,stable
TXNDC9,0.000374567712025714,0.663843016507938,0.156,0.105,1,TXNDC9,CD8_Exhausted,stable
TMEM9B,0.000376687423231707,0.302534434553144,0.152,0.099,1,TMEM9B,CD8_Exhausted,stable
RNASEH2B,0.000379228525776697,0.474850232495886,0.134,0.085,1,RNASEH2B,CD8_Exhausted,stable
MYO1C,0.000386864577585037,-0.715268186,0.119,0.17,1,MYO1C,CD8_Exhausted,stable
XRCC5,0.000388441058021489,-0.531572338,0.21,0.269,1,XRCC5,CD8_Exhausted,stable
PNMA1,0.000390123686386168,-0.812133206,0.09,0.136,1,PNMA1,CD8_Exhausted,stable
UBE2D3,0.000394391701397405,0.274695141572939,0.484,0.406,1,UBE2D3,CD8_Exhausted,stable
ARF1,0.000402693403450108,0.275894654014914,0.397,0.32,1,ARF1,CD8_Exhausted,stable
DRAM1,0.000408305514836397,0.418285560844743,0.108,0.065,1,DRAM1,CD8_Exhausted,stable
ITGA2,0.000418758132232338,-0.79805824,0.1,0.147,1,ITGA2,CD8_Exhausted,stable
PTBP1,0.000420411205064462,0.324885768784202,0.277,0.209,1,PTBP1,CD8_Exhausted,stable
OAS1,0.000442445449313801,-0.814742231,0.072,0.115,1,OAS1,CD8_Exhausted,stable
EPAS1,0.000447430560826079,0.350728665606882,0.183,0.128,1,EPAS1,CD8_Exhausted,stable
SPIN1,0.000447436198899788,-0.632382244,0.169,0.224,1,SPIN1,CD8_Exhausted,stable
PRKCI,0.000448726467172142,-0.796857121,0.079,0.124,1,PRKCI,CD8_Exhausted,stable
SLC29A1,0.00045148785787939,-0.904900576,0.062,0.103,1,SLC29A1,CD8_Exhausted,stable
PAK2,0.000466901916191774,0.351830736029259,0.312,0.241,1,PAK2,CD8_Exhausted,stable
RBCK1,0.000481885511474756,0.4532673388074,0.205,0.146,1,RBCK1,CD8_Exhausted,stable
FBL,0.000486844336121426,0.29250169740138,0.382,0.308,1,FBL,CD8_Exhausted,stable
NTN4,0.000487111262197695,0.504216144529804,0.119,0.075,1,NTN4,CD8_Exhausted,stable
CBWD2,0.000487162980293343,-0.817237605,0.118,0.167,1,CBWD2,CD8_Exhausted,stable
SIRPA,0.000487802321395451,0.350403705561912,0.198,0.14,1,SIRPA,CD8_Exhausted,stable
PCID2,0.000493657148639674,-0.746400761,0.084,0.129,1,PCID2,CD8_Exhausted,stable
SDHB,0.000499395002582974,0.27598815716646,0.209,0.149,1,SDHB,CD8_Exhausted,stable
RBBP7,0.000504310506650896,0.556995234088537,0.134,0.088,1,RBBP7,CD8_Exhausted,stable
CTTN,0.000506201875124536,0.409226897858803,0.305,0.241,1,CTTN,CD8_Exhausted,stable
CFDP1,0.000517666282331917,0.524606147949322,0.11,0.068,1,CFDP1,CD8_Exhausted,stable
MTA1,0.00053673823664107,0.613463171758001,0.112,0.07,1,MTA1,CD8_Exhausted,stable
POLR2M,0.00054782566567195,0.325670166000485,0.178,0.122,1,POLR2M,CD8_Exhausted,stable
SNX27,0.00054990826174697,0.48766292391801,0.129,0.083,1,SNX27,CD8_Exhausted,stable
RO60,0.000550781536429507,0.672710892113482,0.1,0.06,1,RO60,CD8_Exhausted,stable
PIP4K2A,0.000556501875997954,0.49784470320249,0.143,0.095,1,PIP4K2A,CD8_Exhausted,stable
LPCAT1,0.000566814022175089,0.424590241185437,0.17,0.116,1,LPCAT1,CD8_Exhausted,stable
SREBF2,0.000583324665907461,-0.689210626,0.082,0.126,1,SREBF2,CD8_Exhausted,stable
CLPX,0.000586212117499527,0.428595474372979,0.125,0.08,1,CLPX,CD8_Exhausted,stable
NAIP,0.000613775482167901,-0.897195046,0.099,0.143,1,NAIP,CD8_Exhausted,stable
RGPD8,0.000614632459622619,-0.808874931,0.06,0.1,1,RGPD8,CD8_Exhausted,stable
PRDM1,0.000660195491106676,0.542651397985625,0.132,0.086,1,PRDM1,CD8_Exhausted,stable
SLC39A8,0.000679459715213964,-0.72526703,0.09,0.134,1,SLC39A8,CD8_Exhausted,stable
SNRPB,0.000688034683399447,0.358086496107891,0.362,0.296,1,SNRPB,CD8_Exhausted,stable
PRPF31,0.000694969527150567,0.595088751239626,0.113,0.071,1,PRPF31,CD8_Exhausted,stable
KLRD1,0.000719607642321041,0.739138310861146,0.102,0.063,1,KLRD1,CD8_Exhausted,stable
IPO5,0.000722685693903971,-0.652880487,0.153,0.203,1,IPO5,CD8_Exhausted,stable
CHRAC1,0.000736954588691964,0.476681480998785,0.109,0.068,1,CHRAC1,CD8_Exhausted,stable
CCT2,0.000807987146617169,0.400147209314837,0.277,0.213,1,CCT2,CD8_Exhausted,stable
WAS,0.000813224003492544,0.488728692466413,0.174,0.122,1,WAS,CD8_Exhausted,stable
CTNNA1,0.000881607693253865,0.281468208585411,0.306,0.239,1,CTNNA1,CD8_Exhausted,stable
KIF5B,0.000887648858250196,0.303088526163416,0.259,0.198,1,KIF5B,CD8_Exhausted,stable
PECAM1,0.000892799012023982,0.31911932671445,0.148,0.1,1,PECAM1,CD8_Exhausted,stable
LENG8,0.000894000334390268,-0.449730938,0.23,0.285,1,LENG8,CD8_Exhausted,stable
TNFRSF14,0.00089605552904294,0.308756426534907,0.203,0.146,1,TNFRSF14,CD8_Exhausted,stable
ATXN1,0.000924170372572952,0.563429976687228,0.119,0.077,1,ATXN1,CD8_Exhausted,stable
DUSP5,0.000940264320116119,0.316934551095879,0.214,0.156,1,DUSP5,CD8_Exhausted,stable
ING1,0.0010208338198595,-0.795936251,0.076,0.117,1,ING1,CD8_Exhausted,stable
ATL3,0.00102579920138259,-0.775395367,0.142,0.187,1,ATL3,CD8_Exhausted,stable
ITPRID2,0.00103624680848435,-0.697304159,0.093,0.137,1,ITPRID2,CD8_Exhausted,stable
HNMT,0.00105145088947732,0.315232543388853,0.124,0.081,1,HNMT,CD8_Exhausted,stable
RAI14,0.00107706481280222,0.434171325499225,0.145,0.1,1,RAI14,CD8_Exhausted,stable
CLPTM1L,0.00109132346919921,-0.484760198,0.264,0.315,1,CLPTM1L,CD8_Exhausted,stable
LGALS8,0.00110010755865044,-0.659166196,0.091,0.134,1,LGALS8,CD8_Exhausted,stable
MYBL2,0.00110381208697504,0.339536438905411,0.284,0.226,1,MYBL2,CD8_Exhausted,stable
MSH2,0.00116167691550822,-0.726737417,0.078,0.119,1,MSH2,CD8_Exhausted,stable
LSM12,0.00120152930977519,-0.519805395,0.206,0.255,1,LSM12,CD8_Exhausted,stable
CDCP1,0.00121940385485614,-0.602708168,0.119,0.167,1,CDCP1,CD8_Exhausted,stable
GTPBP4,0.00122354207142846,-0.653424059,0.132,0.18,1,GTPBP4,CD8_Exhausted,stable
MELK,0.00122994646382832,-0.722757949,0.068,0.107,1,MELK,CD8_Exhausted,stable
ATP2B1,0.00123082831709713,0.439633401799301,0.124,0.082,1,ATP2B1,CD8_Exhausted,stable
SYTL2,0.00123464091762187,0.414836102997975,0.178,0.126,1,SYTL2,CD8_Exhausted,stable
NME1,0.00128478517274722,-0.66490582,0.208,0.256,1,NME1,CD8_Exhausted,stable
SUGP2,0.00132886465343516,-0.574899978,0.091,0.134,1,SUGP2,CD8_Exhausted,stable
LUC7L,0.00135005502079749,-0.879201607,0.074,0.113,1,LUC7L,CD8_Exhausted,stable
FYN,0.00136246967229246,0.325115931237621,0.214,0.155,1,FYN,CD8_Exhausted,stable
PSMC2,0.00141540423019543,0.298771722121992,0.149,0.101,1,PSMC2,CD8_Exhausted,stable
EMD,0.00143731534771842,0.418646166767613,0.188,0.139,1,EMD,CD8_Exhausted,stable
PAK1,0.00145267203153766,0.393150464424814,0.209,0.156,1,PAK1,CD8_Exhausted,stable
VSIG4,0.00155419352173181,0.638873386163041,0.107,0.068,1,VSIG4,CD8_Exhausted,stable
DPM1,0.001648388181825,0.467345591177812,0.172,0.124,1,DPM1,CD8_Exhausted,stable
BMI1,0.00165221055467709,0.41791410544403,0.195,0.144,1,BMI1,CD8_Exhausted,stable
MAPK1,0.00170342989692601,0.472896402259391,0.193,0.144,1,MAPK1,CD8_Exhausted,stable
APOL1,0.00173533161692727,0.291764117370012,0.38,0.31,1,APOL1,CD8_Exhausted,stable
CCDC80,0.00175088358530388,-0.779706725,0.097,0.137,1,CCDC80,CD8_Exhausted,stable
MKI67,0.00177355418521162,-0.569004796,0.096,0.139,1,MKI67,CD8_Exhausted,stable
PDHB,0.00182504618116334,0.338150176305335,0.107,0.069,1,PDHB,CD8_Exhausted,stable
SNRNP200,0.00184207779859382,-0.522882156,0.202,0.251,1,SNRNP200,CD8_Exhausted,stable
SOD1,0.0018484790545029,-0.366269448,0.421,0.46,1,SOD1,CD8_Exhausted,stable
CELSR1,0.00191564332429814,0.548313444380775,0.11,0.072,1,CELSR1,CD8_Exhausted,stable
SQSTM1,0.00192048887402256,0.26232133021088,0.192,0.14,1,SQSTM1,CD8_Exhausted,stable
AHR,0.00196913918994125,0.449896078003051,0.16,0.113,1,AHR,CD8_Exhausted,stable
WAPL,0.00197232560809364,0.334146157725596,0.192,0.142,1,WAPL,CD8_Exhausted,stable
IGF2BP2,0.00199363509733534,-0.699416161,0.131,0.174,1,IGF2BP2,CD8_Exhausted,stable
PITPNB,0.00204406441402306,0.335208094106354,0.212,0.159,1,PITPNB,CD8_Exhausted,stable
LPXN,0.00222313133072438,0.252086823899233,0.14,0.096,1,LPXN,CD8_Exhausted,stable
SDC2,0.00245720211708895,-0.787471564,0.066,0.101,1,SDC2,CD8_Exhausted,stable
MOV10,0.00270990746305687,-0.609296511,0.08,0.118,1,MOV10,CD8_Exhausted,stable
MFN2,0.00273906170470702,-1.000145618,0.07,0.105,1,MFN2,CD8_Exhausted,stable
SNRPD3,0.00290271204110272,0.492690481241945,0.175,0.13,1,SNRPD3,CD8_Exhausted,stable
RAF1,0.00291229784744007,0.348353180373152,0.174,0.126,1,RAF1,CD8_Exhausted,stable
GAA,0.00301866657403738,0.402152857736966,0.185,0.138,1,GAA,CD8_Exhausted,stable
TSPAN13,0.00308081905271917,0.408194396618485,0.196,0.149,1,TSPAN13,CD8_Exhausted,stable
CASP2,0.00315340706343033,-0.485838019,0.105,0.145,1,CASP2,CD8_Exhausted,stable
CCR5,0.00316603822232901,0.406766122202618,0.124,0.085,1,CCR5,CD8_Exhausted,stable
EIF4EBP1,0.00333310130435143,0.447390343470062,0.178,0.131,1,EIF4EBP1,CD8_Exhausted,stable
SMAP2,0.00335464939503837,0.48275709444572,0.141,0.1,1,SMAP2,CD8_Exhausted,stable
SLC1A5,0.00355467647000314,-0.59859776,0.127,0.169,1,SLC1A5,CD8_Exhausted,stable
SRPK1,0.00358579790324577,-0.608686902,0.102,0.141,1,SRPK1,CD8_Exhausted,stable
CCDC43,0.00359308834429267,-0.843261613,0.071,0.105,1,CCDC43,CD8_Exhausted,stable
R3HDM1,0.00363759601375797,0.465206839160182,0.115,0.078,1,R3HDM1,CD8_Exhausted,stable
ATF6,0.00364055286703436,0.34472537873252,0.152,0.109,1,ATF6,CD8_Exhausted,stable
SMC4,0.00365429769567261,0.434845116814712,0.216,0.168,1,SMC4,CD8_Exhausted,stable
ELF4,0.00375028734553756,0.380369349900228,0.144,0.103,1,ELF4,CD8_Exhausted,stable
MED1,0.00381157192921992,-0.815869968,0.07,0.104,1,MED1,CD8_Exhausted,stable
PRKD3,0.00392796631784736,-0.617674987,0.092,0.129,1,PRKD3,CD8_Exhausted,stable
CHD3,0.00393587118283787,0.326889151780139,0.242,0.189,1,CHD3,CD8_Exhausted,stable
CSNK2A2,0.0041158465325071,0.318757883183446,0.15,0.107,1,CSNK2A2,CD8_Exhausted,stable
GIPC1,0.00414753173117814,-0.449617389,0.102,0.141,1,GIPC1,CD8_Exhausted,stable
UPF1,0.0042104052797071,-0.8037013,0.095,0.131,1,UPF1,CD8_Exhausted,stable
ACAA2,0.00436556243595767,-0.681680832,0.091,0.127,1,ACAA2,CD8_Exhausted,stable
NT5C2,0.00445327987213221,-0.533721793,0.096,0.134,1,NT5C2,CD8_Exhausted,stable
NFE2L1,0.00451630005182151,0.26022958563972,0.206,0.157,1,NFE2L1,CD8_Exhausted,stable
RBM15,0.00455436045902748,-0.604569403,0.098,0.136,1,RBM15,CD8_Exhausted,stable
ANPEP,0.00457638712211124,0.474660242069161,0.122,0.085,1,ANPEP,CD8_Exhausted,stable
SHMT2,0.00458683435270576,0.385592881788958,0.172,0.129,1,SHMT2,CD8_Exhausted,stable
VCL,0.00473369217554858,0.442552816810338,0.126,0.088,1,VCL,CD8_Exhausted,stable
TLK1,0.00476736272395304,0.413929856467579,0.166,0.122,1,TLK1,CD8_Exhausted,stable
CRKL,0.00490042740284573,0.641099607776897,0.114,0.08,1,CRKL,CD8_Exhausted,stable
IGBP1,0.00540485736700112,0.337950193791509,0.17,0.126,1,IGBP1,CD8_Exhausted,stable
OGFR,0.00545450777686916,0.392925641286243,0.171,0.127,1,OGFR,CD8_Exhausted,stable
SART1,0.00546863361981662,-0.567787187,0.1,0.137,1,SART1,CD8_Exhausted,stable
PRCP,0.00556756738396166,0.547788549993286,0.17,0.129,1,PRCP,CD8_Exhausted,stable
LAT,0.00573208280138914,0.26875873265167,0.187,0.141,1,LAT,CD8_Exhausted,stable
CTNNAL1,0.00576857481228064,-0.582013023,0.112,0.15,1,CTNNAL1,CD8_Exhausted,stable
DYRK1A,0.00577802174700317,-0.591253707,0.104,0.141,1,DYRK1A,CD8_Exhausted,stable
UFC1,0.00599138122662936,-0.670387973,0.092,0.127,1,UFC1,CD8_Exhausted,stable
TES,0.00605116226682328,-0.329843637,0.187,0.232,1,TES,CD8_Exhausted,stable
GPN1,0.00612388302210908,-0.506308773,0.128,0.168,1,GPN1,CD8_Exhausted,stable
PRPF8,0.00618582235307909,-0.430618038,0.207,0.251,1,PRPF8,CD8_Exhausted,stable
PDHA1,0.00619121428792928,0.408466553146738,0.115,0.08,1,PDHA1,CD8_Exhausted,stable
ATXN3,0.00627495786469821,0.501495468059694,0.103,0.07,1,ATXN3,CD8_Exhausted,stable
TXNRD1,0.00628625662880751,0.258860810041895,0.138,0.098,1,TXNRD1,CD8_Exhausted,stable
PSPC1,0.00631394076038091,0.36464742998184,0.127,0.09,1,PSPC1,CD8_Exhausted,stable
RHBDD2,0.00633428393777946,0.290575243188853,0.152,0.11,1,RHBDD2,CD8_Exhausted,stable
SEPTIN6,0.00635597139002,-0.509064235,0.144,0.183,1,SEPTIN6,CD8_Exhausted,stable
PDE4DIP,0.00640466034975593,0.545668609448878,0.127,0.092,1,PDE4DIP,CD8_Exhausted,stable
IMMT,0.00659357913493163,0.489248985128429,0.148,0.11,1,IMMT,CD8_Exhausted,stable
IFNGR1,0.00663514351290171,-0.631728582,0.088,0.122,1,IFNGR1,CD8_Exhausted,stable
CTNNB1,0.00672158243632051,-0.432942998,0.325,0.359,1,CTNNB1,CD8_Exhausted,stable
BCL11B,0.00681244200204454,0.315036688388371,0.111,0.076,1,BCL11B,CD8_Exhausted,stable
MMP14,0.00683293575405076,0.255335810930798,0.649,0.612,1,MMP14,CD8_Exhausted,stable
DLEU2,0.00692452836244958,-0.662010949,0.107,0.141,1,DLEU2,CD8_Exhausted,stable
PINK1,0.00699217589733928,-0.499759226,0.087,0.122,1,PINK1,CD8_Exhausted,stable
PABPC1L,0.00713536865913608,-0.641501219,0.103,0.138,1,PABPC1L,CD8_Exhausted,stable
FLOT2,0.00714135262821761,-0.352726809,0.145,0.188,1,FLOT2,CD8_Exhausted,stable
SRF,0.00745795245231909,-0.697104801,0.088,0.121,1,SRF,CD8_Exhausted,stable
SMN1,0.00754675427410314,-0.498939577,0.149,0.188,1,SMN1,CD8_Exhausted,stable
NFATC2,0.00755451288461979,0.531051740944731,0.114,0.08,1,NFATC2,CD8_Exhausted,stable
ATRX,0.00775328286022788,0.485311247977933,0.158,0.119,1,ATRX,CD8_Exhausted,stable
BCL3,0.00787313850944594,0.43561464901258,0.117,0.082,1,BCL3,CD8_Exhausted,stable
KPNB1,0.00793838774540238,-0.318168485,0.324,0.364,1,KPNB1,CD8_Exhausted,stable
MAPK3,0.00803070307320113,0.462051881211502,0.126,0.09,1,MAPK3,CD8_Exhausted,stable
NSUN2,0.0080387885902841,-0.375441449,0.089,0.124,1,NSUN2,CD8_Exhausted,stable
PRKAA1,0.0082100719148619,0.267522264754309,0.131,0.094,1,PRKAA1,CD8_Exhausted,stable
RC3H2,0.0082876872214006,0.518455412654342,0.158,0.119,1,RC3H2,CD8_Exhausted,stable
ALKBH5,0.00835640322077186,0.281876690794895,0.156,0.115,1,ALKBH5,CD8_Exhausted,stable
CKAP5,0.00837095574843261,-0.608643679,0.129,0.165,1,CKAP5,CD8_Exhausted,stable
JAK1,0.00910832009315851,0.348835304636769,0.141,0.104,1,JAK1,CD8_Exhausted,stable
IFNG,0.00913757360807999,-0.616823616,0.121,0.158,1,IFNG,CD8_Exhausted,stable
MAPK9,0.00925428047777459,0.394396576839378,0.126,0.09,1,MAPK9,CD8_Exhausted,stable
NSUN5,0.0095050635664822,-0.677667369,0.085,0.117,1,NSUN5,CD8_Exhausted,stable
CCT3,0.00961078034888989,-0.274831638,0.373,0.409,1,CCT3,CD8_Exhausted,stable
CDC20,0.00966550675336951,-0.577472138,0.095,0.128,1,CDC20,CD8_Exhausted,stable
TIMP2,0.00985495159410994,-0.297936654,0.388,0.42,1,TIMP2,CD8_Exhausted,stable
SLC2A1,0.0100078085081028,-0.432296201,0.153,0.192,1,SLC2A1,CD8_Exhausted,stable
AP1B1,0.0101528028864925,0.307503840935939,0.171,0.131,1,AP1B1,CD8_Exhausted,stable
MALT1,0.01034177495181,0.329044349459676,0.132,0.096,1,MALT1,CD8_Exhausted,stable
CUL3,0.0103946831739141,0.374310923932373,0.103,0.071,1,CUL3,CD8_Exhausted,stable
R3HDM2,0.0107122904984232,0.280955358296944,0.119,0.085,1,R3HDM2,CD8_Exhausted,stable
DAG1,0.0108164750027036,-0.590133445,0.081,0.113,1,DAG1,CD8_Exhausted,stable
LIPA,0.0108713112483974,0.40213834385262,0.2,0.16,1,LIPA,CD8_Exhausted,stable
CAV2,0.0109104317553725,-0.57999653,0.091,0.124,1,CAV2,CD8_Exhausted,stable
EBP,0.0111838035293681,0.458421877149083,0.108,0.077,1,EBP,CD8_Exhausted,stable
GBF1,0.0112101449188343,0.459063769133288,0.126,0.092,1,GBF1,CD8_Exhausted,stable
H2AFX,0.0113234799324593,0.285652404493083,0.212,0.168,1,H2AFX,CD8_Exhausted,stable
CRYBG1,0.0115301732890781,0.409092058019481,0.102,0.071,1,CRYBG1,CD8_Exhausted,stable
SNAP23,0.0116515776268341,0.399187290316079,0.163,0.125,1,SNAP23,CD8_Exhausted,stable
LONP1,0.0120400792422627,0.29513357453459,0.117,0.085,1,LONP1,CD8_Exhausted,stable
AMFR,0.0121014027639156,0.264532698331188,0.127,0.092,1,AMFR,CD8_Exhausted,stable
FSTL1,0.012125359018241,0.36408270734488,0.263,0.217,1,FSTL1,CD8_Exhausted,stable
RUNX3,0.0122647340644715,-0.407560932,0.187,0.227,1,RUNX3,CD8_Exhausted,stable
XPO7,0.0122998118235492,-0.528116369,0.131,0.168,1,XPO7,CD8_Exhausted,stable
MYD88,0.0125337803109966,0.364298960439905,0.152,0.115,1,MYD88,CD8_Exhausted,stable
PTAFR,0.0126454014792066,-0.660131411,0.073,0.102,1,PTAFR,CD8_Exhausted,stable
WASHC3,0.0126482404618899,0.325577499031249,0.113,0.081,1,WASHC3,CD8_Exhausted,stable
CDH3,0.0127340578023177,-0.406817107,0.143,0.179,1,CDH3,CD8_Exhausted,stable
TYMS,0.0128908127690694,-0.396750113,0.232,0.272,1,TYMS,CD8_Exhausted,stable
LRRC59,0.0129738145080318,-0.410182937,0.323,0.35,1,LRRC59,CD8_Exhausted,stable
WDHD1,0.0131096435073648,-0.588356041,0.071,0.1,1,WDHD1,CD8_Exhausted,stable
MYO1E,0.0131706315110728,-0.509916546,0.081,0.112,1,MYO1E,CD8_Exhausted,stable
SMARCA4,0.0132206296347784,0.295987799453191,0.176,0.135,1,SMARCA4,CD8_Exhausted,stable
AKT3,0.0136702639506603,0.325446502494471,0.118,0.086,1,AKT3,CD8_Exhausted,stable
CREB1,0.0138858367165642,0.300288190571911,0.162,0.124,1,CREB1,CD8_Exhausted,stable
NUP153,0.0139054557336527,-0.491707687,0.101,0.134,1,NUP153,CD8_Exhausted,stable
TIGIT,0.0139117585529715,-0.566189611,0.226,0.258,1,TIGIT,CD8_Exhausted,stable
PEF1,0.0139394965440768,-0.659639655,0.114,0.147,1,PEF1,CD8_Exhausted,stable
KPNA6,0.0140892913998109,-0.562311344,0.132,0.166,1,KPNA6,CD8_Exhausted,stable
NUMA1,0.014255470957029,-0.377814682,0.153,0.19,1,NUMA1,CD8_Exhausted,stable
AIP,0.0146361912627101,0.366740065543124,0.118,0.086,1,AIP,CD8_Exhausted,stable
PLEKHO1,0.0149128313884364,-0.635495534,0.137,0.169,1,PLEKHO1,CD8_Exhausted,stable
PPP2R3C,0.015468224898949,0.491937322705421,0.131,0.099,1,PPP2R3C,CD8_Exhausted,stable
CXCR6,0.0157854305341071,0.481556018601228,0.111,0.081,1,CXCR6,CD8_Exhausted,stable
DAP3,0.0161176806959847,-0.474175321,0.217,0.251,1,DAP3,CD8_Exhausted,stable
BTN3A1,0.0168123572523084,0.376834560513484,0.167,0.13,1,BTN3A1,CD8_Exhausted,stable
PFKFB3,0.0172998893281085,-0.675931698,0.086,0.115,1,PFKFB3,CD8_Exhausted,stable
CD58,0.0173249468914867,-0.443102495,0.112,0.145,1,CD58,CD8_Exhausted,stable
CYLD,0.0184788861201844,-0.358992462,0.309,0.343,1,CYLD,CD8_Exhausted,stable
SHLD2,0.0186483906132306,0.383264426617145,0.106,0.076,1,SHLD2,CD8_Exhausted,stable
USP7,0.0193078938473048,0.3136073903147,0.179,0.142,1,USP7,CD8_Exhausted,stable
BAG3,0.0195863626180205,0.491395398192746,0.104,0.076,1,BAG3,CD8_Exhausted,stable
IL2RA,0.0198143463782534,0.363922990100348,0.133,0.1,1,IL2RA,CD8_Exhausted,stable
GUSB,0.0202051457377061,-0.361736113,0.206,0.238,1,GUSB,CD8_Exhausted,stable
OGDH,0.0208459884051414,-0.595825388,0.122,0.154,1,OGDH,CD8_Exhausted,stable
HNRNPM,0.0209286672883956,-0.258937684,0.425,0.454,1,HNRNPM,CD8_Exhausted,stable
FLNB,0.0218536874310378,-0.497090097,0.184,0.217,1,FLNB,CD8_Exhausted,stable
STK40,0.0219973636230761,-0.544455286,0.09,0.119,1,STK40,CD8_Exhausted,stable
RNF167,0.0228719959878613,-0.360691389,0.16,0.194,1,RNF167,CD8_Exhausted,stable
ASCC3,0.0229240600035601,0.320464151843057,0.111,0.082,1,ASCC3,CD8_Exhausted,stable
ILF3,0.0233090527030104,-0.37351307,0.244,0.278,1,ILF3,CD8_Exhausted,stable
LRBA,0.0236112276566428,-0.329528039,0.139,0.174,1,LRBA,CD8_Exhausted,stable
HNRNPF,0.0238992797363775,-0.273714508,0.371,0.406,1,HNRNPF,CD8_Exhausted,stable
PTPN2,0.0240747469473034,0.268984716764714,0.222,0.182,1,PTPN2,CD8_Exhausted,stable
SLC9A3R1,0.0241747114454475,0.265903350318978,0.1,0.072,1,SLC9A3R1,CD8_Exhausted,stable
WBP2,0.024929608832907,0.329804710109473,0.176,0.139,1,WBP2,CD8_Exhausted,stable
SCAF4,0.0263034734760132,-0.490144319,0.077,0.104,1,SCAF4,CD8_Exhausted,stable
BCR,0.026450109393754,0.386800065748346,0.146,0.115,1,BCR,CD8_Exhausted,stable
SPPL2A,0.0265778681298383,-0.422839433,0.115,0.145,1,SPPL2A,CD8_Exhausted,stable
DVL1,0.0266314924875548,0.326753487541618,0.13,0.1,1,DVL1,CD8_Exhausted,stable
SMCHD1,0.0267044815053563,-0.576360356,0.098,0.126,1,SMCHD1,CD8_Exhausted,stable
ADAR,0.0269998214688593,-0.268052218,0.387,0.41,1,ADAR,CD8_Exhausted,stable
POMGNT1,0.0271212693833591,0.443513192031986,0.123,0.095,1,POMGNT1,CD8_Exhausted,stable
ZNF410,0.0272287064761839,-0.488850115,0.078,0.105,1,ZNF410,CD8_Exhausted,stable
SORD,0.0283440434530127,-0.44671118,0.076,0.102,1,SORD,CD8_Exhausted,stable
SMAD2,0.028551507703225,0.355949512826417,0.178,0.142,1,SMAD2,CD8_Exhausted,stable
CUTA,0.0287398439401744,-0.56267574,0.088,0.115,1,CUTA,CD8_Exhausted,stable
NCOR1,0.0288012558581981,0.298546744646188,0.153,0.12,1,NCOR1,CD8_Exhausted,stable
PTCD3,0.0288975282527399,-0.468091622,0.1,0.129,1,PTCD3,CD8_Exhausted,stable
HIPK2,0.0289697358643914,0.497776622555503,0.13,0.101,1,HIPK2,CD8_Exhausted,stable
HIPK3,0.0290232969907545,0.255848406130182,0.231,0.191,1,HIPK3,CD8_Exhausted,stable
DNM2,0.0293502815438219,-0.419235975,0.226,0.256,1,DNM2,CD8_Exhausted,stable
STAT2,0.0296197317767089,-0.581566211,0.082,0.108,1,STAT2,CD8_Exhausted,stable
BMPR2,0.029897195952226,-0.62364113,0.162,0.19,1,BMPR2,CD8_Exhausted,stable
VAV1,0.0304785404105466,0.402229690399911,0.109,0.082,1,VAV1,CD8_Exhausted,stable
PGM1,0.0308611971374482,0.401306901575254,0.122,0.094,1,PGM1,CD8_Exhausted,stable
NAA15,0.031443857758369,-0.459906448,0.112,0.141,1,NAA15,CD8_Exhausted,stable
SSBP3,0.0317363988407603,-0.380905426,0.09,0.118,1,SSBP3,CD8_Exhausted,stable
IFNAR1,0.0321666278675067,0.399397488228921,0.179,0.147,1,IFNAR1,CD8_Exhausted,stable
GNL2,0.0324705423378292,-0.483144348,0.082,0.108,1,GNL2,CD8_Exhausted,stable
NCLN,0.0332130564123073,0.42912710631985,0.136,0.107,1,NCLN,CD8_Exhausted,stable
TM9SF4,0.0333473020722907,0.410124255273876,0.1,0.074,1,TM9SF4,CD8_Exhausted,stable
NCF2,0.0335239166512028,-0.78132264,0.083,0.108,1,NCF2,CD8_Exhausted,stable
THAP11,0.0341716946808192,0.269176461015644,0.109,0.082,1,THAP11,CD8_Exhausted,stable
RMND5A,0.0342487906401924,0.330414211256544,0.145,0.115,1,RMND5A,CD8_Exhausted,stable
DHX9,0.0351766220712177,-0.480915319,0.193,0.223,1,DHX9,CD8_Exhausted,stable
CENPF,0.0351843675650723,-0.523550926,0.082,0.108,1,CENPF,CD8_Exhausted,stable
DNMT1,0.0352084686575872,-0.356859085,0.172,0.206,1,DNMT1,CD8_Exhausted,stable
SEMA3C,0.0352892142509018,-0.381717299,0.111,0.14,1,SEMA3C,CD8_Exhausted,stable
NCBP1,0.0363027883110595,-0.410209561,0.093,0.12,1,NCBP1,CD8_Exhausted,stable
DYNC1H1,0.0363342797634693,-0.363846474,0.148,0.178,1,DYNC1H1,CD8_Exhausted,stable
CDK6,0.0388998047068268,-0.382334054,0.129,0.159,1,CDK6,CD8_Exhausted,stable
HAX1,0.0389534450065431,0.2863930202231,0.131,0.102,1,HAX1,CD8_Exhausted,stable
PLS3,0.0390216058608525,-0.282082615,0.25,0.282,1,PLS3,CD8_Exhausted,stable
RACGAP1,0.0399936121816543,0.446339272128278,0.103,0.078,1,RACGAP1,CD8_Exhausted,stable
SF3B1,0.0428749418654644,-0.386532115,0.208,0.238,1,SF3B1,CD8_Exhausted,stable
POLDIP2,0.043601258448569,-0.452774954,0.143,0.172,1,POLDIP2,CD8_Exhausted,stable
CDC34,0.0451052698855705,-0.346716309,0.102,0.129,1,CDC34,CD8_Exhausted,stable
CDK2,0.0459748692679302,-0.730341042,0.091,0.114,1,CDK2,CD8_Exhausted,stable
MAPK14,0.0498333732457887,-0.28902262,0.099,0.125,1,MAPK14,CD8_Exhausted,stable
APOL3,0.0499905460673649,0.26730106560649,0.11,0.085,1,APOL3,CD8_Exhausted,stable
SOCS3,0.0505856217704459,-0.49775343,0.173,0.199,1,SOCS3,CD8_Exhausted,stable
PRKACA,0.0512630013489566,0.364458577584214,0.147,0.119,1,PRKACA,CD8_Exhausted,stable
UBA1,0.0521367381734921,-0.596474634,0.117,0.142,1,UBA1,CD8_Exhausted,stable
ZEB2,0.0523978095058366,-0.542399621,0.084,0.107,1,ZEB2,CD8_Exhausted,stable
TOX4,0.0544768393429369,-0.444309482,0.102,0.126,1,TOX4,CD8_Exhausted,stable
DHFR,0.0547069119424837,0.273716143045722,0.105,0.08,1,DHFR,CD8_Exhausted,stable
LCK,0.0552444385716147,-0.2503786,0.214,0.246,1,LCK,CD8_Exhausted,stable
DKC1,0.0576811268785111,-0.47753776,0.096,0.12,1,DKC1,CD8_Exhausted,stable
ADAM8,0.0583754743427594,-0.341246742,0.223,0.253,1,ADAM8,CD8_Exhausted,stable
PIM1,0.0596258669411205,0.355795449113379,0.198,0.168,1,PIM1,CD8_Exhausted,stable
CREB3,0.0601280969946603,-0.423031829,0.08,0.103,1,CREB3,CD8_Exhausted,stable
TGFBR1,0.0611542272885111,0.371853603258973,0.117,0.093,1,TGFBR1,CD8_Exhausted,stable
MAP4K4,0.0614096053378936,-0.360973707,0.27,0.299,1,MAP4K4,CD8_Exhausted,stable
G6PD,0.0635065843232488,-0.394557451,0.096,0.12,1,G6PD,CD8_Exhausted,stable
DUSP23,0.0641909058671211,0.405803070250232,0.121,0.097,1,DUSP23,CD8_Exhausted,stable
TNPO3,0.0653774741329138,-0.362578641,0.095,0.119,1,TNPO3,CD8_Exhausted,stable
UBE3A,0.0662008156508801,-0.55186232,0.13,0.154,1,UBE3A,CD8_Exhausted,stable
STIM1,0.0672985831951257,0.256083654004603,0.161,0.132,1,STIM1,CD8_Exhausted,stable
DAXX,0.069554027496919,-0.463453161,0.109,0.134,1,DAXX,CD8_Exhausted,stable
ANKRD40,0.0703392380172813,0.256842964218533,0.117,0.094,1,ANKRD40,CD8_Exhausted,stable
TRRAP,0.0725203131625742,-0.315158512,0.08,0.102,1,TRRAP,CD8_Exhausted,stable
REXO2,0.0727145984870317,-0.462061959,0.087,0.11,1,REXO2,CD8_Exhausted,stable
GCN1,0.0736409631529284,-0.467118191,0.083,0.105,1,GCN1,CD8_Exhausted,stable
IKBKB,0.0740353610113563,-0.358525256,0.105,0.128,1,IKBKB,CD8_Exhausted,stable
SYNCRIP,0.0752923461862999,-0.426381098,0.231,0.253,1,SYNCRIP,CD8_Exhausted,stable
CBLB,0.0759785186091448,-0.343229998,0.103,0.126,1,CBLB,CD8_Exhausted,stable
YLPM1,0.0766861264728034,-0.411267646,0.107,0.131,1,YLPM1,CD8_Exhausted,stable
FAF1,0.082126181237008,0.31436577085611,0.116,0.094,1,FAF1,CD8_Exhausted,stable
AFF1,0.0839984886402098,0.266863613139163,0.1,0.078,1,AFF1,CD8_Exhausted,stable
SPN,0.0851017082575602,0.284785543468835,0.11,0.088,1,SPN,CD8_Exhausted,stable
HADHA,0.0914163770388958,-0.329436791,0.201,0.225,1,HADHA,CD8_Exhausted,stable
PSMB5,0.0914998574905478,-0.34329963,0.117,0.141,1,PSMB5,CD8_Exhausted,stable
IFI44L,0.0934486322716564,-0.560627647,0.129,0.15,1,IFI44L,CD8_Exhausted,stable
RPA2,0.0946855060220955,-0.335988847,0.127,0.151,1,RPA2,CD8_Exhausted,stable
XPR1,0.0964682141578917,-0.310222669,0.104,0.125,1,XPR1,CD8_Exhausted,stable
HK1,0.100451312368454,-0.356275452,0.161,0.183,1,HK1,CD8_Exhausted,stable
IL2RB,0.101105825771692,-0.331305915,0.192,0.217,1,IL2RB,CD8_Exhausted,stable
IL21R,0.102078139373332,-0.537917636,0.1,0.12,1,IL21R,CD8_Exhausted,stable
CD96,0.102508666093618,-0.365235191,0.289,0.305,1,CD96,CD8_Exhausted,stable
GOT1,0.105112218294423,-0.390928545,0.095,0.115,1,GOT1,CD8_Exhausted,stable
AAMP,0.1055449757601,-0.346967716,0.104,0.124,1,AAMP,CD8_Exhausted,stable
MCM3AP,0.106229586584894,-0.353166749,0.091,0.11,1,MCM3AP,CD8_Exhausted,stable
SHC1,0.113892341325563,-0.294796434,0.204,0.229,1,SHC1,CD8_Exhausted,stable
CD40,0.117046076721876,0.322105812912124,0.12,0.1,1,CD40,CD8_Exhausted,stable
KLF16,0.120510146956015,0.2710714638645,0.106,0.086,1,KLF16,CD8_Exhausted,stable
SEC23B,0.121025927256211,-0.404907546,0.106,0.126,1,SEC23B,CD8_Exhausted,stable
UHRF1,0.121255911757308,-0.447843962,0.13,0.15,1,UHRF1,CD8_Exhausted,stable
LIMK1,0.123251125776729,-0.508455717,0.093,0.111,1,LIMK1,CD8_Exhausted,stable
CHEK1,0.126983819543009,-0.424987497,0.085,0.103,1,CHEK1,CD8_Exhausted,stable
UBTF,0.130024584517659,-0.353116293,0.165,0.187,1,UBTF,CD8_Exhausted,stable
ADD1,0.13033788543703,-0.309960168,0.199,0.222,1,ADD1,CD8_Exhausted,stable
HSD17B10,0.132331877304121,-0.551102006,0.101,0.119,1,HSD17B10,CD8_Exhausted,stable
EZH2,0.135395203117671,-0.530381645,0.089,0.106,1,EZH2,CD8_Exhausted,stable
PIK3CA,0.136944729669865,-0.417036587,0.083,0.1,1,PIK3CA,CD8_Exhausted,stable
METTL3,0.139437998161843,-0.464867823,0.083,0.1,1,METTL3,CD8_Exhausted,stable
NFKB2,0.141058100739523,-0.324792099,0.158,0.179,1,NFKB2,CD8_Exhausted,stable
PPP1CA,0.141194419789584,-0.320891935,0.303,0.315,1,PPP1CA,CD8_Exhausted,stable
ALG13,0.142195317855273,0.34940845926651,0.104,0.085,1,ALG13,CD8_Exhausted,stable
PAPSS1,0.143450067442731,-0.337254441,0.105,0.124,1,PAPSS1,CD8_Exhausted,stable
CYBC1,0.14407639106163,-0.518334638,0.104,0.121,1,CYBC1,CD8_Exhausted,stable
DDX1,0.144783716441593,-0.256821614,0.131,0.153,1,DDX1,CD8_Exhausted,stable
FDFT1,0.147275106082036,-0.42824035,0.083,0.1,1,FDFT1,CD8_Exhausted,stable
SP140,0.14801496818579,-0.344387966,0.203,0.222,1,SP140,CD8_Exhausted,stable
NECTIN2,0.151369703625498,-0.317512401,0.119,0.139,1,NECTIN2,CD8_Exhausted,stable
CCDC6,0.152223139115069,-0.550556361,0.111,0.129,1,CCDC6,CD8_Exhausted,stable
COPS5,0.156259398805749,-0.280207345,0.12,0.139,1,COPS5,CD8_Exhausted,stable
MPZL1,0.158809686679068,-0.273018785,0.125,0.145,1,MPZL1,CD8_Exhausted,stable
FASLG,0.159041263553781,-0.505784686,0.113,0.13,1,FASLG,CD8_Exhausted,stable
ACLY,0.162552114553803,-0.26759037,0.181,0.201,1,ACLY,CD8_Exhausted,stable
RGPD6,0.162793463455506,-0.432273157,0.087,0.104,1,RGPD6,CD8_Exhausted,stable
ATF2,0.163187564216131,-0.54098271,0.1,0.115,1,ATF2,CD8_Exhausted,stable
SLC35E1,0.163522682177768,-0.361443013,0.094,0.111,1,SLC35E1,CD8_Exhausted,stable
TFRC,0.172786628172106,-0.261966965,0.124,0.143,1,TFRC,CD8_Exhausted,stable
TTC9C,0.173282767542596,0.259252184692427,0.117,0.099,1,TTC9C,CD8_Exhausted,stable
IPO9,0.178508709669009,-0.293427363,0.101,0.118,1,IPO9,CD8_Exhausted,stable
ECPAS,0.180834053704616,-0.276015912,0.154,0.174,1,ECPAS,CD8_Exhausted,stable
TRIM28,0.184746026146274,-0.345583869,0.112,0.129,1,TRIM28,CD8_Exhausted,stable
EFNB2,0.190680330847202,-0.325278278,0.106,0.121,1,EFNB2,CD8_Exhausted,stable
SDF2L1,0.198104093877131,-0.291585242,0.09,0.105,1,SDF2L1,CD8_Exhausted,stable
SSRP1,0.202284072708965,-0.284460465,0.195,0.214,1,SSRP1,CD8_Exhausted,stable
PGD,0.202522203050603,-0.4532412,0.143,0.158,1,PGD,CD8_Exhausted,stable
TSC2,0.203468887827339,-0.46155463,0.094,0.109,1,TSC2,CD8_Exhausted,stable
DHCR24,0.217521769261918,0.29793144099438,0.108,0.093,1,DHCR24,CD8_Exhausted,stable
ITGB5,0.222578398938498,0.350217446319905,0.106,0.09,1,ITGB5,CD8_Exhausted,stable
PTDSS1,0.225132801020603,-0.416667943,0.149,0.164,1,PTDSS1,CD8_Exhausted,stable
AXIN1,0.228413235408883,-0.467494695,0.097,0.11,1,AXIN1,CD8_Exhausted,stable
EIF2AK3,0.228799978994494,-0.321933278,0.095,0.109,1,EIF2AK3,CD8_Exhausted,stable
SNX1,0.230684642217282,-0.374565298,0.148,0.162,1,SNX1,CD8_Exhausted,stable
TOP1,0.233931882984929,-0.261051614,0.178,0.194,1,TOP1,CD8_Exhausted,stable
KCTD9,0.237428799168788,-0.416101363,0.094,0.108,1,KCTD9,CD8_Exhausted,stable
PIK3CD,0.24572055720193,-0.297011791,0.12,0.136,1,PIK3CD,CD8_Exhausted,stable
NOTCH2,0.2485194998596,-0.26049386,0.189,0.205,1,NOTCH2,CD8_Exhausted,stable
CNP,0.25086718990404,-0.352619301,0.14,0.155,1,CNP,CD8_Exhausted,stable
UBE2I,0.254955052184515,-0.303531433,0.146,0.162,1,UBE2I,CD8_Exhausted,stable
CHFR,0.259617092866715,-0.365250546,0.109,0.124,1,CHFR,CD8_Exhausted,stable
PDCD6,0.260124347181272,-0.291355869,0.195,0.208,1,PDCD6,CD8_Exhausted,stable
RBM23,0.262168355112754,-0.434569777,0.111,0.124,1,RBM23,CD8_Exhausted,stable
PTK2,0.262447718103493,-0.408342692,0.089,0.102,1,PTK2,CD8_Exhausted,stable
EIF2AK2,0.263582771955242,-0.278928477,0.11,0.125,1,EIF2AK2,CD8_Exhausted,stable
HADHB,0.266207652906884,-0.308161688,0.125,0.139,1,HADHB,CD8_Exhausted,stable
CUL4A,0.282908688863479,-0.337749181,0.118,0.132,1,CUL4A,CD8_Exhausted,stable
SUMO4,0.301823183231252,-0.264457586,0.175,0.188,1,SUMO4,CD8_Exhausted,stable
CARD11,0.305229616271353,-0.331575864,0.106,0.118,1,CARD11,CD8_Exhausted,stable
CD7,0.321556381402807,-0.344854385,0.15,0.162,1,CD7,CD8_Exhausted,stable
XBP1,0.324976245108328,-0.408560492,0.316,0.28,1,XBP1,CD8_Exhausted,stable
TPMT,0.367236719639136,-0.360917151,0.116,0.126,1,TPMT,CD8_Exhausted,stable
FN3KRP,0.369955685799911,-0.335103909,0.103,0.113,1,FN3KRP,CD8_Exhausted,stable
CUL1,0.373966042573906,-0.274475516,0.126,0.136,1,CUL1,CD8_Exhausted,stable
LRRC47,0.375981933042002,-0.47119005,0.131,0.14,1,LRRC47,CD8_Exhausted,stable
RIC8A,0.384659285670876,-0.4155508,0.154,0.161,1,RIC8A,CD8_Exhausted,stable
TMPO,0.386733605723415,-0.260258271,0.154,0.166,1,TMPO,CD8_Exhausted,stable
CYTOR,0.38840628251654,-0.355403192,0.098,0.108,1,CYTOR,CD8_Exhausted,stable
PRPSAP1,0.436888172937625,-0.274093638,0.131,0.139,1,PRPSAP1,CD8_Exhausted,stable
CREBBP,0.437213565648043,-0.27641649,0.175,0.182,1,CREBBP,CD8_Exhausted,stable
CTCF,0.443040787418101,-0.273972045,0.112,0.122,1,CTCF,CD8_Exhausted,stable
SNAI2,0.451252832779956,-0.303274087,0.182,0.192,1,SNAI2,CD8_Exhausted,stable
SMAD7,0.489382790287643,-0.472243429,0.094,0.1,1,SMAD7,CD8_Exhausted,stable
AFAP1L2,0.505028092319261,-0.279926607,0.194,0.2,1,AFAP1L2,CD8_Exhausted,stable
ZNF512,0.521225388003085,-0.26026502,0.095,0.102,1,ZNF512,CD8_Exhausted,stable
RBM38,0.549655882505605,-0.283391661,0.137,0.143,1,RBM38,CD8_Exhausted,stable
PITHD1,0.596059987746803,-0.261624955,0.105,0.111,1,PITHD1,CD8_Exhausted,stable
MAP3K7,0.613621761247312,-0.359234426,0.102,0.106,1,MAP3K7,CD8_Exhausted,stable
MRC2,0.631161765997717,-0.269437427,0.1,0.105,1,MRC2,CD8_Exhausted,stable
VHL,0.634174658734394,-0.255692556,0.132,0.137,1,VHL,CD8_Exhausted,stable
NEK6,0.635067945359699,-0.339173734,0.101,0.105,1,NEK6,CD8_Exhausted,stable
THEMIS2,0.636302814590041,-0.410452205,0.105,0.109,1,THEMIS2,CD8_Exhausted,stable
OTUB1,0.760129606705075,-0.258074278,0.106,0.109,1,OTUB1,CD8_Exhausted,stable
SOX2-OT11,1.05328202673135e-298,-3.177222163,0.278,0.883,5.26746341568347e-295,SOX2-OT,CD8_CTL,down
CD8A5,5.52705079947747e-60,0.985001644174004,0.748,0.564,2.76407810481868e-56,CD8A,CD8_CTL,up
CD3E5,2.68189967635702e-54,1.01971466119317,0.656,0.433,1.34121802814614e-50,CD3E,CD8_CTL,up
SULF19,3.41159297398831e-40,2.59353318057419,0.138,0.025,1.70613764629155e-36,SULF1,CD8_CTL,up
LDHA11,1.9144500782127e-39,1.42045379703687,0.406,0.207,9.57416484114172e-36,LDHA,CD8_CTL,up
ARF611,1.19345884676985e-36,1.68676582342183,0.265,0.104,5.96848769269602e-33,ARF6,CD8_CTL,up
ALG1110,9.17037304634624e-35,-2.369915817,0.047,0.22,4.58610356047776e-31,ALG11,CD8_CTL,down
SLC40A111,9.14095114455968e-33,2.21056737682792,0.176,0.053,4.5713896673943e-29,SLC40A1,CD8_CTL,up
GZMB2,5.03849872549742e-32,1.31499598719466,0.313,0.145,2.51975321262126e-28,GZMB,CD8_CTL,up
APOBEC3C9,4.2776349983269e-29,1.46747989075102,0.251,0.108,2.13924526266328e-25,APOBEC3C,CD8_CTL,up
SOST8,1.17091961726805e-28,-0.995136823,0.249,0.444,5.85576900595753e-25,SOST,CD8_CTL,down
RAC111,9.94531835628251e-27,1.1843883701231,0.337,0.181,4.97365370997689e-23,RAC1,CD8_CTL,up
RHOA11,2.83302316945404e-26,1.28065012727698,0.306,0.159,1.41679488704396e-22,RHOA,CD8_CTL,up
TIMP210,9.23973928594457e-26,2.23784164568133,0.124,0.034,4.62079361690088e-22,TIMP2,CD8_CTL,up
HAVCR24,1.91511394480516e-24,2.17950565845241,0.116,0.031,9.57748483797059e-21,HAVCR2,CD8_CTL,up
DEK10,5.56114824323091e-24,1.64201077597576,0.175,0.065,2.78113023643978e-20,DEK,CD8_CTL,up
STAT18,8.08223673824719e-24,1.04420228337649,0.37,0.218,4.04192659279742e-20,STAT1,CD8_CTL,up
GZMH1,4.26365571301705e-23,0.91268548735615,0.39,0.238,2.13225422207983e-19,GZMH,CD8_CTL,up
PAIP211,1.27527901616342e-22,1.41545790870464,0.215,0.097,6.37767035983329e-19,PAIP2,CD8_CTL,up
VCAM15,2.20788480181839e-22,2.22748095132179,0.107,0.029,1.10416318938938e-18,VCAM1,CD8_CTL,up
CD3G5,7.30893516484805e-22,1.35157405564646,0.209,0.093,3.65519847594051e-18,CD3G,CD8_CTL,up
TNFSF44,7.83884374259952e-22,2.36195767779446,0.102,0.027,3.92020575567402e-18,TNFSF4,CD8_CTL,up
POSTN10,1.42689273006368e-21,2.04042392830442,0.139,0.049,7.13589054304845e-18,POSTN,CD8_CTL,up
UBE2D310,2.60707706609281e-21,1.18657745922831,0.274,0.145,1.30379924075301e-17,UBE2D3,CD8_CTL,up
ADGRE57,3.5597119595148e-21,1.06353729838768,0.337,0.198,1.78021195095335e-17,ADGRE5,CD8_CTL,up
TNFRSF95,8.01571828020035e-21,1.81741617815865,0.125,0.041,4.00866071192819e-17,TNFRSF9,CD8_CTL,up
GZMK3,8.97363870592702e-21,1.20591136214423,0.249,0.125,4.4877167168341e-17,GZMK,CD8_CTL,up
PKM10,1.14500358754168e-20,1.16636996915261,0.318,0.189,5.72616294129594e-17,PKM,CD8_CTL,up
GBP57,2.05568829779727e-20,1.21623124205588,0.247,0.126,1.02804971772841e-16,GBP5,CD8_CTL,up
ANXA211,5.39481489857571e-20,1.19414849870053,0.272,0.15,2.69794693077771e-16,ANXA2,CD8_CTL,up
CBX311,4.39034928654649e-19,1.37070437743719,0.191,0.087,2.1956136782019e-15,CBX3,CD8_CTL,up
GZMA4,7.40071246421061e-19,0.820750607698935,0.481,0.348,3.70109630335172e-15,GZMA,CD8_CTL,up
CDC4210,7.41246291982261e-19,1.17425194806253,0.25,0.132,3.70697270620329e-15,CDC42,CD8_CTL,up
CD278,9.44068927668514e-19,1.47156506110661,0.159,0.066,4.72128870727024e-15,CD27,CD8_CTL,up
LCK5,2.76417414146299e-18,-1.194027314,0.116,0.248,1.38236348814564e-14,LCK,CD8_CTL,down
HNRNPD10,5.92552658481303e-18,0.961694384135833,0.324,0.199,2.963355845065e-14,HNRNPD,CD8_CTL,up
IKZF18,9.21445304718695e-18,1.02399454957931,0.253,0.136,4.6081479688982e-14,IKZF1,CD8_CTL,up
PTGES311,1.34263272457054e-17,1.18063202180482,0.25,0.138,6.71450625557729e-14,PTGES3,CD8_CTL,up
H3F3B11,1.55900324468302e-17,0.976702019108019,0.324,0.202,7.7965752266598e-14,H3F3B,CD8_CTL,up
DAZAP211,1.83419750469378e-17,1.22355563134245,0.208,0.104,9.17282172097358e-14,DAZAP2,CD8_CTL,up
ANXA59,2.95816276790887e-17,0.969790286381902,0.24,0.127,1.47937720023122e-13,ANXA5,CD8_CTL,up
PICALM10,3.4380411010458e-17,1.37693836227452,0.17,0.077,1.71936435463301e-13,PICALM,CD8_CTL,up
TMEM14C11,3.88843852541983e-17,1.90405263337387,0.102,0.033,1.94460810656246e-13,TMEM14C,CD8_CTL,up
NAIP9,1.32738612546131e-16,-1.966247066,0.027,0.116,6.638258013432e-13,NAIP,CD8_CTL,down
FCGR2A11,1.41053166617561e-16,1.86275245727824,0.125,0.049,7.05406886254421e-13,FCGR2A,CD8_CTL,up
CDC2711,1.47884561509095e-16,-1.37208477,0.072,0.184,7.39570692106983e-13,CDC27,CD8_CTL,down
APOBEC3G4,2.87952089429101e-16,1.11793776159116,0.205,0.102,1.44004839923493e-12,APOBEC3G,CD8_CTL,up
SLAMF77,1.01018492529797e-15,1.14936949547439,0.196,0.099,5.05193481141514e-12,SLAMF7,CD8_CTL,up
PLEC9,4.08802987682315e-15,0.981865160153835,0.27,0.16,2.04442374139926e-11,PLEC,CD8_CTL,up
UBE2D211,4.88761370386327e-15,1.37561173003109,0.123,0.05,2.44429561330202e-11,UBE2D2,CD8_CTL,up
TUBB13,1.05095902817716e-14,0.921855865132907,0.35,0.239,5.25584609991396e-11,TUBB,CD8_CTL,up
VAMP311,1.8964125758435e-14,1.44871978865748,0.11,0.043,9.48395929179335e-11,VAMP3,CD8_CTL,up
YWHAZ9,2.19367986620102e-14,0.655847987606178,0.435,0.317,1.09705930108713e-10,YWHAZ,CD8_CTL,up
IRF19,3.90747259630288e-14,-0.945057377,0.161,0.281,1.95412704541107e-10,IRF1,CD8_CTL,down
KLRD11,4.26548677649229e-14,1.58198421824722,0.107,0.041,2.13316993692379e-10,KLRD1,CD8_CTL,up
EIF4EBP29,6.85964362744952e-14,1.40590930415937,0.146,0.069,3.4305077780875e-10,EIF4EBP2,CD8_CTL,up
PSMA67,2.38333802636673e-13,1.32969034779889,0.133,0.06,1.191907346986e-09,PSMA6,CD8_CTL,up
OSGIN12,2.42816293521263e-13,-1.84168068,0.026,0.1,1.21432428389984e-09,OSGIN1,CD8_CTL,down
NAP1L49,2.76699772906105e-13,1.15281423852853,0.173,0.09,1.38377556430343e-09,NAP1L4,CD8_CTL,up
EIF5A10,3.12707467519566e-13,1.2816696349103,0.151,0.073,1.56385004506535e-09,EIF5A,CD8_CTL,up
CD826,4.5517668448864e-13,1.36265684525843,0.129,0.059,2.27633859912769e-09,CD82,CD8_CTL,up
GIMAP45,6.27710030362366e-13,0.80551830634845,0.275,0.174,3.13917786184219e-09,GIMAP4,CD8_CTL,up
HECA10,1.23927768068905e-12,1.05540524225581,0.218,0.128,6.19762768112592e-09,HECA,CD8_CTL,up
SEPTIN67,2.27602460967932e-12,-0.984079103,0.089,0.187,1.13823990730063e-08,SEPTIN6,CD8_CTL,down
MAPRE29,4.94144193808333e-12,1.27038867518271,0.116,0.052,2.47121511323548e-08,MAPRE2,CD8_CTL,up
CD75,4.96281810744247e-12,1.16539876382885,0.14,0.068,2.48190533553198e-08,CD7,CD8_CTL,up
MMP1411,8.20451417231687e-12,1.28997992593009,0.14,0.07,4.10307753757567e-08,MMP14,CD8_CTL,up
GBP19,9.83451465088845e-12,0.957486958745215,0.204,0.117,4.91824077690931e-08,GBP1,CD8_CTL,up
PIM28,1.14423850714702e-11,-1.550062593,0.053,0.131,5.72233677424226e-08,PIM2,CD8_CTL,down
KIF5B10,1.25682248950473e-11,1.24236706811448,0.137,0.068,6.28536927001316e-08,KIF5B,CD8_CTL,up
SRSF19,1.79088420409926e-11,0.881623366768561,0.241,0.15,8.95621190470042e-08,SRSF1,CD8_CTL,up
AKT19,2.08838590296514e-11,1.04379134675037,0.156,0.082,1.04440179007287e-07,AKT1,CD8_CTL,up
CCND23,2.17202631205339e-11,0.831316331670686,0.267,0.171,1.0862303586579e-07,CCND2,CD8_CTL,up
PVT18,2.5016833635645e-11,-1.140958226,0.059,0.14,1.2510918501186e-07,PVT1,CD8_CTL,down
KLRG11,3.9223317731843e-11,-1.018473028,0.103,0.195,1.96155811976947e-07,KLRG1,CD8_CTL,down
ZYX9,7.37087039565474e-11,1.18582388986899,0.14,0.072,3.68617228486694e-07,ZYX,CD8_CTL,up
SNHG1511,1.43344382808544e-10,-0.841016003,0.128,0.222,7.16865258425527e-07,SNHG15,CD8_CTL,down
KLRK13,3.69348671507115e-10,0.67276709226909,0.299,0.205,1.84711270620708e-06,KLRK1,CD8_CTL,up
IQGAP110,8.88672723001083e-10,1.04326734696847,0.174,0.102,4.44425228772842e-06,IQGAP1,CD8_CTL,up
RTN49,1.22305075150071e-09,1.37227455873018,0.1,0.047,6.11647680825505e-06,RTN4,CD8_CTL,up
NBL110,1.30379717662842e-09,1.0622006625113,0.146,0.081,6.52028968031875e-06,NBL1,CD8_CTL,up
CD8B2,1.55697992784897e-09,1.06039571897433,0.131,0.068,7.78645661917269e-06,CD8B,CD8_CTL,up
STAT68,1.55885028211117e-09,-0.962797045,0.058,0.129,7.79581026083796e-06,STAT6,CD8_CTL,down
CSNK1A110,1.95733894289071e-09,1.20249161324137,0.118,0.06,9.78865205339643e-06,CSNK1A1,CD8_CTL,up
CD24,3.06086551820102e-09,0.490395330746752,0.396,0.303,1.53073884565233e-05,CD2,CD8_CTL,up
IL165,3.37206929521067e-09,-0.771528315,0.078,0.156,1.68637185453486e-05,IL16,CD8_CTL,down
CTLA45,3.65065987242628e-09,-1.194590372,0.069,0.14,1.82569500220039e-05,CTLA4,CD8_CTL,down
LBH9,3.89566070943493e-09,0.941948924659039,0.193,0.121,1.94821992078841e-05,LBH,CD8_CTL,up
AP2M18,5.3934834363464e-09,0.957882071831669,0.194,0.123,2.69728106651683e-05,AP2M1,CD8_CTL,up
LAMP19,7.5844069080613e-09,0.807714143892836,0.181,0.11,3.79296189472146e-05,LAMP1,CD8_CTL,up
APOL27,9.01641262123088e-09,1.23906041944644,0.132,0.073,4.50910795187756e-05,APOL2,CD8_CTL,up
CXCL97,9.45502354745449e-09,1.11861130429464,0.136,0.076,4.72845727608199e-05,CXCL9,CD8_CTL,up
PRR1311,1.07876325402181e-08,0.878728404674924,0.186,0.116,5.39489503336305e-05,PRR13,CD8_CTL,up
CST73,1.23010185673902e-08,0.826970901676872,0.16,0.094,6.15173938555182e-05,CST7,CD8_CTL,up
RHOC9,1.40418099208219e-08,1.18957152256897,0.101,0.05,7.02230914140302e-05,RHOC,CD8_CTL,up
IFI1610,1.49835635766349e-08,0.898261899144267,0.17,0.103,7.49328014467509e-05,IFI16,CD8_CTL,up
LAG32,1.74117981788157e-08,0.726347193742829,0.206,0.132,8.70764026922573e-05,LAG3,CD8_CTL,up
PGK111,1.75119508857751e-08,-0.992632343,0.059,0.124,8.75772663797614e-05,PGK1,CD8_CTL,down
KHDRBS111,2.24182421731979e-08,0.885657941281656,0.153,0.09,0.000112113629108163,KHDRBS1,CD8_CTL,up
OGT10,3.18067783721233e-08,-0.614541743,0.164,0.253,0.000159065698638989,OGT,CD8_CTL,down
EIF4G110,4.94039134206749e-08,1.030693059,0.137,0.079,0.000247068971016795,EIF4G1,CD8_CTL,up
PTPN223,5.29314104422598e-08,0.911088386619096,0.13,0.073,0.000264709983621741,PTPN22,CD8_CTL,up
NSUN58,5.37218075680633e-08,-1.076893982,0.049,0.108,0.000268662759647885,NSUN5,CD8_CTL,down
RAB27A5,6.12873805701954e-08,1.15130320369237,0.108,0.058,0.000306498190231547,RAB27A,CD8_CTL,up
IL2RG6,6.27759593045488e-08,0.539173048798068,0.288,0.207,0.000313942572482049,IL2RG,CD8_CTL,up
LENG811,6.74599553285071e-08,-0.554979718,0.18,0.266,0.000337367236597864,LENG8,CD8_CTL,down
PEA1510,8.21502150947318e-08,1.37445894880372,0.1,0.053,0.000410833225688754,PEA15,CD8_CTL,up
MYH98,9.86660996641025e-08,0.446857590574184,0.439,0.357,0.000493429164420176,MYH9,CD8_CTL,up
APP11,9.8794513890088e-08,1.15167035015549,0.105,0.056,0.00049407136396433,APP,CD8_CTL,up
EWSR18,1.28077228748188e-07,0.65412925444125,0.256,0.183,0.000640514220969687,EWSR1,CD8_CTL,up
MAPKAPK210,1.55996207845978e-07,0.918168153031546,0.153,0.093,0.000780137035437737,MAPKAPK2,CD8_CTL,up
ITGA48,1.62251262455614e-07,0.880972110500185,0.155,0.096,0.000811418563540528,ITGA4,CD8_CTL,up
CANX11,1.66106542978315e-07,0.774536706973067,0.175,0.111,0.000830698821434556,CANX,CD8_CTL,up
CD961,1.70867078265124e-07,0.667815130479259,0.282,0.208,0.000854506258403887,CD96,CD8_CTL,up
GPR1743,1.74264591266945e-07,0.69118617495072,0.218,0.149,0.00087149722092599,GPR174,CD8_CTL,up
CDV38,1.74722144014464e-07,0.746048168887266,0.172,0.108,0.000873785442216336,CDV3,CD8_CTL,up
ARL8B11,2.04576129530258e-07,0.829381698958336,0.174,0.111,0.00102308522378082,ARL8B,CD8_CTL,up
PIM111,3.03855158128619e-07,1.0938279137996,0.124,0.073,0.00151957964580123,PIM1,CD8_CTL,up
SLAMF63,3.26557177805614e-07,0.987918235214504,0.136,0.082,0.00163311244620588,SLAMF6,CD8_CTL,up
CBWD29,4.53183960845012e-07,-0.922501834,0.064,0.122,0.0022663729881859,CBWD2,CD8_CTL,down
GRK21,5.52870595861543e-07,0.787439240946949,0.22,0.156,0.00276490584990358,GRK2,CD8_CTL,up
APMAP11,8.49713755488128e-07,0.884931651783455,0.132,0.08,0.00424941849119613,APMAP,CD8_CTL,up
ITGAE3,9.03500573609597e-07,0.6673754137176,0.155,0.098,0.00451840636862159,ITGAE,CD8_CTL,up
PAK28,1.03186320826975e-06,0.684727769202156,0.142,0.087,0.00516034790455701,PAK2,CD8_CTL,up
IKZF35,1.3687311446436e-06,0.613774953266655,0.232,0.165,0.00684502445436262,IKZF3,CD8_CTL,up
ATP5F1C7,1.42850396237436e-06,1.04349791783633,0.106,0.061,0.00714394831583416,ATP5F1C,CD8_CTL,up
CD385,1.8760359962687e-06,0.921752415053661,0.107,0.062,0.00938205601733975,CD38,CD8_CTL,up
ELK48,2.53624059953535e-06,0.972353084593128,0.11,0.065,0.0126837392382763,ELK4,CD8_CTL,stable
ROCK110,2.55280000857682e-06,0.912443852034843,0.117,0.07,0.0127665528428927,ROCK1,CD8_CTL,stable
SKP111,3.56532544122452e-06,0.975392218550674,0.107,0.063,0.0178301925315638,SKP1,CD8_CTL,stable
MIAT4,4.0672184523357e-06,0.54417171475992,0.358,0.295,0.0203401594801308,MIAT,CD8_CTL,stable
ABI31,4.07502103970099e-06,0.870880127733705,0.122,0.075,0.0203791802195446,ABI3,CD8_CTL,stable
RAP1A8,7.93346507479242e-06,0.644382359488679,0.294,0.234,0.0396752588390369,RAP1A,CD8_CTL,stable
ITM2A2,8.33110545028647e-06,0.795291029632705,0.112,0.068,0.0416638583568826,ITM2A,CD8_CTL,stable
CTSA5,8.43538621820091e-06,0.846707388587527,0.107,0.064,0.0421853664772227,CTSA,CD8_CTL,stable
GPBP110,9.57939074611229e-06,1.03165427152547,0.106,0.064,0.0479065331213076,GPBP1,CD8_CTL,stable
UBTF9,1.20383825686995e-05,-0.706747706,0.056,0.104,0.0602039512260663,UBTF,CD8_CTL,stable
DDX39B10,1.23197504457224e-05,-0.370118003,0.21,0.283,0.0616110719790579,DDX39B,CD8_CTL,stable
ABCC19,1.45712276430655e-05,-1.064079056,0.061,0.107,0.0728707094429707,ABCC1,CD8_CTL,stable
SFPQ10,2.20574223294255e-05,0.711458268626317,0.159,0.11,0.110309169069457,SFPQ,CD8_CTL,stable
CXCL135,3.19046838887157e-05,-1.05273446,0.082,0.131,0.159555324127467,CXCL13,CD8_CTL,stable
HIF1A9,3.27451047491886e-05,0.852237805955242,0.153,0.107,0.163758268850692,HIF1A,CD8_CTL,stable
CASP85,3.59935288007137e-05,0.760499056661327,0.148,0.102,0.180003637532369,CASP8,CD8_CTL,stable
HNRNPLL5,4.29776216342081e-05,-0.582806662,0.096,0.148,0.214931085792675,HNRNPLL,CD8_CTL,stable
ILF311,6.46539914028972e-05,-0.57614379,0.088,0.137,0.323334611005889,ILF3,CD8_CTL,stable
NLRC56,6.5206353787347e-05,-0.386642917,0.116,0.172,0.326096975290523,NLRC5,CD8_CTL,stable
MX111,6.53185219671776e-05,-0.678294602,0.062,0.106,0.326657928357855,MX1,CD8_CTL,stable
HNRNPH16,8.07914912768106e-05,0.434916700573976,0.382,0.326,0.40403824787533,HNRNPH1,CD8_CTL,stable
CASP36,8.93508251598636e-05,0.781188562064271,0.106,0.068,0.446843476624478,CASP3,CD8_CTL,stable
SDHA11,9.01020367784933e-05,-0.574050284,0.121,0.174,0.450600285929245,SDHA,CD8_CTL,stable
GNAI29,9.14047352751146e-05,0.616415454663226,0.199,0.151,0.457115081110848,GNAI2,CD8_CTL,stable
MSN3,9.20595000967311e-05,0.361475041422413,0.377,0.319,0.460389559983752,MSN,CD8_CTL,stable
IGF2R8,0.000119054568510525,0.563619586045691,0.15,0.105,0.595391897121134,IGF2R,CD8_CTL,stable
BECN18,0.000120690581539651,0.92014131406095,0.101,0.065,0.603573598279793,BECN1,CD8_CTL,stable
PTK2B9,0.000146678390668442,-0.580849701,0.105,0.153,0.733538631732879,PTK2B,CD8_CTL,stable
ZAP703,0.000166984548702907,-0.651445458,0.061,0.102,0.835089728063236,ZAP70,CD8_CTL,stable
DAP9,0.000177116565562284,0.82136494807577,0.118,0.081,0.885759944376983,DAP,CD8_CTL,stable
RAN9,0.00020153633756634,-0.519814176,0.125,0.177,1,RAN,CD8_CTL,stable
GOLPH311,0.00024550136382612,0.533932959764738,0.156,0.112,1,GOLPH3,CD8_CTL,stable
GLS6,0.000271894766018818,-0.543525854,0.081,0.124,1,GLS,CD8_CTL,stable
MAP47,0.000275955832488161,0.627208901887188,0.142,0.101,1,MAP4,CD8_CTL,stable
PIK3CD5,0.000278867220159855,-0.625590337,0.065,0.105,1,PIK3CD,CD8_CTL,stable
CYLD9,0.000283880883259496,-0.431632586,0.174,0.23,1,CYLD,CD8_CTL,stable
CLPTM1L7,0.000304980122111647,-0.507238617,0.068,0.108,1,CLPTM1L,CD8_CTL,stable
CTBP16,0.000358538561796847,0.566967707850674,0.16,0.119,1,CTBP1,CD8_CTL,stable
ITGB73,0.000419491758365878,0.576622372951889,0.119,0.082,1,ITGB7,CD8_CTL,stable
RBBP411,0.000454354835458374,-0.502492752,0.1,0.145,1,RBBP4,CD8_CTL,stable
NCOR16,0.000457122527121189,0.759656077316475,0.11,0.075,1,NCOR1,CD8_CTL,stable
GUSB8,0.000498198756555021,-0.33365986,0.115,0.163,1,GUSB,CD8_CTL,stable
ADD16,0.000528099186449542,-0.412755166,0.067,0.106,1,ADD1,CD8_CTL,stable
GIMAP53,0.000552925640541479,-0.554468848,0.075,0.115,1,GIMAP5,CD8_CTL,stable
PRRC2A10,0.000608669368619468,-0.463784381,0.086,0.128,1,PRRC2A,CD8_CTL,stable
RBM386,0.000610495294777688,-0.438610793,0.065,0.104,1,RBM38,CD8_CTL,stable
PARK74,0.000649311830512723,0.419355744055136,0.181,0.136,1,PARK7,CD8_CTL,stable
SF3B111,0.000651431664895884,-0.359062518,0.157,0.209,1,SF3B1,CD8_CTL,stable
SMARCA510,0.000651986243610183,0.509759637577654,0.173,0.131,1,SMARCA5,CD8_CTL,stable
RNF18711,0.000743110551675074,0.474419144978574,0.137,0.099,1,RNF187,CD8_CTL,stable
RBPJ5,0.000880042305567997,0.784950227393829,0.12,0.086,1,RBPJ,CD8_CTL,stable
KRAS3,0.000930707420848913,0.732052356529219,0.1,0.068,1,KRAS,CD8_CTL,stable
WDR265,0.00113801471962953,0.519040836553436,0.194,0.153,1,WDR26,CD8_CTL,stable
IL10RA7,0.00132235641897722,-0.610503581,0.082,0.119,1,IL10RA,CD8_CTL,stable
RAB7A8,0.00150828297362178,0.457457914504986,0.118,0.084,1,RAB7A,CD8_CTL,stable
PDXDC17,0.00180064595986386,-0.467144794,0.066,0.1,1,PDXDC1,CD8_CTL,stable
CYBA6,0.00189816317291096,0.514666332941043,0.152,0.116,1,CYBA,CD8_CTL,stable
CD997,0.00190878749217719,0.326604959285772,0.249,0.202,1,CD99,CD8_CTL,stable
RANBP28,0.00192850367221291,0.62428838747483,0.147,0.113,1,RANBP2,CD8_CTL,stable
ARRB27,0.00270604217126647,0.464621430812545,0.158,0.122,1,ARRB2,CD8_CTL,stable
CD475,0.00273741080098103,0.444256435034399,0.185,0.146,1,CD47,CD8_CTL,stable
ACAP14,0.00302992687605714,-0.336771184,0.146,0.189,1,ACAP1,CD8_CTL,stable
BCL2L19,0.00305357585640867,0.602222990725966,0.105,0.076,1,BCL2L1,CD8_CTL,stable
ITGAL6,0.00311386679206799,0.408994231957478,0.233,0.191,1,ITGAL,CD8_CTL,stable
ETS14,0.00315482899059254,0.44883403272254,0.185,0.148,1,ETS1,CD8_CTL,stable
HNRNPA1L211,0.00361481011203838,0.365495161499683,0.434,0.402,1,HNRNPA1L2,CD8_CTL,stable
F2R3,0.00441022336251485,0.474370354083489,0.118,0.087,1,F2R,CD8_CTL,stable
PPM1A9,0.00448926976628321,0.605828963890441,0.106,0.078,1,PPM1A,CD8_CTL,stable
EIF4A12,0.00495941449431186,0.510437245749756,0.215,0.18,1,EIF4A1,CD8_CTL,stable
SNRNP2009,0.00523925434352155,-0.466211864,0.105,0.141,1,SNRNP200,CD8_CTL,stable
DNM211,0.00551259226637097,-0.289654043,0.105,0.142,1,DNM2,CD8_CTL,stable
HSPA87,0.00635591425641862,0.30956994793146,0.388,0.348,1,HSPA8,CD8_CTL,stable
PRF1,0.00677098537761109,0.418309165948236,0.102,0.075,1,PRF1,CD8_CTL,stable
OPTN7,0.00764314591748208,0.51674069686873,0.115,0.087,1,OPTN,CD8_CTL,stable
NCOR29,0.00779409496214433,0.563957168108619,0.133,0.104,1,NCOR2,CD8_CTL,stable
TOP2B7,0.00832801368377633,0.632410938283496,0.125,0.098,1,TOP2B,CD8_CTL,stable
PTEN9,0.00873166415716407,0.705189428198462,0.107,0.082,1,PTEN,CD8_CTL,stable
NORAD9,0.00976609996800209,0.417780162029859,0.13,0.102,1,NORAD,CD8_CTL,stable
PHB26,0.0109294552983203,0.790708842654794,0.105,0.081,1,PHB2,CD8_CTL,stable
PPP1R16B,0.0109568178907987,0.530739234421971,0.106,0.081,1,PPP1R16B,CD8_CTL,stable
SF3A17,0.0111344911410432,-0.299553824,0.075,0.104,1,SF3A1,CD8_CTL,stable
SLFN58,0.0113986343570352,-0.322239378,0.1,0.132,1,SLFN5,CD8_CTL,stable
HNRNPF5,0.0122211046957969,0.346323586022132,0.179,0.146,1,HNRNPF,CD8_CTL,stable
LAT4,0.0123297092946476,-0.324842952,0.109,0.142,1,LAT,CD8_CTL,stable
CYFIP23,0.0135781486153249,-0.280580473,0.097,0.128,1,CYFIP2,CD8_CTL,stable
MRFAP1L15,0.0139635519351877,0.427575996333363,0.131,0.104,1,MRFAP1L1,CD8_CTL,stable
DNAJA14,0.0140858467808317,0.672114692363075,0.1,0.076,1,DNAJA1,CD8_CTL,stable
AOAH3,0.0145578339579936,0.563277516716655,0.143,0.115,1,AOAH,CD8_CTL,stable
BTN3A15,0.0152504114990547,0.438953119158377,0.135,0.108,1,BTN3A1,CD8_CTL,stable
UCP23,0.0169340615379112,0.529647708850606,0.128,0.102,1,UCP2,CD8_CTL,stable
APOL64,0.0190902432091751,0.471406129077916,0.143,0.117,1,APOL6,CD8_CTL,stable
HIPK311,0.0199238310893617,0.394301295730714,0.108,0.084,1,HIPK3,CD8_CTL,stable
KPNB111,0.0201628520292052,-0.30403271,0.106,0.135,1,KPNB1,CD8_CTL,stable
FASLG3,0.0201745729534294,-0.316244867,0.079,0.105,1,FASLG,CD8_CTL,stable
EVI2B8,0.0228101860440839,0.608142374499451,0.101,0.079,1,EVI2B,CD8_CTL,stable
CD446,0.0233095450232751,0.369627210016711,0.294,0.271,1,CD44,CD8_CTL,stable
CHD36,0.028784598497138,0.430941007594206,0.156,0.13,1,CHD3,CD8_CTL,stable
HDAC11,0.0295417675512407,0.494823864629732,0.113,0.09,1,HDAC1,CD8_CTL,stable
YWHAQ5,0.0314749172046927,0.440817353,0.117,0.094,1,YWHAQ,CD8_CTL,stable
SAFB7,0.0346528539875146,-0.319960883,0.086,0.111,1,SAFB,CD8_CTL,stable
CPSF68,0.0390748384615345,-0.302528916,0.107,0.132,1,CPSF6,CD8_CTL,stable
PTPN19,0.0448012864850928,0.480918320556186,0.102,0.082,1,PTPN1,CD8_CTL,stable
ACTN45,0.0448501291977683,0.328319827040268,0.135,0.113,1,ACTN4,CD8_CTL,stable
GTF2I2,0.0476664674973083,0.416644528406114,0.113,0.092,1,GTF2I,CD8_CTL,stable
BIRC26,0.04811294269325,0.624860676759896,0.1,0.081,1,BIRC2,CD8_CTL,stable
SP33,0.0499352358891266,-0.270965558,0.089,0.112,1,SP3,CD8_CTL,stable
ATF46,0.0638403887329449,-0.269184546,0.153,0.18,1,ATF4,CD8_CTL,stable
RASSF53,0.0689224477504082,0.429882120925751,0.12,0.101,1,RASSF5,CD8_CTL,stable
ATP5F1A7,0.0753906753882854,0.271710751581771,0.195,0.17,1,ATP5F1A,CD8_CTL,stable
IL2RB4,0.07910995309611,0.270266076309229,0.142,0.12,1,IL2RB,CD8_CTL,stable
TGFBR29,0.0822384422609219,0.469093221536021,0.149,0.13,1,TGFBR2,CD8_CTL,stable
MBNL12,0.084169481274045,0.370834166899663,0.185,0.164,1,MBNL1,CD8_CTL,stable
RUNX35,0.1003902565867,0.334648048521206,0.117,0.099,1,RUNX3,CD8_CTL,stable
PRKACB4,0.10189920048683,0.462608183751322,0.112,0.095,1,PRKACB,CD8_CTL,stable
ITGB24,0.103750341129534,0.277904415171116,0.231,0.21,1,ITGB2,CD8_CTL,stable
TARDBP5,0.11105400647263,0.342538594971779,0.142,0.124,1,TARDBP,CD8_CTL,stable
RPN110,0.124845679011402,0.382051671342563,0.107,0.092,1,RPN1,CD8_CTL,stable
RBL29,0.144348457402654,0.292003581516851,0.16,0.144,1,RBL2,CD8_CTL,stable
SMARCA28,0.160940584290108,0.373446913826412,0.118,0.104,1,SMARCA2,CD8_CTL,stable
CSNK2B6,0.193562553559252,0.31322002944328,0.154,0.14,1,CSNK2B,CD8_CTL,stable
HNRNPUL11,0.195133471802685,0.274701899758128,0.139,0.126,1,HNRNPUL1,CD8_CTL,stable
SMARCE13,0.246466156110509,0.339948993161017,0.114,0.102,1,SMARCE1,CD8_CTL,stable
CNOT17,0.374251724055854,0.276027563190126,0.106,0.098,1,CNOT1,CD8_CTL,stable
SLC2A37,0.723293512973044,0.265001956031856,0.101,0.099,1,SLC2A3,CD8_CTL,stable
SOX2-OT3,0,-2.701170015,0.246,0.71,0,SOX2-OT,Alveolar_Marcophage,down
FCGR2A3,0,1.64732114788235,0.83,0.527,0,FCGR2A,Alveolar_Marcophage,up
SLC40A13,1.53114092868958e-291,2.0472542841173,0.477,0.14,7.6572357843766e-288,SLC40A1,Alveolar_Marcophage,up
GPR341,2.47907947882473e-241,2.98025096834557,0.269,0.03,1.23978764736025e-237,GPR34,Alveolar_Marcophage,up
LDHA3,9.0943851819262e-223,1.98305819997744,0.529,0.248,4.5481020294813e-219,LDHA,Alveolar_Marcophage,up
MAFB3,1.13503329526062e-209,1.445232282,0.582,0.303,5.67630150959836e-206,MAFB,Alveolar_Marcophage,up
MMP122,6.14241622316394e-206,2.01177053030389,0.453,0.181,3.07182235320429e-202,MMP12,Alveolar_Marcophage,up
CCL132,7.35373513230814e-176,2.77929856428799,0.231,0.038,3.6776029396673e-172,CCL13,Alveolar_Marcophage,up
COLEC121,6.56154191623968e-161,3.04999871584309,0.189,0.022,3.28142711231146e-157,COLEC12,Alveolar_Marcophage,up
ALDH23,4.77297686795102e-160,-2.183547987,0.091,0.306,2.3869657316623e-156,ALDH2,Alveolar_Marcophage,down
NR1H31,1.45484536249229e-156,-2.31588166,0.084,0.29,7.27568165782393e-153,NR1H3,Alveolar_Marcophage,down
NRP13,3.94277070539421e-144,1.68135600776485,0.315,0.107,1.97177962976764e-140,NRP1,Alveolar_Marcophage,up
CD931,2.28220456364285e-143,2.34447612632269,0.198,0.033,1.14133050227779e-139,CD93,Alveolar_Marcophage,up
RAC13,1.89395530782181e-125,0.968769500955644,0.584,0.37,9.47167049441689e-122,RAC1,Alveolar_Marcophage,up
FCGR2B1,1.88494280899675e-120,1.81562467326404,0.272,0.093,9.42659898779274e-117,FCGR2B,Alveolar_Marcophage,up
NBL12,4.08789683571738e-119,1.64115291106862,0.288,0.103,2.04435720754226e-115,NBL1,Alveolar_Marcophage,up
SFRP4,1.33533561437843e-117,4.46987656785427,0.114,0.005,6.67801340750652e-114,SFRP4,Alveolar_Marcophage,up
THBD2,2.83179068610443e-112,2.40098691464241,0.172,0.034,1.41617852212082e-108,THBD,Alveolar_Marcophage,up
ITGA42,1.29868868276381e-111,1.91911208074672,0.203,0.052,6.49474210250182e-108,ITGA4,Alveolar_Marcophage,up
STAB11,6.30590603368863e-111,0.656729984748592,0.426,0.195,3.15358360744768e-107,STAB1,Alveolar_Marcophage,up
POSTN3,1.09899780924256e-108,1.816794336,0.276,0.105,5.49608804402204e-105,POSTN,Alveolar_Marcophage,up
TIMP22,2.8289207411483e-103,1.15913331233254,0.448,0.253,1.41474326264826e-99,TIMP2,Alveolar_Marcophage,up
DAZAP23,1.11288407586623e-101,1.38648821730023,0.339,0.157,5.565533263407e-98,DAZAP2,Alveolar_Marcophage,up
H3F3B3,3.20097815391751e-98,0.968358653929873,0.474,0.277,1.60080917477415e-94,H3F3B,Alveolar_Marcophage,up
TFRC2,1.00076765456951e-96,-1.717632908,0.107,0.268,5.00483904050214e-93,TFRC,Alveolar_Marcophage,down
SULF12,6.2555978799765e-96,1.82930057768683,0.222,0.075,3.12842449977625e-92,SULF1,Alveolar_Marcophage,up
VAMP33,2.02054920846949e-94,1.68046907718901,0.249,0.094,1.01047665915559e-90,VAMP3,Alveolar_Marcophage,up
MMP11,2.01646599665871e-93,3.33311903619327,0.123,0.018,1.00843464492902e-89,MMP11,Alveolar_Marcophage,up
NDRG13,1.08317553539196e-92,1.778003891,0.267,0.111,5.41696085249521e-89,NDRG1,Alveolar_Marcophage,up
ADAMDEC12,2.77395598628816e-90,-1.403799696,0.178,0.346,1.38725538874271e-86,ADAMDEC1,Alveolar_Marcophage,down
SLCO2B12,5.07353012112571e-90,0.774601324361161,0.544,0.353,2.53727241357497e-86,SLCO2B1,Alveolar_Marcophage,up
MAF2,1.73686619215899e-89,1.20333537329788,0.241,0.088,8.68606782698712e-86,MAF,Alveolar_Marcophage,up
DEK2,1.37426984989271e-88,1.74603719951252,0.223,0.08,6.87272351931346e-85,DEK,Alveolar_Marcophage,up
F13A11,9.17023547769654e-87,1.0168153763205,0.205,0.065,4.58603476239604e-83,F13A1,Alveolar_Marcophage,up
CD3021,8.49878189610042e-86,1.55508146408759,0.217,0.077,4.25024082623982e-82,CD302,Alveolar_Marcophage,up
SGK13,2.0983020725083e-83,-1.342457998,0.209,0.371,1.0493608664614e-79,SGK1,Alveolar_Marcophage,down
IDO11,2.59738567914714e-80,-2.900083111,0.016,0.113,1.29895257814149e-76,IDO1,Alveolar_Marcophage,down
CTHRC1,3.11519260278811e-79,1.76840254674128,0.179,0.057,1.55790782065434e-75,CTHRC1,Alveolar_Marcophage,up
COL5A12,1.67561677641219e-78,1.54377115447806,0.204,0.073,8.37975949883737e-75,COL5A1,Alveolar_Marcophage,up
CD2092,1.96913213946246e-77,1.0644462775415,0.286,0.133,9.84762982945177e-74,CD209,Alveolar_Marcophage,up
IFNAR12,1.50536168336066e-76,1.40681289298472,0.275,0.128,7.52831377848664e-73,IFNAR1,Alveolar_Marcophage,up
FCGR3A2,2.48723050007149e-74,1.20708346914575,0.277,0.129,1.24386397308575e-70,FCGR3A,Alveolar_Marcophage,up
ENPP22,8.32352047303154e-73,1.20941600236391,0.176,0.058,4.16259258856307e-69,ENPP2,Alveolar_Marcophage,up
CLEC10A,3.69572904734637e-72,-2.289931153,0.031,0.133,1.84823409657792e-68,CLEC10A,Alveolar_Marcophage,down
IRF11,1.35236002650437e-71,-1.053033087,0.168,0.321,6.76315249254837e-68,IRF1,Alveolar_Marcophage,down
OLFML32,1.73225386295919e-71,1.99990571176406,0.137,0.036,8.66300156865889e-68,OLFML3,Alveolar_Marcophage,up
APP3,3.06377779011442e-71,0.957104467827145,0.366,0.208,1.53219527283622e-67,APP,Alveolar_Marcophage,up
RHOA3,8.87474804065416e-71,0.992609276991669,0.403,0.246,4.43826149513115e-67,RHOA,Alveolar_Marcophage,up
CD99,5.9069146650317e-70,0.926240333923781,0.308,0.155,2.95404802398235e-66,CD99,Alveolar_Marcophage,up
PAIP23,2.08728593969389e-69,1.50652559091074,0.22,0.093,1.04385169844091e-65,PAIP2,Alveolar_Marcophage,up
ANXA23,7.85824491813555e-69,0.790956362102288,0.521,0.363,3.92990828355959e-65,ANXA2,Alveolar_Marcophage,up
CTSC3,4.46054330137819e-67,-0.796291718,0.464,0.573,2.23071770501923e-63,CTSC,Alveolar_Marcophage,down
NCF12,3.55315101933359e-66,-1.122371394,0.132,0.269,1.77693082476873e-62,NCF1,Alveolar_Marcophage,down
CYP27A1,4.83717449981223e-66,-2.110262759,0.034,0.13,2.41907096735609e-62,CYP27A1,Alveolar_Marcophage,down
HECA3,1.12365409516353e-65,1.30104576051914,0.243,0.112,5.61939412991283e-62,HECA,Alveolar_Marcophage,up
FCGR3B3,2.33794841148411e-62,0.983587243952714,0.391,0.241,1.1692080005832e-58,FCGR3B,Alveolar_Marcophage,up
SNHG153,1.49701486347786e-61,-1.277874822,0.107,0.232,7.48657133225276e-58,SNHG15,Alveolar_Marcophage,down
IL10RA2,1.34082346616849e-60,-1.343018783,0.122,0.247,6.70545815430862e-57,IL10RA,Alveolar_Marcophage,down
RTN41,2.25461224451921e-59,0.980891383550198,0.326,0.187,1.12753158348406e-55,RTN4,Alveolar_Marcophage,up
FOLR2,2.62165457942156e-58,1.32987968659452,0.121,0.034,1.31108945516872e-54,FOLR2,Alveolar_Marcophage,up
ICAM13,7.24966749440791e-58,1.1864786707707,0.255,0.13,3.62555871395339e-54,ICAM1,Alveolar_Marcophage,up
CCDC802,2.68118246035142e-57,1.54745271111788,0.138,0.045,1.34085934842174e-53,CCDC80,Alveolar_Marcophage,up
PLEKHO13,3.64606516455834e-57,-1.215795037,0.143,0.269,1.82339718879563e-53,PLEKHO1,Alveolar_Marcophage,down
WARS2,1.32409544332113e-56,-1.223784603,0.102,0.219,6.62180131204897e-53,WARS,Alveolar_Marcophage,down
PLA2G71,1.38761307445708e-56,-1.166697319,0.124,0.247,6.93945298535985e-53,PLA2G7,Alveolar_Marcophage,down
ADAM93,6.38186194971229e-56,0.962986486538754,0.297,0.165,3.19156916105112e-52,ADAM9,Alveolar_Marcophage,up
ARF63,1.39104983325612e-55,1.40719175946058,0.192,0.083,6.95664021611388e-52,ARF6,Alveolar_Marcophage,up
SCPEP11,2.54687418874096e-55,-1.025381148,0.273,0.396,1.27369178178936e-51,SCPEP1,Alveolar_Marcophage,down
AEBP1,4.03317484182826e-55,1.78877314551446,0.106,0.027,2.01699073839831e-51,AEBP1,Alveolar_Marcophage,up
WNT5A1,4.10390577789256e-55,1.91669222421614,0.118,0.035,2.05236327952407e-51,WNT5A,Alveolar_Marcophage,up
IL2RA2,3.89418318948669e-54,1.15123448490891,0.239,0.121,1.9474810130623e-50,IL2RA,Alveolar_Marcophage,up
TMEM14C3,3.58808075603398e-53,1.15240885389044,0.205,0.095,1.7943991860926e-49,TMEM14C,Alveolar_Marcophage,up
MSR12,6.11032474004226e-53,0.542558835679198,0.494,0.342,3.05577340249513e-49,MSR1,Alveolar_Marcophage,up
TREM11,1.82624971203865e-52,1.83375292875893,0.123,0.039,9.13307480990528e-49,TREM1,Alveolar_Marcophage,up
TNFRSF213,2.59724424918297e-52,1.59545781649594,0.116,0.035,1.2988818490164e-48,TNFRSF21,Alveolar_Marcophage,up
CDC422,2.74078730230506e-52,0.956138774061771,0.317,0.188,1.37066772988276e-48,CDC42,Alveolar_Marcophage,up
PICALM2,9.50954490370947e-52,1.13375204809111,0.255,0.136,4.75572340634511e-48,PICALM,Alveolar_Marcophage,up
P4HA12,4.25028733451558e-51,1.33267911336906,0.21,0.101,2.12556869599124e-47,P4HA1,Alveolar_Marcophage,up
CLIC43,5.66451515771691e-49,1.10006903436588,0.273,0.155,2.83282403037423e-45,CLIC4,Alveolar_Marcophage,up
CCL82,9.61821542208171e-49,1.68149996001862,0.168,0.073,4.81006953258306e-45,CCL8,Alveolar_Marcophage,up
ERRFI12,1.33446823706932e-48,1.35476003477681,0.144,0.056,6.67367565358369e-45,ERRFI1,Alveolar_Marcophage,up
STAT61,2.6215175493634e-48,-1.347564544,0.102,0.207,1.31102092643664e-44,STAT6,Alveolar_Marcophage,down
LTA4H1,2.88479102529984e-48,-1.202578708,0.083,0.184,1.44268399175245e-44,LTA4H,Alveolar_Marcophage,down
PTGES33,5.89695991705241e-48,0.848440829500194,0.32,0.194,2.94906965451791e-44,PTGES3,Alveolar_Marcophage,up
HBEGF2,9.16946402758566e-48,-1.774690862,0.042,0.124,4.58564896019559e-44,HBEGF,Alveolar_Marcophage,down
MARCO1,5.16397817477501e-47,-0.925225211,0.098,0.204,2.58250548520498e-43,MARCO,Alveolar_Marcophage,down
PDGFC2,7.79820154432006e-47,1.68119990617041,0.112,0.036,3.89988059231446e-43,PDGFC,Alveolar_Marcophage,up
PLTP2,4.7275129691103e-46,1.18054609234044,0.118,0.04,2.36422923585206e-42,PLTP,Alveolar_Marcophage,up
SLC11A21,8.39832974356406e-46,1.04802855296519,0.229,0.121,4.20000470475638e-42,SLC11A2,Alveolar_Marcophage,up
SLAMF73,1.09016911067917e-44,-0.847512707,0.204,0.323,5.45193572250652e-41,SLAMF7,Alveolar_Marcophage,down
PFKFB33,6.13742447328351e-43,-1.457506524,0.118,0.216,3.06932597908908e-39,PFKFB3,Alveolar_Marcophage,down
EIF5A3,8.62680940288228e-43,0.985998870540648,0.233,0.127,4.31426738238143e-39,EIF5A,Alveolar_Marcophage,up
SCIMP1,1.28498747689428e-42,-1.142405854,0.11,0.21,6.4262223719483e-39,SCIMP,Alveolar_Marcophage,down
FBP11,1.54993278960134e-42,-1.197628755,0.064,0.15,7.75121388079629e-39,FBP1,Alveolar_Marcophage,down
CEBPA,1.80802583487839e-42,-1.913919675,0.039,0.112,9.04193720022681e-39,CEBPA,Alveolar_Marcophage,down
MXRA72,3.64160342850186e-42,1.40901417090859,0.118,0.043,1.82116587459378e-38,MXRA7,Alveolar_Marcophage,up
TUBB4,1.05067937493968e-41,0.656107571128843,0.451,0.326,5.25444755407335e-38,TUBB,Alveolar_Marcophage,up
FSTL12,1.27023054146667e-41,1.70546911066556,0.103,0.034,6.35242293787481e-38,FSTL1,Alveolar_Marcophage,up
FMN12,3.03909501486882e-41,0.977998888698523,0.255,0.15,1.51985141693589e-37,FMN1,Alveolar_Marcophage,up
CBX33,1.19667881616587e-40,1.0627477928614,0.202,0.105,5.98459075964554e-37,CBX3,Alveolar_Marcophage,up
STAT12,2.10942812417739e-39,-0.557442133,0.404,0.507,1.05492500490111e-35,STAT1,Alveolar_Marcophage,down
SLC43A21,3.31432695040365e-39,-1.506130607,0.053,0.129,1.65749490789687e-35,SLC43A2,Alveolar_Marcophage,down
SOCS33,9.09596486141039e-39,-1.119103741,0.119,0.214,4.54889202719134e-35,SOCS3,Alveolar_Marcophage,down
IFIT33,1.55244759353318e-38,-0.848856727,0.072,0.157,7.76379041525943e-35,IFIT3,Alveolar_Marcophage,down
CANX3,7.143841095674e-38,0.627155313495547,0.371,0.252,3.57263493194657e-34,CANX,Alveolar_Marcophage,up
SRSF11,8.13183890547609e-38,0.846623961121702,0.276,0.169,4.06673263662859e-34,SRSF1,Alveolar_Marcophage,up
CSNK1A13,9.99057831347125e-37,1.14840591385207,0.173,0.088,4.99628821456697e-33,CSNK1A1,Alveolar_Marcophage,up
GLUD13,1.55283403156642e-36,0.956137762894108,0.173,0.086,7.76572299186369e-33,GLUD1,Alveolar_Marcophage,up
HNRNPD2,3.02239533669674e-36,0.787874007935957,0.293,0.186,1.51149990788204e-32,HNRNPD,Alveolar_Marcophage,up
DAB21,9.10322903842821e-36,1.05146726974503,0.152,0.072,4.55252484211795e-32,DAB2,Alveolar_Marcophage,up
ZFAND52,1.20573575876443e-35,0.874676828171459,0.274,0.172,6.02988452958092e-32,ZFAND5,Alveolar_Marcophage,up
MX13,1.62217358990811e-35,-1.159403282,0.084,0.166,8.11249012313048e-32,MX1,Alveolar_Marcophage,down
SDC23,2.50830555475081e-35,1.21209043447932,0.144,0.067,1.25440360793088e-31,SDC2,Alveolar_Marcophage,up
SAMHD12,2.60238988599289e-35,-0.923083074,0.16,0.257,1.30145518198505e-31,SAMHD1,Alveolar_Marcophage,down
SLC5A32,2.96008932951438e-35,-1.605759784,0.047,0.116,1.48034067369014e-31,SLC5A3,Alveolar_Marcophage,down
UBE2D32,5.79977144812703e-35,0.761616783867842,0.319,0.213,2.90046570120833e-31,UBE2D3,Alveolar_Marcophage,up
RAP2A2,7.87836594746755e-35,0.920431932778722,0.178,0.093,3.93997081032852e-31,RAP2A,Alveolar_Marcophage,up
CTSH2,1.03242318018011e-34,-1.029115844,0.128,0.219,5.16314832408073e-31,CTSH,Alveolar_Marcophage,down
GMFB3,3.25364031042808e-34,1.05340684963455,0.174,0.091,1.62714551924508e-30,GMFB,Alveolar_Marcophage,up
TGFBR12,4.1106162249573e-34,1.10055077093027,0.154,0.075,2.05571917410114e-30,TGFBR1,Alveolar_Marcophage,up
IL1R12,3.04961672510026e-33,1.45431202462158,0.109,0.045,1.52511332422264e-29,IL1R1,Alveolar_Marcophage,up
TYMP2,3.36416519555668e-33,-1.041573694,0.147,0.237,1.68241901429789e-29,TYMP,Alveolar_Marcophage,down
PMP222,3.73437539819606e-33,0.636568686190107,0.185,0.099,1.86756113663785e-29,PMP22,Alveolar_Marcophage,up
SPATS2L3,7.53588982038303e-33,1.00699435117614,0.136,0.063,3.76869849917355e-29,SPATS2L,Alveolar_Marcophage,up
TMEM1232,9.8302170403793e-33,0.925333867989362,0.171,0.09,4.91609154189369e-29,TMEM123,Alveolar_Marcophage,up
NPTN3,2.06200135552568e-32,0.806696826845758,0.245,0.15,1.03120687789839e-28,NPTN,Alveolar_Marcophage,up
MMP143,4.75241960801282e-32,0.399933424718466,0.598,0.491,2.37668504596721e-28,MMP14,Alveolar_Marcophage,up
FGR1,4.76988880480826e-32,-1.518390716,0.042,0.104,2.38542139128461e-28,FGR,Alveolar_Marcophage,down
EID13,4.81041680841629e-32,1.46594612236128,0.11,0.047,2.40568944588899e-28,EID1,Alveolar_Marcophage,up
PKM3,7.09049823215062e-32,0.546916733268979,0.49,0.381,3.54595816589852e-28,PKM,Alveolar_Marcophage,up
FCGR1A1,1.48029262125326e-31,1.10282017169891,0.139,0.067,7.40294339888757e-28,FCGR1A,Alveolar_Marcophage,up
TWSG11,2.92584800159715e-31,1.14724497522947,0.104,0.043,1.46321658559873e-27,TWSG1,Alveolar_Marcophage,up
THBS13,4.68934077474226e-31,0.878860586661257,0.137,0.065,2.3451393214486e-27,THBS1,Alveolar_Marcophage,up
SKP13,8.74680421664862e-31,1.1675429428981,0.135,0.066,4.37427678874597e-27,SKP1,Alveolar_Marcophage,up
CSRP13,1.29731150532932e-30,1.4128275156508,0.106,0.045,6.48785483815194e-27,CSRP1,Alveolar_Marcophage,up
CDKN1A3,1.76794658638859e-30,-0.664040235,0.198,0.294,8.84150087852936e-27,CDKN1A,Alveolar_Marcophage,down
KIF5B2,8.70625747975388e-30,0.984421056903463,0.177,0.099,4.35399936562491e-26,KIF5B,Alveolar_Marcophage,up
TLR81,1.04955807043158e-29,-1.079106049,0.102,0.18,5.24883991022834e-26,TLR8,Alveolar_Marcophage,down
CCDC503,1.26462911133323e-29,1.09250597016845,0.135,0.066,6.32441018577748e-26,CCDC50,Alveolar_Marcophage,up
NAIP2,2.0615315100574e-29,-0.875510311,0.27,0.356,1.03097190817971e-25,NAIP,Alveolar_Marcophage,down
IVNS1ABP2,2.0852565458162e-29,1.42759617560777,0.142,0.072,1.04283679856268e-25,IVNS1ABP,Alveolar_Marcophage,up
PGD2,7.58670764859391e-29,-0.982527462,0.126,0.207,3.79411249506181e-25,PGD,Alveolar_Marcophage,down
C3AR11,1.02505919086695e-28,0.716584363244659,0.227,0.139,5.12632101352564e-25,C3AR1,Alveolar_Marcophage,up
THY11,1.02807630029119e-28,0.840438232135229,0.146,0.075,5.14140957775626e-25,THY1,Alveolar_Marcophage,up
FNDC3B1,1.04136638657737e-28,0.857119913453635,0.205,0.122,5.20787329927342e-25,FNDC3B,Alveolar_Marcophage,up
CD381,1.46055188562079e-28,-1.050535868,0.079,0.15,7.30421997998955e-25,CD38,Alveolar_Marcophage,down
PTPRJ3,2.11726689737516e-28,1.03494855803073,0.135,0.067,1.05884517537732e-24,PTPRJ,Alveolar_Marcophage,up
PTEN2,1.83836553050084e-27,0.97896998095065,0.181,0.105,9.19366601803472e-24,PTEN,Alveolar_Marcophage,up
PRR133,1.84772527233722e-27,0.725203668324267,0.241,0.154,9.24047408695844e-24,PRR13,Alveolar_Marcophage,up
VEGFB3,2.57179472028085e-27,0.714821594601489,0.211,0.128,1.28615453961246e-23,VEGFB,Alveolar_Marcophage,up
ALG112,2.77545714316534e-27,-1.293998887,0.071,0.137,1.38800611729698e-23,ALG11,Alveolar_Marcophage,down
MYH93,3.29955243096708e-27,0.581908060092021,0.353,0.252,1.65010617072664e-23,MYH9,Alveolar_Marcophage,up
CD593,1.22604732674033e-26,0.804083960578827,0.171,0.098,6.13146268102838e-23,CD59,Alveolar_Marcophage,up
NORAD1,1.90545450913612e-26,0.74632259413191,0.176,0.101,9.52917800018974e-23,NORAD,Alveolar_Marcophage,up
ENG2,2.13374989844441e-26,0.773275470427398,0.195,0.116,1.06708832421205e-22,ENG,Alveolar_Marcophage,up
CDV32,2.26747022717083e-26,0.582687708138217,0.246,0.157,1.13396186060813e-22,CDV3,Alveolar_Marcophage,up
DMXL22,2.96434073090834e-26,-0.92751102,0.159,0.238,1.48246679952726e-22,DMXL2,Alveolar_Marcophage,down
ALCAM3,4.59780068610498e-26,0.871037724114961,0.163,0.091,2.2993601231211e-22,ALCAM,Alveolar_Marcophage,up
CREG13,5.72474177732606e-26,0.385892068653164,0.468,0.366,2.86294336284076e-22,CREG1,Alveolar_Marcophage,up
PEA152,6.22584509855929e-26,0.577846183335148,0.298,0.206,3.1135451337895e-22,PEA15,Alveolar_Marcophage,up
EIF4EBP21,1.18466224438142e-25,0.952097540315542,0.162,0.092,5.92449588415149e-22,EIF4EBP2,Alveolar_Marcophage,up
LASP13,1.86402421854504e-25,-0.953483652,0.121,0.196,9.32198511694377e-22,LASP1,Alveolar_Marcophage,down
METRNL3,2.35654311817e-25,0.944622492365903,0.12,0.059,1.17850721339681e-21,METRNL,Alveolar_Marcophage,up
ZYX3,5.85778677539674e-25,0.70477928557911,0.22,0.139,2.92947916637591e-21,ZYX,Alveolar_Marcophage,up
CRK3,6.31087891230296e-25,0.94286022377998,0.135,0.071,3.15607054404271e-21,CRK,Alveolar_Marcophage,up
ITGB52,6.5389777921804e-25,0.927873832805367,0.137,0.073,3.27014279386942e-21,ITGB5,Alveolar_Marcophage,up
SFPQ2,9.19767467629642e-25,0.679627581216153,0.167,0.096,4.59975710561584e-21,SFPQ,Alveolar_Marcophage,up
GBP53,1.32095485044112e-24,-0.430472519,0.19,0.276,6.60609520705604e-21,GBP5,Alveolar_Marcophage,down
CDC273,1.36479899576508e-24,-1.142202797,0.078,0.142,6.82535977782115e-21,CDC27,Alveolar_Marcophage,down
SNX102,2.04495979234082e-24,-0.81929383,0.283,0.352,1.02268439214964e-20,SNX10,Alveolar_Marcophage,down
MAPRE23,2.28529145719645e-24,1.06760850611347,0.1,0.046,1.14287425774394e-20,MAPRE2,Alveolar_Marcophage,up
TGFBR22,2.45145874800932e-24,0.570464699003101,0.211,0.131,1.22597451987946e-20,TGFBR2,Alveolar_Marcophage,up
GNAI22,3.45572015541321e-24,0.412424133551475,0.361,0.263,1.72820564972215e-20,GNAI2,Alveolar_Marcophage,up
LAMP12,5.57257256149233e-24,0.401174848074256,0.454,0.358,2.78684353800232e-20,LAMP1,Alveolar_Marcophage,up
CFLAR2,8.65161837061974e-24,-0.747775594,0.126,0.2,4.32667434714693e-20,CFLAR,Alveolar_Marcophage,down
COL5A2,1.31921736803576e-23,0.773101665053403,0.107,0.051,6.59740605754683e-20,COL5A2,Alveolar_Marcophage,up
THEMIS23,1.37428287596286e-23,-0.731147717,0.206,0.286,6.87278866269028e-20,THEMIS2,Alveolar_Marcophage,down
UBAP2L3,2.19322113503713e-23,0.713905878034296,0.149,0.083,1.09682988963207e-19,UBAP2L,Alveolar_Marcophage,up
SDC4,2.61585893862828e-23,-1.113138564,0.064,0.123,1.308191055208e-19,SDC4,Alveolar_Marcophage,down
PRKCD1,3.19163759413017e-23,-1.061546833,0.077,0.138,1.5961379608245e-19,PRKCD,Alveolar_Marcophage,down
IL13RA13,3.86997151499379e-23,0.547841692701314,0.298,0.21,1.93537275464839e-19,IL13RA1,Alveolar_Marcophage,up
APMAP3,4.23586274829922e-23,0.634228534506735,0.209,0.134,2.11835496042444e-19,APMAP,Alveolar_Marcophage,up
TMEM1733,5.8696467260596e-23,0.748195532322986,0.118,0.06,2.93541032770241e-19,TMEM173,Alveolar_Marcophage,up
TAP13,8.52770065949776e-23,-0.638529148,0.212,0.292,4.26470309981483e-19,TAP1,Alveolar_Marcophage,down
CD682,8.92861258700024e-23,0.395301994971215,0.528,0.432,4.46519915475882e-19,CD68,Alveolar_Marcophage,up
ABCA12,9.68106772359171e-23,0.543421957367474,0.32,0.232,4.84150196856821e-19,ABCA1,Alveolar_Marcophage,up
PDPN1,1.0161746721042e-22,0.867642340391164,0.136,0.075,5.08188953519309e-19,PDPN,Alveolar_Marcophage,up
ANXA53,1.08352157670759e-22,0.4383959520434,0.399,0.306,5.41869140511463e-19,ANXA5,Alveolar_Marcophage,up
ETV63,1.12870551966719e-22,1.30739155830915,0.106,0.053,5.6446563038556e-19,ETV6,Alveolar_Marcophage,up
SIGLEC11,2.46581691652782e-22,-0.840610188,0.191,0.266,1.23315503995556e-18,SIGLEC1,Alveolar_Marcophage,down
CLEC4A,3.33489258852367e-22,0.909842319603348,0.235,0.16,1.66777978352069e-18,CLEC4A,Alveolar_Marcophage,up
RAB5A3,4.39248866704413e-22,1.10164417719084,0.103,0.051,2.19668358238877e-18,RAB5A,Alveolar_Marcophage,up
CD1632,6.99851347494282e-22,0.272171280574861,0.326,0.231,3.4999565888189e-18,CD163,Alveolar_Marcophage,up
LILRB51,1.33048800790662e-21,0.677793818858152,0.139,0.078,6.65377052754102e-18,LILRB5,Alveolar_Marcophage,up
ABCC12,1.4358880539442e-21,-1.135321642,0.071,0.129,7.18087615777494e-18,ABCC1,Alveolar_Marcophage,down
AP2M12,1.90521332803785e-21,0.477109088355299,0.323,0.236,9.52797185351731e-18,AP2M1,Alveolar_Marcophage,up
HIPK33,2.5305483046544e-21,0.715060169215766,0.179,0.112,1.26552720715767e-17,HIPK3,Alveolar_Marcophage,up
POLR2M3,2.59301721364138e-21,1.04588311382338,0.113,0.06,1.29676790854205e-17,POLR2M,Alveolar_Marcophage,up
PTK2B3,4.8095206679544e-21,-1.046430918,0.081,0.139,2.405241286044e-17,PTK2B,Alveolar_Marcophage,down
PSMD23,5.51125470885063e-21,-1.317412598,0.051,0.102,2.7561784798962e-17,PSMD2,Alveolar_Marcophage,down
LYN2,6.22553994419244e-21,0.764917490995034,0.155,0.092,3.11339252609064e-17,LYN,Alveolar_Marcophage,up
MERTK1,1.43256039329553e-20,0.353818298969143,0.119,0.062,7.16423452687094e-17,MERTK,Alveolar_Marcophage,up
CSF1R1,1.4781345044306e-20,0.520159672151485,0.261,0.183,7.39215065665745e-17,CSF1R,Alveolar_Marcophage,up
AP2A23,3.42979393124629e-20,0.485410348781063,0.156,0.093,1.71523994501627e-16,AP2A2,Alveolar_Marcophage,up
GLA1,6.30205990922866e-20,-0.951469687,0.109,0.17,3.15166016060525e-16,GLA,Alveolar_Marcophage,down
MPZL12,6.46119820251639e-20,0.976632575270361,0.118,0.065,3.23124522107845e-16,MPZL1,Alveolar_Marcophage,up
PLAU2,7.78665210840812e-20,0.43357443055637,0.364,0.278,3.8941047194149e-16,PLAU,Alveolar_Marcophage,up
FPR1,9.77249763426221e-20,0.981282101488284,0.146,0.087,4.88722606689453e-16,FPR1,Alveolar_Marcophage,up
TLR41,1.17143089694761e-19,0.620295456057825,0.232,0.16,5.85832591563497e-16,TLR4,Alveolar_Marcophage,up
UBE2D23,1.42337219804047e-19,0.98413574322435,0.107,0.057,7.11828436240037e-16,UBE2D2,Alveolar_Marcophage,up
PGK13,2.2724401694334e-19,-0.944469019,0.123,0.185,1.13644732873364e-15,PGK1,Alveolar_Marcophage,down
RAP1A1,2.40340837422071e-19,0.476266169170717,0.339,0.256,1.20194452794777e-15,RAP1A,Alveolar_Marcophage,up
ALKBH52,2.72883037035868e-19,0.906087145154144,0.12,0.067,1.36468806821637e-15,ALKBH5,Alveolar_Marcophage,up
CXCL91,3.78062718427838e-19,-0.300883685,0.406,0.493,1.89069165485762e-15,CXCL9,Alveolar_Marcophage,down
FUCA12,4.75031497577925e-19,-1.206612717,0.108,0.167,2.3756325193872e-15,FUCA1,Alveolar_Marcophage,down
KHDRBS13,1.05713925052585e-18,0.757829162079447,0.134,0.079,5.28675339187976e-15,KHDRBS1,Alveolar_Marcophage,up
ADAM83,1.23908503133419e-18,0.450685991483705,0.275,0.198,6.1966642417023e-15,ADAM8,Alveolar_Marcophage,up
ALDOA3,1.4140991071172e-18,1.09948372883152,0.142,0.087,7.07190963469313e-15,ALDOA,Alveolar_Marcophage,up
PAK22,1.53253589503655e-18,0.671840376711625,0.174,0.111,7.66421201107778e-15,PAK2,Alveolar_Marcophage,up
CUL12,1.5468183758311e-18,-1.014253126,0.072,0.125,7.73563869753132e-15,CUL1,Alveolar_Marcophage,down
ACP51,1.57442591195587e-18,-0.947762488,0.067,0.119,7.87370398569133e-15,ACP5,Alveolar_Marcophage,down
CD2742,2.4530260348126e-18,-0.64630789,0.069,0.122,1.22675832000978e-14,CD274,Alveolar_Marcophage,down
SMAD23,2.92732869892685e-18,0.984769118393275,0.116,0.066,1.46395708233332e-14,SMAD2,Alveolar_Marcophage,up
NFKB22,2.95009715309661e-18,-0.861155243,0.059,0.108,1.47534358626361e-14,NFKB2,Alveolar_Marcophage,down
EIF4G13,3.00883952993135e-18,0.577826897031911,0.194,0.128,1.50472064891867e-14,EIF4G1,Alveolar_Marcophage,up
PLEC3,3.63586751563249e-18,0.478242176307862,0.244,0.171,1.81829734456781e-14,PLEC,Alveolar_Marcophage,up
STAT22,4.38879857200033e-18,-0.870018072,0.058,0.107,2.19483816585736e-14,STAT2,Alveolar_Marcophage,down
YY13,6.25091457889501e-18,0.976958158580833,0.108,0.06,3.1260823809054e-14,YY1,Alveolar_Marcophage,up
CXCL163,7.9549559498475e-18,-0.502975047,0.37,0.43,3.97827347051874e-14,CXCL16,Alveolar_Marcophage,down
CLEC5A,8.07624952822439e-18,0.649098612478945,0.155,0.097,4.03893238906502e-14,CLEC5A,Alveolar_Marcophage,up
NXF11,8.66787230243666e-18,-1.090834671,0.057,0.104,4.33480293844857e-14,NXF1,Alveolar_Marcophage,down
STX72,1.01795571948547e-17,0.646819977211797,0.195,0.132,5.09079655314685e-14,STX7,Alveolar_Marcophage,up
GAS63,1.15842512269966e-17,0.450808352277126,0.139,0.083,5.79328403862098e-14,GAS6,Alveolar_Marcophage,up
APOL12,1.2316571081897e-17,0.752262039454966,0.198,0.136,6.1595171980567e-14,APOL1,Alveolar_Marcophage,up
PRKAR1A2,1.45310890502346e-17,-0.752493876,0.189,0.254,7.2669976340223e-14,PRKAR1A,Alveolar_Marcophage,down
SERPINH13,1.45854002835022e-17,0.778391883202436,0.141,0.086,7.29415868177943e-14,SERPINH1,Alveolar_Marcophage,up
CYBB2,1.53558761805789e-17,-0.394429196,0.436,0.501,7.67947367790752e-14,CYBB,Alveolar_Marcophage,down
SELPLG,2.23232115410489e-17,0.636069817589941,0.122,0.071,1.11638380916785e-13,SELPLG,Alveolar_Marcophage,up
SNAP233,2.51665306351779e-17,0.715963890019357,0.159,0.102,1.25857819706525e-13,SNAP23,Alveolar_Marcophage,up
KPNB13,2.79730871426858e-17,-0.787281687,0.118,0.176,1.39893408800572e-13,KPNB1,Alveolar_Marcophage,down
AKT11,3.81884964811707e-17,0.59232349937145,0.204,0.141,1.90980670902335e-13,AKT1,Alveolar_Marcophage,up
DPYD1,4.13681860721332e-17,-0.688720905,0.119,0.179,2.06882298546738e-13,DPYD,Alveolar_Marcophage,down
APOBEC3C2,5.8357852030298e-17,0.950541052980745,0.104,0.058,2.9184761800352e-13,APOBEC3C,Alveolar_Marcophage,up
PTAFR3,5.92335594016162e-17,-0.629802034,0.226,0.292,2.96227030567483e-13,PTAFR,Alveolar_Marcophage,down
UBD3,6.28495201366567e-17,-0.790465949,0.09,0.144,3.1431045020342e-13,UBD,Alveolar_Marcophage,down
GCH13,1.18184711094743e-16,-0.572903501,0.145,0.208,5.91041740184811e-13,GCH1,Alveolar_Marcophage,down
SDHA3,2.27293758897868e-16,-0.817489466,0.134,0.191,1.13669608824824e-12,SDHA,Alveolar_Marcophage,down
IFI163,2.49390793095003e-16,0.719252018838785,0.167,0.11,1.24720335626811e-12,IFI16,Alveolar_Marcophage,up
SELENOT1,2.83853596478134e-16,0.752166609657077,0.137,0.085,1.41955183598715e-12,SELENOT,Alveolar_Marcophage,up
IQGAP12,3.92085948476872e-16,0.52979603903203,0.211,0.148,1.96082182833284e-12,IQGAP1,Alveolar_Marcophage,up
GBP12,4.57448700029309e-16,-0.396144479,0.287,0.357,2.28770094884658e-12,GBP1,Alveolar_Marcophage,down
MYOF2,4.93513393957425e-16,-0.734334343,0.091,0.144,2.46806048318108e-12,MYOF,Alveolar_Marcophage,down
SUMO13,5.18271239111051e-16,0.802222250606418,0.12,0.071,2.59187446679437e-12,SUMO1,Alveolar_Marcophage,up
RBPJ2,6.03781645103089e-16,0.66809049811082,0.161,0.105,3.01951200716055e-12,RBPJ,Alveolar_Marcophage,up
CD86,1.01948016971688e-15,0.555590553343332,0.149,0.095,5.09842032875413e-12,CD86,Alveolar_Marcophage,up
HSPA83,1.53705810623866e-15,-0.432204078,0.431,0.482,7.68682758929954e-12,HSPA8,Alveolar_Marcophage,down
ARL8B3,1.89626224862196e-15,0.385992812291925,0.332,0.257,9.48320750535842e-12,ARL8B,Alveolar_Marcophage,up
SEPTIN91,4.13090244042904e-15,-0.69349702,0.186,0.244,2.06586431045856e-11,SEPTIN9,Alveolar_Marcophage,down
MAP1LC3B3,4.25804530037798e-15,0.596423087740942,0.17,0.114,2.12944845471903e-11,MAP1LC3B,Alveolar_Marcophage,up
OGT3,4.90061944250012e-15,-1.014028942,0.059,0.101,2.45079978319431e-11,OGT,Alveolar_Marcophage,down
HSPA61,7.32251311338219e-15,0.381789462572534,0.238,0.172,3.66198880800243e-11,HSPA6,Alveolar_Marcophage,up
TFE32,8.59116711651261e-15,0.707954592153165,0.136,0.087,4.29644267496795e-11,TFE3,Alveolar_Marcophage,up
TRPM21,8.93793958234555e-15,-1.036897153,0.063,0.106,4.46986358513101e-11,TRPM2,Alveolar_Marcophage,down
TMEM9B3,9.95094127821131e-15,0.630148951256564,0.133,0.083,4.97646573323348e-11,TMEM9B,Alveolar_Marcophage,up
RANBP21,1.70367774146847e-14,0.418048633602548,0.21,0.149,8.52009238508384e-11,RANBP2,Alveolar_Marcophage,up
COMT1,1.93151876276641e-14,0.581530445498696,0.159,0.106,9.65952533259482e-11,COMT,Alveolar_Marcophage,up
RANBP92,2.01291515619782e-14,0.772129885710974,0.123,0.076,1.00665886961453e-10,RANBP9,Alveolar_Marcophage,up
MAPK13,3.25247087926074e-14,0.740145529810373,0.103,0.061,1.6265606867183e-10,MAPK1,Alveolar_Marcophage,up
LGALS92,3.44411037186751e-14,-0.94584785,0.077,0.122,1.72239959697094e-10,LGALS9,Alveolar_Marcophage,down
TMBIM43,3.70475256342767e-14,0.514063307625059,0.159,0.106,1.85274675697018e-10,TMBIM4,Alveolar_Marcophage,up
GLIPR22,6.37054408954365e-14,-0.660756079,0.073,0.118,3.18590909918078e-10,GLIPR2,Alveolar_Marcophage,down
ZMIZ23,8.18431818607819e-14,-0.881384722,0.087,0.133,4.0929775248577e-10,ZMIZ2,Alveolar_Marcophage,down
MAPKAPK23,8.97423653798079e-14,0.546570804509909,0.169,0.115,4.48801569264419e-10,MAPKAPK2,Alveolar_Marcophage,up
CEP170,9.62076862174939e-14,0.717791745514333,0.123,0.078,4.81134638773687e-10,CEP170,Alveolar_Marcophage,up
LENG83,1.58304503422962e-13,-0.647992916,0.172,0.227,7.91680821618234e-10,LENG8,Alveolar_Marcophage,down
CMKLR11,1.65674084851602e-13,-0.780888428,0.126,0.177,8.28536098342864e-10,CMKLR1,Alveolar_Marcophage,down
MRFAP1L11,1.76715703868085e-13,0.704761161921066,0.13,0.084,8.83755235044293e-10,MRFAP1L1,Alveolar_Marcophage,up
TAP23,1.78560697641901e-13,-0.654187697,0.132,0.185,8.92982048907145e-10,TAP2,Alveolar_Marcophage,down
CSF2RB1,2.07280129202905e-13,-0.520557503,0.115,0.167,1.03660792614373e-09,CSF2RB,Alveolar_Marcophage,down
RNF1873,3.43371558106801e-13,0.540259388386588,0.131,0.085,1.71720116209211e-09,RNF187,Alveolar_Marcophage,up
NPC11,4.13628728373393e-13,0.589885897040668,0.129,0.084,2.06855727059534e-09,NPC1,Alveolar_Marcophage,up
IL17RA2,4.29491807410666e-13,-0.809160204,0.084,0.129,2.14788852886074e-09,IL17RA,Alveolar_Marcophage,down
CSF2RA,4.64232570786527e-13,0.506566368930393,0.155,0.105,2.32162708650342e-09,CSF2RA,Alveolar_Marcophage,up
RHOC1,5.0842771907056e-13,0.699454180438899,0.124,0.08,2.54264702307187e-09,RHOC,Alveolar_Marcophage,up
DNAJC101,6.40068248263258e-13,0.417994800323226,0.178,0.125,3.20098130956455e-09,DNAJC10,Alveolar_Marcophage,up
SMN12,1.18081443222474e-12,-0.867375785,0.062,0.101,5.9052529755559e-09,SMN1,Alveolar_Marcophage,down
MDM23,1.23553291164289e-12,0.777401837798122,0.122,0.079,6.1789000911261e-09,MDM2,Alveolar_Marcophage,up
HEXB3,1.29512628743871e-12,0.272761958711716,0.379,0.306,6.47692656348098e-09,HEXB,Alveolar_Marcophage,up
MAX2,1.33558186115955e-12,0.550277813491642,0.201,0.147,6.67924488765891e-09,MAX,Alveolar_Marcophage,up
ITGB21,1.70998784362392e-12,-0.365467452,0.466,0.508,8.55164920596323e-09,ITGB2,Alveolar_Marcophage,down
PECAM12,1.71378363020638e-12,-0.734179718,0.154,0.204,8.5706319346621e-09,PECAM1,Alveolar_Marcophage,down
GRB2,1.82982180764363e-12,-0.48760657,0.263,0.319,9.15093886002581e-09,GRB2,Alveolar_Marcophage,down
HIF1A2,2.80210844013756e-12,0.379936587564603,0.316,0.249,1.40133443091279e-08,HIF1A,Alveolar_Marcophage,up
HPS51,3.14486953704309e-12,-0.844544409,0.068,0.108,1.57274925547525e-08,HPS5,Alveolar_Marcophage,down
CTSK,3.24442764879957e-12,0.635356065895739,0.122,0.079,1.62253826716466e-08,CTSK,Alveolar_Marcophage,up
ADAM101,3.39799882418103e-12,0.489517472379933,0.167,0.117,1.69933921197293e-08,ADAM10,Alveolar_Marcophage,up
DDX39B3,5.32735893631924e-12,-0.586324373,0.181,0.233,2.66421220405325e-08,DDX39B,Alveolar_Marcophage,down
PLXNC11,5.44673085640517e-12,0.492148656449626,0.15,0.103,2.72391010128822e-08,PLXNC1,Alveolar_Marcophage,up
HNRNPA1L23,5.79482842692972e-12,0.368129343569847,0.37,0.306,2.89799369630755e-08,HNRNPA1L2,Alveolar_Marcophage,up
EVI2B1,6.3134897724758e-12,0.79214411690537,0.127,0.085,3.15737623521515e-08,EVI2B,Alveolar_Marcophage,up
TSPAN33,6.32851146721724e-12,0.581566781526074,0.168,0.119,3.16488858475534e-08,TSPAN3,Alveolar_Marcophage,up
ARHGEF22,6.3583273266543e-12,-0.819255999,0.079,0.119,3.17979949605982e-08,ARHGEF2,Alveolar_Marcophage,down
HMOX1,7.05735443160655e-12,-1.307923578,0.067,0.105,3.52938295124644e-08,HMOX1,Alveolar_Marcophage,down
ACE3,7.23897206275931e-12,-0.663531659,0.162,0.213,3.62020992858593e-08,ACE,Alveolar_Marcophage,down
PSMA61,8.44405205841843e-12,0.739750474424047,0.153,0.107,4.22287043441506e-08,PSMA6,Alveolar_Marcophage,up
IGF2R2,1.4636070072771e-11,-0.463284741,0.261,0.313,7.31949864339278e-08,IGF2R,Alveolar_Marcophage,down
CLEC12A,1.83188751985495e-11,-0.590426886,0.097,0.141,9.16126948679463e-08,CLEC12A,Alveolar_Marcophage,down
GOLPH33,2.46302118869742e-11,0.480948309711678,0.178,0.129,1.23175689646758e-07,GOLPH3,Alveolar_Marcophage,up
NCF23,3.45009121323659e-11,-0.320053037,0.131,0.18,1.72539061573962e-07,NCF2,Alveolar_Marcophage,down
NOTCH2NLA2,3.51991376659028e-11,-0.412999907,0.249,0.303,1.7603088746718e-07,NOTCH2NLA,Alveolar_Marcophage,down
RUNX11,4.31963062873396e-11,0.563404651324023,0.103,0.065,2.16024727742986e-07,RUNX1,Alveolar_Marcophage,up
RHBDD22,4.65585328262864e-11,-0.635946811,0.076,0.115,2.32839222664258e-07,RHBDD2,Alveolar_Marcophage,down
CXCL12,4.98032656990125e-11,0.345863955123596,0.104,0.065,2.49066131760761e-07,CXCL12,Alveolar_Marcophage,up
NOTCH23,5.77376291350007e-11,-0.586209722,0.148,0.195,2.88745883304139e-07,NOTCH2,Alveolar_Marcophage,down
CXCL22,7.63135703650965e-11,0.559778166915742,0.149,0.105,3.81644165395848e-07,CXCL2,Alveolar_Marcophage,up
RAB7A3,8.25260400703978e-11,0.382137698602142,0.239,0.184,4.12712726392059e-07,RAB7A,Alveolar_Marcophage,up
SLC39A83,1.10481796253067e-10,-0.57316292,0.12,0.164,5.5251946306159e-07,SLC39A8,Alveolar_Marcophage,down
CCT33,1.20551125501521e-10,-0.68104273,0.121,0.164,6.02876178633105e-07,CCT3,Alveolar_Marcophage,down
CLEC7A1,1.41326550438401e-10,0.404314851934546,0.276,0.22,7.06774078742444e-07,CLEC7A,Alveolar_Marcophage,up
BCL2L14,2.35289059778769e-10,0.40959525737821,0.17,0.123,1.17668058795363e-06,BCL2L1,Alveolar_Marcophage,up
FKBP152,2.48780675892918e-10,-0.773393348,0.078,0.115,1.24415216014048e-06,FKBP15,Alveolar_Marcophage,down
HCK1,2.79463879879935e-10,-0.728368828,0.108,0.149,1.39759886327956e-06,HCK,Alveolar_Marcophage,down
CD583,3.44640162937931e-10,0.577922163059325,0.139,0.097,1.72354545485259e-06,CD58,Alveolar_Marcophage,up
YWHAZ3,3.62061603009184e-10,0.315000560415519,0.341,0.279,1.81067007664893e-06,YWHAZ,Alveolar_Marcophage,up
RASSF42,4.44881491543249e-10,-0.567772364,0.198,0.244,2.22485233920779e-06,RASSF4,Alveolar_Marcophage,down
CBWD23,4.70332985309265e-10,-0.692304097,0.072,0.108,2.35213525953164e-06,CBWD2,Alveolar_Marcophage,down
LRP1,5.30784635191181e-10,0.395193072048345,0.209,0.159,2.6544539605911e-06,LRP1,Alveolar_Marcophage,up
CYCS3,5.50282139422469e-10,0.512834088932754,0.129,0.09,2.75196097925177e-06,CYCS,Alveolar_Marcophage,up
SND12,6.56801933024756e-10,-0.796468801,0.091,0.129,3.28466646705681e-06,SND1,Alveolar_Marcophage,down
LY963,6.5973214119691e-10,0.4586496219981,0.209,0.161,3.29932043812575e-06,LY96,Alveolar_Marcophage,up
DAP1,6.65358765923483e-10,0.496096783747793,0.228,0.179,3.32745918838334e-06,DAP,Alveolar_Marcophage,up
GPBP13,7.85383300329726e-10,0.541559457486131,0.115,0.078,3.92770188494896e-06,GPBP1,Alveolar_Marcophage,up
GIMAP42,1.20857177035635e-09,0.394620074381238,0.237,0.187,6.0440674235521e-06,GIMAP4,Alveolar_Marcophage,up
SEMA4D3,1.33223436316942e-09,-0.440050876,0.157,0.202,6.66250405021026e-06,SEMA4D,Alveolar_Marcophage,down
P2RX7,1.38665390813472e-09,-0.534871215,0.072,0.107,6.93465619458172e-06,P2RX7,Alveolar_Marcophage,down
CIITA2,1.69274105425064e-09,-0.340301114,0.26,0.311,8.46539801230745e-06,CIITA,Alveolar_Marcophage,down
EWSR12,1.75043211838575e-09,0.362148128303907,0.249,0.197,8.75391102404716e-06,EWSR1,Alveolar_Marcophage,up
VDAC12,1.75298792216459e-09,0.631805131109382,0.11,0.075,8.76669259874514e-06,VDAC1,Alveolar_Marcophage,up
IL10RB2,1.76546553441404e-09,0.531602557653367,0.12,0.083,8.8290931376046e-06,IL10RB,Alveolar_Marcophage,up
RBBP43,2.13638665020211e-09,-0.821431997,0.097,0.133,1.06840696376607e-05,RBBP4,Alveolar_Marcophage,down
SMARCA53,2.2584512351422e-09,0.510973120430291,0.136,0.097,1.12945146269462e-05,SMARCA5,Alveolar_Marcophage,up
SPPL2A3,2.41210034795485e-09,-0.615246494,0.144,0.186,1.20629138401222e-05,SPPL2A,Alveolar_Marcophage,down
BECN11,2.69058685837406e-09,0.574219603420238,0.124,0.087,1.34556248787287e-05,BECN1,Alveolar_Marcophage,up
LAMP23,3.10271871163481e-09,0.430418445196894,0.17,0.127,1.55166962768857e-05,LAMP2,Alveolar_Marcophage,up
ADGRE21,3.36604360563475e-09,-0.682922194,0.079,0.114,1.68335840717794e-05,ADGRE2,Alveolar_Marcophage,down
IKZF11,3.44425085064213e-09,0.513027443070478,0.108,0.074,1.72246985040613e-05,IKZF1,Alveolar_Marcophage,up
IL21R1,4.03630906816088e-09,-0.730263136,0.068,0.101,2.01855816498726e-05,IL21R,Alveolar_Marcophage,down
ATP5F1C1,4.32287849101589e-09,0.510016365346167,0.124,0.087,2.16187153335705e-05,ATP5F1C,Alveolar_Marcophage,up
CXCL103,5.76385827944963e-09,0.959771147012803,0.208,0.169,2.88250552555276e-05,CXCL10,Alveolar_Marcophage,up
PTGER42,6.7179445308555e-09,0.553508920415035,0.124,0.088,3.35964405988084e-05,PTGER4,Alveolar_Marcophage,up
GIMAP51,7.85891725854794e-09,-0.780687895,0.074,0.107,3.93024452099983e-05,GIMAP5,Alveolar_Marcophage,down
CCT51,7.97818389611813e-09,-0.70550957,0.095,0.131,3.98988976644867e-05,CCT5,Alveolar_Marcophage,down
HNMT2,9.04702852245604e-09,0.371309817582413,0.176,0.133,4.52441896408027e-05,HNMT,Alveolar_Marcophage,up
USP322,1.05607889742733e-08,0.595749134955499,0.111,0.077,5.28145056603407e-05,USP32,Alveolar_Marcophage,up
TRAFD12,1.08039489176395e-08,-0.529523842,0.076,0.11,5.40305485371153e-05,TRAFD1,Alveolar_Marcophage,down
ARRB22,1.18990047894341e-08,0.254743682592274,0.368,0.312,5.95069229519602e-05,ARRB2,Alveolar_Marcophage,up
LTBR3,1.218019631623e-08,0.381614714844638,0.121,0.085,6.09131617774663e-05,LTBR,Alveolar_Marcophage,up
SOST1,1.33022079548914e-08,-0.387439894,0.296,0.342,6.65243419824117e-05,SOST,Alveolar_Marcophage,down
NINJ12,1.75935602541718e-08,0.499565024621112,0.17,0.129,8.79853948311133e-05,NINJ1,Alveolar_Marcophage,up
STK403,2.13194711039848e-08,-0.793740015,0.076,0.108,0.000106618674991028,STK40,Alveolar_Marcophage,down
TBXAS1,3.04475164868461e-08,0.453616408706587,0.126,0.091,0.000152268029950717,TBXAS1,Alveolar_Marcophage,up
CBFB2,4.55447197432488e-08,0.423153808740852,0.134,0.098,0.000227769143435987,CBFB,Alveolar_Marcophage,up
TPCN12,5.21627546580734e-08,-0.749432403,0.072,0.102,0.000260865936045025,TPCN1,Alveolar_Marcophage,down
GPBP1L11,5.52778776933046e-08,0.426223930818171,0.123,0.088,0.000276444666344217,GPBP1L1,Alveolar_Marcophage,up
BCL2L22,5.95249486309941e-08,0.636164890416485,0.105,0.074,0.000297684268103602,BCL2L2,Alveolar_Marcophage,up
ROCK13,6.30615445314566e-08,0.33524808962537,0.122,0.088,0.000315370784201814,ROCK1,Alveolar_Marcophage,up
NRAS2,6.84501690061459e-08,0.50560857910244,0.1,0.069,0.000342319295199735,NRAS,Alveolar_Marcophage,up
ATF62,8.63841218181514e-08,0.450858126681589,0.118,0.085,0.000432006993212575,ATF6,Alveolar_Marcophage,up
SPI1,8.6536996657378e-08,0.363497459829587,0.2,0.157,0.000432771520283548,SPI1,Alveolar_Marcophage,up
PTP4A12,1.01969024139563e-07,0.479561042493574,0.101,0.07,0.000509947089721956,PTP4A1,Alveolar_Marcophage,up
ILF33,1.05818912650943e-07,-0.618604009,0.078,0.109,0.000529200382167368,ILF3,Alveolar_Marcophage,down
DAPK11,1.19393812205112e-07,0.415817035875385,0.109,0.077,0.000597088454837764,DAPK1,Alveolar_Marcophage,up
TKT3,1.28983253826412e-07,-0.477691918,0.173,0.212,0.000645045252385885,TKT,Alveolar_Marcophage,down
SNX12,1.36067279705682e-07,-0.634672294,0.1,0.133,0.000680472465808114,SNX1,Alveolar_Marcophage,down
C1RL3,1.82095352744293e-07,0.682261474441687,0.104,0.075,0.00091065885907421,C1RL,Alveolar_Marcophage,up
RAN1,1.83474085641731e-07,-0.527250051,0.155,0.192,0.000917553902294298,RAN,Alveolar_Marcophage,down
NCK11,2.20666329155923e-07,-0.650206515,0.097,0.129,0.00110355231210877,NCK1,Alveolar_Marcophage,down
SLC25A14,3.89511430059934e-07,0.426256512472498,0.123,0.091,0.00194794666172973,SLC25A1,Alveolar_Marcophage,up
MAN1A13,4.83846693192095e-07,-0.613857577,0.112,0.144,0.00241971731265367,MAN1A1,Alveolar_Marcophage,down
TPMT3,5.27628603300098e-07,0.34295227282033,0.119,0.087,0.00263867064510379,TPMT,Alveolar_Marcophage,up
ITGAX1,5.45396484967462e-07,-0.267722383,0.204,0.244,0.00272752782132228,ITGAX,Alveolar_Marcophage,down
PPP2CA3,5.51553513429083e-07,0.437660131521641,0.1,0.071,0.00275831912065884,PPP2CA,Alveolar_Marcophage,up
TMEM1093,6.01366417561574e-07,-0.599312576,0.09,0.12,0.00300743345422543,TMEM109,Alveolar_Marcophage,down
JDP2,8.49322394772494e-07,0.358923390716256,0.108,0.078,0.00424746129625724,JDP2,Alveolar_Marcophage,up
TNFRSF142,9.02142178164663e-07,-0.384684948,0.157,0.192,0.00451161303300148,TNFRSF14,Alveolar_Marcophage,down
HSPD13,9.02751266157661e-07,-0.446871054,0.124,0.157,0.00451465908205446,HSPD1,Alveolar_Marcophage,down
NCOR22,1.09780193642045e-06,0.261221094753933,0.205,0.165,0.00549010748403865,NCOR2,Alveolar_Marcophage,up
CD821,1.10016171688506e-06,-0.415948829,0.085,0.115,0.0055019087461422,CD82,Alveolar_Marcophage,down
GBA1,1.66040380762959e-06,0.327692229656486,0.103,0.075,0.00830367944195558,GBA,Alveolar_Marcophage,up
CYLD3,1.72163391018861e-06,-0.434019356,0.128,0.16,0.00860989118485323,CYLD,Alveolar_Marcophage,down
IFNGR2,1.83127850828525e-06,0.259854139591968,0.223,0.183,0.00915822381993453,IFNGR2,Alveolar_Marcophage,up
TLR1,2.19974475004587e-06,0.369242379915939,0.115,0.085,0.0110009234949794,TLR1,Alveolar_Marcophage,stable
HNRNPF3,2.29488259938015e-06,0.342392173622783,0.185,0.149,0.0114767078795001,HNRNPF,Alveolar_Marcophage,stable
LILRB11,3.08729341184913e-06,-0.517805116,0.106,0.135,0.0154395543526575,LILRB1,Alveolar_Marcophage,stable
PDE4B,4.66704912140908e-06,-0.582602043,0.077,0.103,0.0233399126561668,PDE4B,Alveolar_Marcophage,stable
SF3B13,5.08506401143326e-06,-0.334975778,0.156,0.188,0.0254304051211777,SF3B1,Alveolar_Marcophage,stable
HPCAL11,5.27407091778772e-06,0.371453050015103,0.11,0.082,0.0263756286598564,HPCAL1,Alveolar_Marcophage,stable
SDC33,6.02470457742524e-06,-0.678978672,0.155,0.183,0.0301295475917036,SDC3,Alveolar_Marcophage,stable
GLB13,6.30263977208544e-06,0.311128978280444,0.181,0.146,0.0315195015001993,GLB1,Alveolar_Marcophage,stable
CTNNB12,1.25137654478947e-05,-0.419881573,0.159,0.189,0.0625813410049213,CTNNB1,Alveolar_Marcophage,stable
SPIN13,1.82326273817365e-05,0.372182319191207,0.11,0.084,0.0911813695360641,SPIN1,Alveolar_Marcophage,stable
RAF13,1.83713937767279e-05,0.4850813452989,0.111,0.085,0.0918753402774161,RAF1,Alveolar_Marcophage,stable
PSMD33,2.29704661834621e-05,-0.517221751,0.087,0.112,0.114875301383494,PSMD3,Alveolar_Marcophage,stable
APOL61,2.33193801140973e-05,-0.396060247,0.139,0.168,0.1166202199506,APOL6,Alveolar_Marcophage,stable
CLPTM1L2,2.54228444333803e-05,-0.559317914,0.134,0.161,0.127139645011335,CLPTM1L,Alveolar_Marcophage,stable
PIM13,2.57086189205318e-05,0.570407170041122,0.105,0.081,0.12856880322158,PIM1,Alveolar_Marcophage,stable
PABPC43,2.59423267930932e-05,-0.535948361,0.121,0.148,0.129737576292259,PABPC4,Alveolar_Marcophage,stable
DNM23,3.4778529177366e-05,-0.514646509,0.153,0.181,0.173927424416008,DNM2,Alveolar_Marcophage,stable
TNFSF13B1,4.75293244413654e-05,0.319583961770892,0.145,0.117,0.237694151531268,TNFSF13B,Alveolar_Marcophage,stable
BLVRA2,4.81783317788881e-05,-0.49666158,0.08,0.104,0.240939837226219,BLVRA,Alveolar_Marcophage,stable
SMARCA23,4.90515498978131e-05,0.46877095020604,0.106,0.082,0.245306801038963,SMARCA2,Alveolar_Marcophage,stable
CD463,5.06094790488573e-05,0.349715595652752,0.149,0.12,0.253098004723335,CD46,Alveolar_Marcophage,stable
PDCD63,6.66612143726741e-05,0.377663625616376,0.101,0.077,0.333372733077743,PDCD6,Alveolar_Marcophage,stable
SIRPA3,7.03269049512585e-05,-0.346218054,0.354,0.374,0.351704851661244,SIRPA,Alveolar_Marcophage,stable
BLOC1S23,8.41951067449971e-05,0.353652695179805,0.106,0.082,0.421059728831731,BLOC1S2,Alveolar_Marcophage,stable
GHITM1,9.76350065992089e-05,-0.553304943,0.094,0.117,0.488272668002644,GHITM,Alveolar_Marcophage,stable
RASSF32,0.000113622646092769,0.374662232788227,0.164,0.136,0.568226853109935,RASSF3,Alveolar_Marcophage,stable
PSME33,0.000180401161368767,-0.354104941,0.084,0.106,0.902186208005206,PSME3,Alveolar_Marcophage,stable
LSM122,0.00019991548363215,0.446490889501118,0.101,0.08,0.99977733364438,LSM12,Alveolar_Marcophage,stable
P4HB1,0.000208159321403812,-0.351339456,0.377,0.395,1,P4HB,Alveolar_Marcophage,stable
UBE2D12,0.000265490158945711,0.44468310771729,0.123,0.1,1,UBE2D1,Alveolar_Marcophage,stable
NFE2L21,0.000366607659595517,0.36692579954227,0.217,0.188,1,NFE2L2,Alveolar_Marcophage,stable
TNFAIP81,0.000392826455606858,0.362921629553325,0.112,0.091,1,TNFAIP8,Alveolar_Marcophage,stable
NCOA42,0.000631130122859992,-0.337807993,0.201,0.226,1,NCOA4,Alveolar_Marcophage,stable
CSNK2B2,0.000632478258917935,0.260031735710418,0.203,0.176,1,CSNK2B,Alveolar_Marcophage,stable
CPSF61,0.000673977890071585,-0.449990411,0.082,0.101,1,CPSF6,Alveolar_Marcophage,stable
VASP2,0.000715540859818372,0.275461354249171,0.137,0.113,1,VASP,Alveolar_Marcophage,stable
ARF12,0.000756567666518629,-0.292946312,0.167,0.191,1,ARF1,Alveolar_Marcophage,stable
ATP5F1A3,0.000830883086401582,-0.360969449,0.214,0.235,1,ATP5F1A,Alveolar_Marcophage,stable
STAT33,0.00109300579034553,-0.27530087,0.12,0.141,1,STAT3,Alveolar_Marcophage,stable
NT5C23,0.00110548056063939,-0.340232664,0.094,0.114,1,NT5C2,Alveolar_Marcophage,stable
CPVL,0.00111174154067536,-0.42329773,0.094,0.113,1,CPVL,Alveolar_Marcophage,stable
DAP33,0.00123057169215566,-0.424975848,0.118,0.139,1,DAP3,Alveolar_Marcophage,stable
HADHB2,0.00124289770223799,0.30026823968915,0.113,0.093,1,HADHB,Alveolar_Marcophage,stable
IL182,0.00125333422761343,-0.538177351,0.09,0.108,1,IL18,Alveolar_Marcophage,stable
SMAP22,0.00133203543286846,-0.265065116,0.105,0.125,1,SMAP2,Alveolar_Marcophage,stable
ABI3,0.00155282589653104,-0.459963038,0.103,0.122,1,ABI3,Alveolar_Marcophage,stable
PRPF82,0.0017946244887057,-0.415312919,0.102,0.12,1,PRPF8,Alveolar_Marcophage,stable
WBP23,0.0020585467710333,0.27076194667075,0.13,0.109,1,WBP2,Alveolar_Marcophage,stable
CTBP11,0.00212398293541864,0.314018648286881,0.144,0.123,1,CTBP1,Alveolar_Marcophage,stable
TNIP1,0.00213187301548522,-0.25829297,0.143,0.163,1,TNIP1,Alveolar_Marcophage,stable
SAFB2,0.00214946686242518,-0.481973912,0.095,0.112,1,SAFB,Alveolar_Marcophage,stable
CDKN1B2,0.00267137262869942,-0.389911612,0.158,0.177,1,CDKN1B,Alveolar_Marcophage,stable
RAB8A1,0.00287936932327088,0.2549245105361,0.161,0.138,1,RAB8A,Alveolar_Marcophage,stable
SSB1,0.00294616852969125,-0.401695418,0.103,0.122,1,SSB,Alveolar_Marcophage,stable
PTPN14,0.00462985987669991,-0.294397609,0.179,0.198,1,PTPN1,Alveolar_Marcophage,stable
HADHA2,0.00602666760491084,-0.30909249,0.142,0.159,1,HADHA,Alveolar_Marcophage,stable
HYOU1,0.0068775426887106,-0.494225954,0.109,0.125,1,HYOU1,Alveolar_Marcophage,stable
FLOT23,0.00710173110680384,-0.388720761,0.097,0.113,1,FLOT2,Alveolar_Marcophage,stable
ANPEP3,0.0100017651052494,0.351208653373388,0.172,0.155,1,ANPEP,Alveolar_Marcophage,stable
XRCC53,0.0121561046896043,-0.416061702,0.093,0.106,1,XRCC5,Alveolar_Marcophage,stable
PRRC2A3,0.01379875230896,-0.42060188,0.105,0.119,1,PRRC2A,Alveolar_Marcophage,stable
FLII3,0.0148335182975214,-0.296777384,0.155,0.17,1,FLII,Alveolar_Marcophage,stable
HSPA93,0.0180922737365714,-0.276504154,0.159,0.175,1,HSPA9,Alveolar_Marcophage,stable
AKR1B13,0.0267782768453996,-0.364155427,0.128,0.141,1,AKR1B1,Alveolar_Marcophage,stable
LRRC593,0.0342820955237316,-0.365207667,0.099,0.11,1,LRRC59,Alveolar_Marcophage,stable
EIF3A1,0.0347389595330168,-0.291439122,0.132,0.145,1,EIF3A,Alveolar_Marcophage,stable
TSPAN141,0.0510347308369994,-0.315262865,0.157,0.168,1,TSPAN14,Alveolar_Marcophage,stable
HEXA,0.051380616776383,-0.311204547,0.239,0.248,1,HEXA,Alveolar_Marcophage,stable
NONO2,0.0790864218919362,-0.290922602,0.17,0.18,1,NONO,Alveolar_Marcophage,stable
ATXN2L2,0.0864713841398858,-0.374714607,0.112,0.121,1,ATXN2L,Alveolar_Marcophage,stable
NECTIN23,0.119034173638186,-0.250186859,0.106,0.114,1,NECTIN2,Alveolar_Marcophage,stable
CTNND13,0.119567177863005,-0.261124402,0.146,0.155,1,CTNND1,Alveolar_Marcophage,stable
SNX172,0.178939833353512,-0.292853181,0.095,0.101,1,SNX17,Alveolar_Marcophage,stable
UCP21,0.477368819455599,-0.334309256,0.14,0.142,1,UCP2,Alveolar_Marcophage,stable
SLC2A33,0.732991525387338,0.270967160515241,0.193,0.193,1,SLC2A3,Alveolar_Marcophage,stable
