,class,cell
0,0,apidoffb-1
1,0,akahjgfl-1
2,0,angnogfo-1
3,0,anadbnkd-1
4,0,aodoohlg-1
5,0,akcpmdnm-1
6,0,aomhncmb-1
7,0,gbjijacl-1
8,0,akpaicnm-1
9,0,akglcmin-1
10,0,bacnjjlh-1
11,0,obdobkig-1
12,0,aojlpeal-1
13,0,gboebojf-1
14,0,bcjceaaj-1
15,0,aojejpip-1
16,0,akpimogh-1
17,0,mphbplnk-1
18,0,mblikpim-1
19,0,bagaphep-1
20,0,ajkiblhp-1
21,0,bckahcdm-1
22,0,angpppla-1
23,0,apdnbcoc-1
24,0,ipnhpmem-1
25,0,ajpaacgf-1
26,0,jaeehoec-1
27,0,aohjegld-1
28,0,ajjcfhhn-1
29,0,annpkeen-1
30,0,iphcakdb-1
31,0,njidgalp-1
32,0,anlfkodd-1
33,0,njgofnld-1
34,0,mamcefch-1
35,0,amoljgin-1
36,0,maejdnlm-1
37,0,gbiogohl-1
38,0,jalcffbi-1
39,0,gbnnfpae-1
40,0,akemjgmg-1
41,0,nagahhmg-1
42,0,ajenijig-1
43,0,anjkgnfi-1
44,0,apgfbagf-1
45,0,apocphop-1
46,0,gccbkdef-1
47,0,gbkhnlik-1
48,0,aokcpbna-1
49,0,gbhfbaai-1
50,0,gblbmeld-1
51,0,ajjddjjk-1
52,0,anielebl-1
53,0,ajplpkmc-1
54,0,ojfmaoel-1
55,0,mbdccpaf-1
56,0,anlakfej-1
57,0,ajppbglj-1
58,0,ajjdahlf-1
59,0,baejlhjl-1
60,0,aokjjieg-1
61,0,apnaniap-1
62,0,fpfdlegg-1
63,0,aphcefce-1
64,0,apmcekcd-1
65,0,mabdlmik-1
66,0,fpncfgie-1
67,0,anoknchf-1
68,0,bagnekdb-1
69,0,akegknbk-1
70,0,apbffbdk-1
71,0,jacpkfbf-1
72,0,anfkpcph-1
73,0,mafjpmfe-1
74,0,akfhokbl-1
75,0,apmaapcl-1
76,0,akdbndjo-1
77,0,bacbdcbi-1
78,0,mbbehofg-1
79,0,gbcmfjci-1
80,0,gbkkbefn-1
81,0,bcjgfjmf-1
82,0,fpfjidcm-1
83,0,jalpcapm-1
84,0,fpbchheo-1
85,0,ajhadnkp-1
86,0,ajkchali-1
87,0,ipnlfhan-1
88,0,gbjkdanp-1
89,0,jahgnhao-1
90,0,gbldkiij-1
91,0,bcjbefcb-1
92,0,mbbihojk-1
93,0,apbgchbd-1
94,0,anhofoak-1
95,0,aokgdcne-1
96,0,amnbagmb-1
97,0,apdpgdhk-1
98,0,apemipbf-1
99,0,bahjjjhf-1
100,0,fpfanpnj-1
101,0,apehlcpd-1
102,0,aknajebk-1
103,0,ajnpjfpo-1
104,0,mankjlpi-1
105,0,ajoafamc-1
106,0,mbjnmcld-1
107,0,ajggegbm-1
108,0,ajkojdjo-1
109,0,gcbjlooo-1
110,0,mbdinlce-1
111,0,ajemcfoe-1
112,0,macjhjim-1
113,0,jadngbep-1
114,0,fpfefbel-1
115,0,mbadpjmd-1
116,0,maeoglhd-1
117,0,maenidgl-1
118,0,ajkldpfb-1
119,0,akgficne-1
120,0,gbkcembc-1
121,0,gbegfiad-1
122,0,jaipakmo-1
123,0,mbbiddfl-1
124,0,mbhifdom-1
125,0,anolafjd-1
126,0,maiefpan-1
127,0,mapldekb-1
128,0,alamkpgc-1
129,0,ancmlnbm-1
130,0,maeiiddl-1
131,0,aoiibike-1
132,0,apjbddhj-1
133,0,gbdccopc-1
134,0,ammkdlhl-1
135,0,maognepm-1
136,0,mbkflldn-1
137,0,apilhgaf-1
138,0,amkhhfkh-1
139,0,maebdied-1
140,0,aplobkdc-1
141,0,amndhgne-1
142,0,mbcoglil-1
143,0,apebekbm-1
144,0,gbiifchi-1
145,0,anjachmc-1
146,0,apnoehjk-1
147,0,njmmnolg-1
148,0,gbhjgdgo-1
149,0,gbdpeoih-1
150,0,jdapahae-1
151,0,jaihpmff-1
152,0,anlemddh-1
153,0,amlkoknc-1
154,0,apjkefll-1
155,0,anigbckp-1
156,0,bcklahjh-1
157,0,bckdlpcc-1
158,0,akpjiljg-1
159,0,iplbnkpa-1
160,0,maophidi-1
161,0,gbllhafc-1
162,0,ajebejll-1
163,0,lppoimcp-1
164,0,aooohlko-1
165,0,gbdjcmma-1
166,0,bckdnopd-1
167,0,aopknacp-1
168,0,njagbjaj-1
169,0,anmbfhje-1
170,0,aldieiid-1
171,0,ippedgch-1
172,0,lpoplpcb-1
173,0,anpggjoh-1
174,0,anlpiplb-1
175,0,gbiokgll-1
176,0,ajlamijn-1
177,0,akdfbfoj-1
178,0,anddijoe-1
179,0,gbkbjecn-1
180,0,nipnedkb-1
181,0,aknfdndo-1
182,0,ampfpkfi-1
183,0,aojmklec-1
184,0,anaojcmc-1
185,0,akfbfijb-1
186,0,apapajnh-1
187,0,ammgloon-1
188,0,akogndbg-1
189,0,gbjddjoc-1
190,0,jaiipmja-1
191,0,aopeobnk-1
192,0,lpoolllo-1
193,0,aoidijam-1
194,0,anjfmljo-1
195,0,alacjlij-1
196,0,bcffibco-1
197,0,apnhlpab-1
198,0,ajpkgpei-1
199,0,anbnhjip-1
200,0,akboioio-1
201,0,jajmcpfe-1
202,0,aphanjji-1
203,0,gcfmbmag-1
204,0,jadjiiok-1
205,0,mbahbnbo-1
206,0,odniloef-1
207,0,apngomai-1
208,0,jaifhgej-1
209,0,jadabmgn-1
210,0,gbpgoomj-1
211,0,amkoedkm-1
212,0,gbcdgnmp-1
213,0,aomblicc-1
214,0,aolpkboh-1
215,0,apkfaaob-1
216,0,iplbachh-1
217,0,apjfdlkd-1
218,0,njnjkfgp-1
219,0,apalpfmc-1
220,0,madpkhpm-1
221,0,aohopbil-1
222,0,gboajigk-1
223,0,maoejggj-1
224,0,baclaoip-1
225,0,mbjnehfm-1
226,0,anagikgo-1
227,0,ajjahimi-1
228,0,apfdgobj-1
229,0,aolnnaib-1
230,0,jaibabja-1
231,0,apkopaeb-1
232,0,ojfobgnf-1
233,0,gbglkkjd-1
234,0,gbnihiob-1
235,0,albcgcfm-1
236,0,mpfnggbm-1
237,0,jadnpnii-1
238,0,anddebjd-1
239,0,mbejkepl-1
240,0,anhbjhmb-1
241,0,akcfimeo-1
242,0,gbmmkbik-1
243,0,nagbedmn-1
244,0,baiifepf-1
245,0,gbodpnbm-1
246,0,apkoachf-1
247,0,mbecfnnb-1
248,0,ajgmockp-1
249,0,gbijhkog-1
250,0,gbninadi-1
251,0,anhclmjo-1
252,0,maacndjj-1
253,0,aldcobep-1
254,0,jdaplkbi-1
255,0,jafdplcf-1
256,0,bcknpnaj-1
257,0,jaijacnp-1
258,0,njmeabbg-1
259,0,aolmeooh-1
260,0,njnghfcf-1
261,0,alehcedd-1
262,0,akbongbi-1
263,0,appgaenc-1
264,0,aphmmmjp-1
265,0,bahicblo-1
266,0,akdbjada-1
267,0,gbnfijeg-1
268,0,akafalok-1
269,0,apnmlocm-1
270,0,macdjbjo-1
271,0,amkhdaip-1
272,0,madkmimp-1
273,0,mbfgabmi-1
274,0,apkmboac-1
275,0,bcjcojgn-1
276,0,njgoodmp-1
277,0,apnkhbke-1
278,0,manpehfn-1
279,0,ancdnmkn-1
280,0,anflmdcl-1
281,0,aopjadjf-1
282,0,mblkomcn-1
283,0,anjgdogb-1
284,0,apgncpim-1
285,0,madhkkji-1
286,0,mbffmjai-1
287,0,baecfodo-1
288,0,ajpfapbj-1
289,0,aknkoebm-1
290,0,jafpmfpd-1
291,0,ajgekmid-1
292,0,iplkgiic-1
293,0,mabndkaf-1
294,0,fpnmdhck-1
295,0,bagdhblj-1
296,0,apacjplc-1
297,0,akngmpkc-1
298,0,bckejflg-1
299,0,akgagdof-1
300,0,apiecjfm-1
301,0,mbdfedna-1
302,0,jadcdeog-1
303,0,akdjdjjn-1
304,0,amlmpnjp-1
305,0,mbkmlbgc-1
306,0,maabihja-1
307,0,aoiaablp-1
308,0,apjdheni-1
309,0,jaklagij-1
310,0,akdjfcca-1
311,0,akcodalm-1
312,0,gbegpadf-1
313,0,gcdomnnl-1
314,0,gbmpfopk-1
315,0,jadekfia-1
316,0,akfdladp-1
317,0,fpfkgmdd-1
318,0,andlfgkf-1
319,0,gbifpfle-1
320,0,anpldifp-1
321,0,baencdbm-1
322,0,gbihjgac-1
323,0,anonlmdj-1
324,0,macakacb-1
325,0,ajkjnfaa-1
326,0,babncbkp-1
327,0,apekppid-1
328,0,bckdljhm-1
329,0,fpfcmadi-1
330,0,mbjobjfe-1
331,0,gbfcgmaj-1
332,0,gbjhihdk-1
333,0,anpnckki-1
334,0,ankpfflk-1
335,0,njmhdemd-1
336,0,aoiclkbh-1
337,0,anmljpob-1
338,0,madbcicg-1
339,0,alacamoe-1
340,0,maeaegpo-1
341,0,apbddflg-1
342,0,ipglglfb-1
343,0,aoibilik-1
344,0,badbhdnm-1
345,0,jadkphkd-1
346,0,anbomhcn-1
347,0,mablhedm-1
348,0,andddhoc-1
349,0,fpflebif-1
350,0,anbimpge-1
351,0,maabfecd-1
352,0,apicflcj-1
353,0,aokbgfhe-1
354,0,mbliggel-1
355,0,andpanjm-1
356,0,ipkmagaj-1
357,0,gblhpgid-1
358,0,madlfmni-1
359,0,jagnmafj-1
360,0,njpbhdno-1
361,0,akbpmffd-1
362,0,aldldilc-1
363,0,hhibfjde-1
364,0,andkdoff-1
365,0,mbakpfii-1
366,0,aolidnim-1
367,0,malojlhe-1
368,0,badfogbk-1
369,0,ajebkeff-1
370,0,amminall-1
371,0,akdapmoa-1
372,0,ipkdlfeh-1
373,0,lpopombj-1
374,0,ajgdnaid-1
375,0,anldoonl-1
376,0,akelhbfo-1
377,0,baecmlkg-1
378,0,fpagpege-1
379,0,ancmaoad-1
380,0,apjihegn-1
381,0,ajgeljfg-1
382,0,ampkkaed-1
383,0,aononece-1
384,0,lpofgieb-1
385,0,aldpljgi-1
386,0,gbnjlbmf-1
387,0,jakdlpgn-1
388,0,ajemfjli-1
389,0,mappibhc-1
390,0,ampicjdn-1
391,0,ajlfmcgh-1
392,0,bckmmdoi-1
393,0,mbjopmlk-1
394,0,njooemmj-1
395,0,bafgbdjc-1
396,0,anccdkcd-1
397,0,jaggoomb-1
398,0,gbhgajke-1
399,0,akalikgj-1
400,0,mbebdfen-1
401,0,gcbgilip-1
402,0,bagfdkbc-1
403,0,fpeogden-1
404,0,akelhomg-1
405,0,gbfckanh-1
406,0,apmjooel-1
407,0,apjblgib-1
408,0,jaidbmkp-1
409,0,mpgpgeip-1
410,0,njlocpom-1
411,0,aokepcko-1
412,0,jdckckln-1
413,0,apeebgfg-1
414,0,aodgnelb-1
415,0,gbdedbmf-1
416,0,anmhepcb-1
417,0,alaadogo-1
418,0,badobgei-1
419,0,njhldpll-1
420,0,apjinfen-1
421,0,apboiibf-1
422,0,aplbemhf-1
423,0,apmeiile-1
424,0,ajgkokih-1
425,0,bafnkhec-1
426,0,ipkefhaj-1
427,0,mbgceaid-1
428,0,jafdbfmf-1
429,0,mbflhnkh-1
430,0,anlocmhl-1
431,0,gbpmiafi-1
432,0,anijhejo-1
433,0,jahgncmk-1
434,0,gbifilcd-1
435,0,mbjelpme-1
436,0,bahdlpdg-1
437,0,ammopkod-1
438,0,gbhilfeh-1
439,0,andcjhep-1
440,0,aojcmmco-1
441,0,apflkicj-1
442,0,ajfjnkmh-1
443,0,ancpdakn-1
444,0,akpfnjec-1
445,0,jaihlagk-1
446,0,obblmbim-1
447,0,maoopehg-1
448,0,ajfafkkj-1
449,0,apbhbcaj-1
450,0,mbhjamkn-1
451,0,njiegimc-1
452,0,aooemfec-1
453,0,jaecmlck-1
454,0,anjbolcf-1
455,0,apjmojif-1
456,0,bahnedim-1
457,0,njmgjaaa-1
458,0,akbmiodi-1
459,0,mblnghhd-1
460,0,anjemcdd-1
461,0,analkfja-1
462,0,anjoidna-1
463,0,jdeadcmh-1
464,0,njmjoigm-1
465,0,gbplahha-1
466,0,iplkiahb-1
467,0,maikokcj-1
468,0,lppknnfl-1
469,0,njohbacm-1
470,0,aohcpdjk-1
471,0,gbddbfmj-1
472,0,fpfiogme-1
473,0,gblkhpbb-1
474,0,bahblgkk-1
475,0,ipncejaa-1
476,0,maenkbkl-1
477,0,aphmhhob-1
478,0,gbdkaehg-1
479,0,apbggpfj-1
480,0,apidifgl-1
481,0,jaigkkmc-1
482,0,njodhlbk-1
483,0,mbkkpghj-1
484,0,ampjnbea-1
485,0,gbogpppj-1
486,0,maodilco-1
487,0,maaibona-1
488,0,apnmnokp-1
489,0,anolhodf-1
490,0,aplpebpj-1
491,0,gbokcpem-1
492,0,mbaiacic-1
493,0,anjihcmn-1
494,0,jakkojne-1
495,0,bagmaplf-1
496,0,apbhjmia-1
497,0,maplikhb-1
498,0,aolamcjb-1
499,0,akegcifb-1
500,0,njoofjgj-1
501,0,baagpkob-1
502,0,mbiapeoj-1
503,0,anhnncoj-1
504,0,babbpapg-1
505,0,fpbalomj-1
506,0,jaennlke-1
507,0,bacmomoa-1
508,0,anhpdjio-1
509,0,jahcekij-1
510,0,aoebfigg-1
511,0,jahdgian-1
512,0,anjgknlb-1
513,0,badgnhpb-1
514,0,manfojmn-1
515,0,madifppl-1
516,0,gbcokada-1
517,0,aopoadbm-1
518,0,gbdeakhh-1
519,0,maagnlfe-1
520,0,apomlmlp-1
521,0,maejpjal-1
522,0,annhadcf-1
523,0,ipglhdbp-1
524,0,akbckoff-1
525,0,ancoijam-1
526,0,mpfmjkkb-1
527,0,babdjigc-1
528,0,fpafhjao-1
529,0,baihenob-1
530,0,gbmchkbf-1
531,0,fplkjeeg-1
532,0,gbehklec-1
533,0,mafclifj-1
534,0,maanobne-1
535,0,bcjlajbn-1
536,0,jadmjfde-1
537,0,aknbhkjh-1
538,0,akcmajhc-1
539,0,jdamnanm-1
540,0,jalibdpm-1
541,0,ajjhfbog-1
542,0,jahddfgn-1
543,0,ohjledef-1
544,0,apfppdpa-1
545,0,mbcmdlga-1
546,0,iplajjjk-1
547,0,maogkfjp-1
548,0,njfnhgep-1
549,0,mbebkgoj-1
550,0,gbimcofo-1
551,0,mpheooai-1
552,0,anpepmhi-1
553,0,nafiapdo-1
554,0,aplagbmb-1
555,0,ajjdkahe-1
556,0,amkpoejl-1
557,0,aonmfkkj-1
558,0,akpndbbd-1
559,0,mbfpbogm-1
560,0,mbfbpkad-1
561,0,bcfkogfm-1
562,0,albbhpca-1
563,0,mabnpfjk-1
564,0,mapnegce-1
565,0,ajpnopnd-1
566,0,amlcpamh-1
567,0,gbihmppl-1
568,0,apidjdik-1
569,0,apjhoaih-1
570,0,akecaekb-1
571,0,anbljjal-1
572,0,gbkeicjc-1
573,0,gbdbkdeb-1
574,0,lpmflehf-1
575,0,mabdkejo-1
576,0,aokdpnaf-1
577,0,ancdhbjp-1
578,0,lppmehgi-1
579,0,anjoimla-1
580,0,albhkppi-1
581,0,jaemhakd-1
582,0,njhfjinc-1
583,0,baghejbh-1
584,0,njmefdjl-1
585,0,bahgcaoi-1
586,0,apknplcb-1
587,0,ajpapkcc-1
588,0,anofbkpg-1
589,0,ipljemkb-1
590,0,gbikmmfp-1
591,0,amnmdcii-1
592,0,ajgkkjia-1
593,0,aoajnmen-1
594,0,amoegcjf-1
595,0,gbdicpkl-1
596,0,gbhdpabj-1
597,0,jdebhlnk-1
598,0,jalbegbj-1
599,0,akdnglfp-1
600,0,mbfoiccm-1
601,0,aoogomkb-1
602,0,anbgjboo-1
603,0,anolapkp-1
604,0,maeibkpn-1
605,0,obdofdad-1
606,0,ajdohbig-1
607,0,aomkeaii-1
608,0,anaeelon-1
609,0,babnkcdp-1
610,0,gcdpkahp-1
611,0,apjhfcgd-1
612,0,mbkpdbac-1
613,0,mpgdelfh-1
614,0,baahkeib-1
615,0,gbfocehp-1
616,0,akbiccck-1
617,0,gbdkacho-1
618,0,mbbnnmeo-1
619,0,anibjemn-1
620,0,apjfhgdl-1
621,0,albjmeam-1
622,0,mapnhnne-1
623,0,njndkcjd-1
624,0,ipkjhoic-1
625,0,ankdlbok-1
626,0,apbakhgf-1
627,0,aojefedh-1
628,0,ammjinob-1
629,0,ankjkaph-1
630,0,bckehgnl-1
631,0,anhdjchb-1
632,0,ajkldojm-1
633,0,jakcomnl-1
634,0,apjocplo-1
635,0,akdjholb-1
636,0,badifofd-1
637,0,aknimfhb-1
638,0,aplmngdn-1
639,0,akbibaca-1
640,0,anaoomdn-1
641,0,ammmccbi-1
642,0,gboapmpc-1
643,0,madihemg-1
644,0,apikfkdj-1
645,0,akhfmcgd-1
646,0,aoidnlbg-1
647,0,gboleghf-1
648,0,mabhnajg-1
649,0,ajlbeonb-1
650,0,apiplphl-1
651,0,lpmhnbcm-1
652,0,ajlalfoa-1
653,0,aonpdlhh-1
654,0,njnbbfmf-1
655,0,aonlkean-1
656,0,ajeiibko-1
657,0,albbifae-1
658,0,maefhinf-1
659,0,applpcgf-1
660,0,ippdcakk-1
661,0,ajphbakf-1
662,0,aoahkmdo-1
663,0,apahpibo-1
664,0,apmhdhgh-1
665,0,mbenohak-1
666,0,badoiolh-1
667,0,ankpnign-1
668,0,gbclljdb-1
669,0,mbammpfo-1
670,0,amomhchl-1
671,0,bahaiefm-1
672,0,aojmjpch-1
673,0,gbjepmno-1
674,0,ipnedmgi-1
675,0,amklpbcd-1
676,0,anpgdpmo-1
677,0,amlenfde-1
678,0,apeddhmo-1
679,0,obdkjioc-1
680,0,apibokgn-1
681,0,jaiodped-1
682,0,fpepdbjh-1
683,0,anjehodc-1
684,0,amplfpao-1
685,0,apamkemk-1
686,0,nagcannm-1
687,0,amkhjcha-1
688,0,bagfklee-1
689,0,akppemog-1
690,0,anlnnfgn-1
691,0,ajfejhof-1
692,0,baiebean-1
693,0,aoonbehc-1
694,0,apjpgchn-1
695,0,fpnaalbh-1
696,0,akgfkhno-1
697,0,ajkogbpd-1
698,0,maebbkpl-1
699,0,mpffjilc-1
700,0,gcdoonef-1
701,0,alakelbb-1
702,0,madbjdjd-1
703,0,ankpmeie-1
704,0,apnjnbkg-1
705,0,aoklojal-1
706,0,apbigpfb-1
707,0,njhocpbc-1
708,0,aonkkadf-1
709,0,aplgaggj-1
710,0,gblknlhe-1
711,0,nafokljk-1
712,0,njpgckok-1
713,0,aplbfedi-1
714,0,apbbjgcm-1
715,0,apgpkfac-1
716,0,njibdmng-1
717,0,baideajb-1
718,0,baddjaca-1
719,0,gbmnncaf-1
720,0,hhicdohl-1
721,0,ajfikgpg-1
722,0,gbmocfgi-1
723,0,badhgnfd-1
724,0,gcdnbolk-1
725,0,mabmfahb-1
726,0,gbinaadk-1
727,0,akeiignp-1
728,0,akdlogbe-1
729,0,ajkghddm-1
730,0,gboiloef-1
731,0,fpeilmgb-1
732,0,mbcalbnf-1
733,0,mpgalklc-1
734,0,baggabpe-1
735,0,baaikkln-1
736,0,njnjpfgk-1
737,0,mabkddam-1
738,0,bcjhbfkj-1
739,0,jafjcpcl-1
740,0,apbjdeik-1
741,0,gbcihigi-1
742,0,gbfmmcal-1
743,0,annonmbb-1
744,0,jdefkfgi-1
745,0,ajfgjgmf-1
746,0,jalkjlcg-1
747,0,fpaodepe-1
748,0,njnbaagp-1
749,0,babhdole-1
750,0,apmbkekb-1
751,0,ajkeodkd-1
752,0,anolfnej-1
753,0,jahnkdlc-1
754,0,ammpnlbe-1
755,0,akgamkfk-1
756,0,anlgphln-1
757,0,baemgble-1
758,0,lpmgifhd-1
759,0,fpbbeoaa-1
760,0,apgjmffg-1
761,0,alejmnkd-1
762,0,anaakocp-1
763,0,baejalki-1
764,0,akakjagm-1
765,0,jalkhafl-1
766,0,amplhcph-1
767,0,mbakjpim-1
768,0,fpfdcmpi-1
769,0,andjeiem-1
770,0,iplfnndg-1
771,0,apijbibm-1
772,0,fpfinacm-1
773,0,jalonjhf-1
774,0,lppgnekj-1
775,0,mbjpmhfl-1
776,0,njhfldok-1
777,0,andlodlb-1
778,0,apppaael-1
779,0,apndeman-1
780,0,fpfmleod-1
781,0,gcdofnff-1
782,0,bacjillj-1
783,0,obdidfpn-1
784,0,mblljond-1
785,0,albcoeie-1
786,0,ancmhgmh-1
787,0,maaamdba-1
788,0,mbcfbndj-1
789,0,gbdppbab-1
790,0,anjliafi-1
791,0,gbjhmfci-1
792,0,gcbfcnja-1
793,0,gbfnkaci-1
794,0,anbjmnac-1
795,0,gbhelfkg-1
796,0,akgjnpdd-1
797,0,gcealbmk-1
798,0,amnljpde-1
799,0,fpfodlja-1
800,0,mafehpml-1
801,0,aokmfgnb-1
802,0,njgkedpg-1
803,0,njlohaki-1
804,0,gbcdomml-1
805,0,ankfgbml-1
806,0,amncfefe-1
807,0,akaocfij-1
808,0,amoenbbm-1
809,0,badbflkl-1
810,0,ipiiipmg-1
811,0,akapafje-1
812,0,anjalcde-1
813,0,mbdobfig-1
814,0,bckmkdfe-1
815,0,ipkkeaam-1
816,0,apghmpcl-1
817,0,apdplmib-1
818,0,anljfbaj-1
819,0,njiakcjn-1
820,0,fpnlabha-1
821,0,bckaaene-1
822,0,njnfpaen-1
823,0,mpgjdnlg-1
824,0,apifhall-1
825,0,mafcgeoe-1
826,0,njmlaobd-1
827,0,akdmhmbf-1
828,0,bckjpfgk-1
829,0,gcblodlj-1
830,0,akehgaib-1
831,0,jakbfejc-1
832,0,ajngbdlg-1
833,0,amoajknh-1
834,0,njokbenc-1
835,0,anlajgen-1
836,0,madjhoce-1
837,0,njmpdfmh-1
838,0,ajpcdala-1
839,0,apblbiia-1
840,0,gbgealmm-1
841,0,fpejdbgj-1
842,0,mabpgjmj-1
843,0,gblalafm-1
844,0,anfblkga-1
845,0,anlbmnim-1
846,0,babbikll-1
847,0,gbpeailj-1
848,0,mpffnjoi-1
849,0,aoaknoln-1
850,0,alccjfgc-1
851,0,gbnijffj-1
852,0,akcbmddm-1
853,0,gbkcicng-1
854,0,maidhben-1
855,0,baggoajm-1
856,0,amkpjljk-1
857,0,gbeoaajc-1
858,0,ajofeink-1
859,0,gbnepccb-1
860,0,ancpeeff-1
861,0,malpknjc-1
862,0,apbmemko-1
863,0,apklhgbo-1
864,0,badbeigm-1
865,0,apbgpglf-1
866,0,akdfbjoh-1
867,0,gbgblamc-1
868,0,aphfhbdk-1
869,0,gbokhhne-1
870,0,mbbeceoe-1
871,0,ajeiojgb-1
872,0,mpfmembb-1
873,0,babjmdci-1
874,0,anoicbfg-1
875,0,aookjofp-1
876,0,aplcimjf-1
877,0,akncglgf-1
878,0,gbpmoahc-1
879,0,ohkdpgeo-1
880,0,manlcfln-1
881,0,njpgckem-1
882,0,fpfcfnje-1
883,0,mbkbeoae-1
884,0,ankcnpmc-1
885,0,gcdmchgf-1
886,0,maaldlac-1
887,0,nagabaje-1
888,0,bacibmam-1
889,0,akdfhikg-1
890,0,anplokon-1
891,0,aldjliic-1
892,0,apgcmdnd-1
893,0,aphnadao-1
894,0,aphnnbcf-1
895,0,baajmjcm-1
896,0,ajgabbcf-1
897,0,gbmcepdf-1
898,0,gbnohchf-1
899,0,mbkbdokg-1
900,0,apgeiaji-1
901,0,akadebbi-1
902,0,ajgnilel-1
903,0,anaeecci-1
904,0,akgiepbf-1
905,0,apggbkjh-1
906,0,maopaodb-1
907,0,anjdfjib-1
908,0,bahaipig-1
909,0,mabkcbcf-1
910,0,akpeffed-1
911,0,lpmfmnol-1
912,0,aopkjgjp-1
913,0,ipmockkl-1
914,0,aokfadcl-1
915,0,anldjfid-1
916,0,aoplfeej-1
917,0,jadhfilh-1
918,0,gbfhiaph-1
919,0,anbldanb-1
920,0,jaiaehgp-1
921,0,ajgpkaoj-1
922,0,aohglfpf-1
923,0,ajehdbpo-1
924,0,maofahkb-1
925,0,maonnded-1
926,0,mbjohfca-1
927,0,ipifnpgh-1
928,0,anacbhjo-1
929,0,apacefkg-1
930,0,apgdcmce-1
931,0,ohkbcigp-1
932,0,alahkdpn-1
933,0,apnlpjng-1
934,0,mblhiljf-1
935,0,mpfocohi-1
936,0,gblnhcnd-1
937,0,gbiahbln-1
938,0,jafjdgbh-1
939,0,ojbfclcp-1
940,0,bafbfpeg-1
941,0,bacmoabc-1
942,0,ajegfhcd-1
943,0,njpgfmci-1
944,0,hhicohbi-1
945,0,amnlaond-1
946,0,gbnplimc-1
947,0,njiphadf-1
948,0,gccmnjfi-1
949,0,nipcopda-1
950,0,gcbfekgg-1
951,0,apampoda-1
952,0,aokglgef-1
953,0,jaeggmib-1
954,0,aopngfpj-1
955,0,ajpbmjok-1
956,0,aopgcijb-1
957,0,gblkjemp-1
958,0,maiicaod-1
959,0,ajfkanhm-1
960,0,jdefoaom-1
961,0,jdegeojk-1
962,0,njifgafo-1
963,0,amkfikem-1
964,0,obdngloj-1
965,0,obdgiiph-1
966,0,maajnicl-1
967,0,apoiaief-1
968,0,mbeahpbj-1
969,0,jaeppkge-1
970,0,akcnkffj-1
971,0,ajonfhoi-1
972,0,amkmdhnc-1
973,0,ancfnkim-1
974,0,anligfdk-1
975,0,mapjhaff-1
976,0,mbcmlihl-1
977,0,jakglbog-1
978,0,gbplookb-1
979,0,njpknlfl-1
980,0,anboanpc-1
981,0,aplibnfc-1
982,0,badaahjn-1
983,0,apadkcpm-1
984,0,jajnkbpl-1
985,0,jddodlln-1
986,0,mamaembm-1
987,0,amkebghi-1
988,0,ajocpnne-1
989,0,jdaplhnm-1
990,0,njmnjffl-1
991,0,ajjceffm-1
992,0,akofcaef-1
993,0,aolkkjdi-1
994,0,ajlhmepl-1
995,0,akboggha-1
996,0,baglglid-1
997,0,jaigbpgm-1
998,0,apaccfia-1
999,0,aoikkgch-1
1000,0,nafkhhhp-1
1001,0,njnonmgf-1
1002,0,gccobplp-1
1003,0,moabglce-1
1004,0,bagkgnme-1
1005,0,mapgocan-1
1006,0,hhiakknk-1
1007,0,apefdeoc-1
1008,0,jahobagn-1
1009,0,mbcfgldo-1
1010,0,njmknlnf-1
1011,0,aoodlocc-1
1012,0,fpnjkjjh-1
1013,0,alelhbeg-1
1014,0,appddbpf-1
1015,0,maipcmhf-1
1016,0,akndchcl-1
1017,0,lppaafpf-1
1018,0,apgnaodd-1
1019,0,badepphj-1
1020,0,ajfpbogl-1
1021,0,aplldnho-1
1022,0,mabpdhec-1
1023,0,baaocale-1
1024,0,gbhhjiab-1
1025,0,apbphobo-1
1026,0,mandagoh-1
1027,0,akhfmgna-1
1028,0,aldhcdng-1
1029,0,gbndakha-1
1030,0,jalifjma-1
1031,0,anckmkmi-1
1032,0,gbhhmmpe-1
1033,0,maemaodd-1
1034,0,mbambcgo-1
1035,0,babcmddn-1
1036,0,jaiecbhn-1
1037,0,gbheicep-1
1038,0,gbkmhfef-1
1039,0,jafbieho-1
1040,0,apeboobk-1
1041,0,aonjlkca-1
1042,0,gbfgfljp-1
1043,0,jahdeleg-1
1044,0,amolblba-1
1045,0,ajoeogmj-1
1046,0,annapdgj-1
1047,0,jadlingb-1
1048,0,amopajea-1
1049,0,fpfdbmdm-1
1050,0,ipljlgjp-1
1051,0,akecingl-1
1052,0,mbdgflkg-1
1053,0,appcaghl-1
1054,0,bahpbndl-1
1055,0,anljilai-1
1056,0,gbdemppm-1
1057,0,gbeafmpf-1
1058,0,apepcebn-1
1059,0,mphdhogl-1
1060,0,mbgenkkd-1
1061,0,akndojmb-1
1062,0,appmkmpn-1
1063,0,anipjmmp-1
1064,0,mpfgjedi-1
1065,0,babmfkbb-1
1066,0,anklfnfa-1
1067,0,anbbjnpn-1
1068,0,apaakfff-1
1069,0,aodkmcpj-1
1070,0,ammajjdj-1
1071,0,ipkgffpd-1
1072,0,gbjmpgpa-1
1073,0,mbhgohjc-1
1074,0,ajfhlggo-1
1075,0,ajkgljbc-1
1076,0,amnbihkl-1
1077,0,mphfgcif-1
1078,0,ajpoidbi-1
1079,0,anbjkolo-1
1080,0,aoacdklg-1
1081,0,maoeclhc-1
1082,0,mbjpgpge-1
1083,0,gbolfgce-1
1084,0,akpbcoea-1
1085,0,akapmcne-1
1086,0,ajebopdc-1
1087,0,aopbbkia-1
1088,0,aojjccmh-1
1089,0,aolmfkhe-1
1090,0,aooifoib-1
1091,0,akbclndg-1
1092,0,andahjpo-1
1093,0,bahogcnn-1
1094,0,albkhpam-1
1095,0,ankipjej-1
1096,0,akfijfkg-1
1097,0,gcgbmpmp-1
1098,0,aolgkjlg-1
1099,0,bcjicpgi-1
1100,0,anfbdkgd-1
1101,0,gbioecje-1
1102,0,gbljemnn-1
1103,0,apkehfga-1
1104,0,aplfeida-1
1105,0,aopghhgl-1
1106,0,ammnoadk-1
1107,0,obbffokk-1
1108,0,njipmopg-1
1109,0,mbaokibb-1
1110,0,gbfbabba-1
1111,0,aoahijck-1
1112,0,njonhhkl-1
1113,0,mbbinopk-1
1114,0,apfdmlmj-1
1115,0,fpeojmkk-1
1116,0,akbfjggk-1
1117,0,mbkjmdcg-1
1118,0,akgpjjdh-1
1119,0,anoopkai-1
1120,0,anoagnle-1
1121,0,jagdbkie-1
1122,0,jdehmbal-1
1123,0,ampdifjh-1
1124,0,gbghgapg-1
1125,0,alaomhje-1
1126,0,apibehdn-1
1127,0,akdeacjc-1
1128,0,bcjcgcap-1
1129,0,ajodepnn-1
1130,0,appbkgcb-1
1131,0,baaafjal-1
1132,0,ancgamfo-1
1133,0,apjolfmh-1
1134,0,aphbeeda-1
1135,0,akgpjgfb-1
1136,0,njlpilne-1
1137,0,gcfocpen-1
1138,0,mbkhkpcb-1
1139,0,ajghckaj-1
1140,0,mapabned-1
1141,0,badinloc-1
1142,0,anecgdbo-1
1143,0,akdbimlc-1
1144,0,mbklkhmo-1
1145,0,ajgjggbp-1
1146,0,anebhphd-1
1147,0,mbjahcka-1
1148,0,baifelia-1
1149,0,gbhfbdmh-1
1150,0,aombgkfb-1
1151,0,njpdieag-1
1152,0,aonbmdbe-1
1153,0,njmddcag-1
1154,0,njhbgenf-1
1155,0,njoclomd-1
1156,0,baeeejho-1
1157,0,mbjdilbi-1
1158,0,baddhpop-1
1159,0,bckpikkh-1
1160,0,njnhfpia-1
1161,0,anfdmmce-1
1162,0,aninbmaa-1
1163,0,aonichhj-1
1164,0,bahkdded-1
1165,0,bablkanh-1
1166,0,gboknklo-1
1167,0,ippdhkgh-1
1168,0,ajknmohn-1
1169,0,apgljfam-1
1170,0,mbchdfho-1
1171,0,jakigppa-1
1172,0,apjieiah-1
1173,0,nipdbllg-1
1174,0,badkmfie-1
1175,0,gbdheedi-1
1176,0,mbabfldh-1
1177,0,babpcicn-1
1178,0,gcdhdbdp-1
1179,0,ajpjnacp-1
1180,0,ajlclhgh-1
1181,0,gbllldim-1
1182,0,maeciokn-1
1183,0,akgnhgli-1
1184,0,bagcpgbo-1
1185,0,baebmolj-1
1186,0,bafpmbjb-1
1187,0,akphgpjp-1
1188,0,aomnagpg-1
1189,0,macefgdk-1
1190,0,babiihgh-1
1191,0,baepcdbn-1
1192,0,mbchbfmo-1
1193,0,bcfnffgi-1
1194,0,aplcjgna-1
1195,0,mbibmpgl-1
1196,0,amnmilmn-1
1197,0,apnjecin-1
1198,0,amlokegm-1
1199,0,ampiedkh-1
1200,0,ammnlfcl-1
1201,0,gbclffon-1
1202,0,bainejbo-1
1203,0,anmgidih-1
1204,0,akbjnkme-1
1205,0,anhodobc-1
1206,0,gbkmcapm-1
1207,0,jajimcjk-1
1208,0,anadogef-1
1209,0,bacjnani-1
1210,0,mapdjeng-1
1211,0,akbanama-1
1212,0,apidpolo-1
1213,0,gbgainjl-1
1214,0,alekmbld-1
1215,0,ajgkjfod-1
1216,0,akejkmge-1
1217,0,akpkimfm-1
1218,0,ammcgkek-1
1219,0,gblnemeh-1
1220,0,bagnhphl-1
1221,0,gbdacogj-1
1222,0,mbhmahgh-1
1223,0,gbkaafji-1
1224,0,anbmlbfo-1
1225,0,njmahhlc-1
1226,0,anihbjih-1
1227,0,gbffnadd-1
1228,0,njhamidj-1
1229,0,apkijilj-1
1230,0,maapfbmo-1
1231,0,babljdkf-1
1232,0,bacpdpfg-1
1233,0,gcglkilm-1
1234,0,ajoknabd-1
1235,0,gbmgjmmk-1
1236,0,gbofljmb-1
1237,0,gccammal-1
1238,0,anhchjgb-1
1239,0,mafadjho-1
1240,0,gcfkinil-1
1241,0,bagabcmd-1
1242,0,apidieie-1
1243,0,appnophn-1
1244,0,maafplne-1
1245,0,bcjbjnfp-1
1246,0,ajoeigho-1
1247,0,apmklnkm-1
1248,0,jaidijcc-1
1249,0,gbkahjnk-1
1250,0,akcpncia-1
1251,0,njoieoom-1
1252,0,bahaebkg-1
1253,0,ancidbfo-1
1254,0,bckionob-1
1255,0,appjomkc-1
1256,0,jaellckk-1
1257,0,andobngi-1
1258,0,gcdhlhbd-1
1259,0,amoffhlp-1
1260,0,ipnckdbc-1
1261,0,mbjmnlpa-1
1262,0,apjbfalo-1
1263,0,ajpiemam-1
1264,0,maenbokd-1
1265,0,njpaeoda-1
1266,0,apjpgjfb-1
1267,0,fpamlken-1
1268,0,appgpkek-1
1269,0,aldohlbl-1
1270,0,aondgldc-1
1271,0,mbfinopf-1
1272,0,jacppgld-1
1273,0,njhphkfo-1
1274,0,mabeljkg-1
1275,0,jaeocopi-1
1276,0,bafhfgib-1
1277,0,mbffhdmb-1
1278,0,gcfiacaf-1
1279,0,macmjoge-1
1280,0,njmcajoh-1
1281,0,jaejlico-1
1282,0,mbjcnbfd-1
1283,0,njoeaifa-1
1284,0,bacjbfbn-1
1285,0,anmmbbio-1
1286,0,baagcnhj-1
1287,0,jdeopcfj-1
1288,0,aphaapgl-1
1289,0,bahpfepj-1
1290,0,aphkdklp-1
1291,0,ajlldlfi-1
1292,0,maabehcd-1
1293,0,aodigpld-1
1294,0,jaifibka-1
1295,0,mbdcaeam-1
1296,0,apelijda-1
1297,0,jaemkpml-1
1298,0,akaoeplj-1
1299,0,apjnlaed-1
1300,0,gbhcklhk-1
1301,0,lppegkba-1
1302,0,ajemfcnf-1
1303,0,ajljpppn-1
1304,0,jaddohlo-1
1305,0,aonclomj-1
1306,0,annjfcgi-1
1307,0,aonbkifo-1
1308,0,gbnhfkie-1
1309,0,ajfdfemg-1
1310,0,mbejheah-1
1311,0,lpmhagdp-1
1312,0,gbfacgah-1
1313,0,fpeknkfa-1
1314,0,ipmppjpo-1
1315,0,apbpfhff-1
1316,0,anglicpo-1
1317,0,manlbcfd-1
1318,0,akgickel-1
1319,0,aoppbgak-1
1320,0,mbeompij-1
1321,0,akfpmlep-1
1322,0,njokommc-1
1323,0,angndndk-1
1324,0,aombgomp-1
1325,0,mabnjflf-1
1326,0,gbefjcip-1
1327,0,apeahjlp-1
1328,0,machmdkf-1
1329,0,macephle-1
1330,0,annohoio-1
1331,0,ajpgmkej-1
1332,0,ipnnioce-1
1333,0,mbjpbabj-1
1334,0,anmjcngc-1
1335,0,anfbjain-1
1336,0,akeglgei-1
1337,0,gboplhic-1
1338,0,jakfeeck-1
1339,0,njmhmgod-1
1340,0,baebjgke-1
1341,0,gccddaaf-1
1342,0,ajgickan-1
1343,0,aoajkmld-1
1344,0,mabcfoab-1
1345,0,njhcpgnf-1
1346,0,njiaepgb-1
1347,0,mbejijnd-1
1348,0,ajecdoei-1
1349,0,jadalmbb-1
1350,0,ajpkhppi-1
1351,0,mpfikpke-1
1352,0,mphcdajf-1
1353,0,ankmfedf-1
1354,0,anddhiff-1
1355,0,ajpcphin-1
1356,0,gbopmena-1
1357,0,baefhdkg-1
1358,0,akfcikpk-1
1359,0,jdenefhg-1
1360,0,ankdhkfn-1
1361,0,aokjhbca-1
1362,0,gbghmojc-1
1363,0,aoibjpod-1
1364,0,njpdejbo-1
1365,0,mbjofkfl-1
1366,0,fpanpplj-1
1367,0,mpfpkdkd-1
1368,0,njogdpao-1
1369,0,akcoeofn-1
1370,0,apnadpha-1
1371,0,bckjodhi-1
1372,0,amndkfmd-1
1373,0,amoeflee-1
1374,0,anmcomoe-1
1375,0,gbdkcffm-1
1376,0,aolnhnjj-1
1377,0,maifonch-1
1378,0,alakpioo-1
1379,0,aopmnjad-1
1380,0,gbhnccma-1
1381,0,gbcidecm-1
1382,0,aojnjnoe-1
1383,0,ohjlncom-1
1384,0,njoakiop-1
1385,0,anjkcmkb-1
1386,0,mbjicffh-1
1387,0,njgkbini-1
1388,0,njhedggc-1
1389,0,aolnbjgm-1
1390,0,bafgjbam-1
1391,0,aoimekml-1
1392,0,njplclef-1
1393,0,ajpeboog-1
1394,0,bafoebdm-1
1395,0,gcgfcmjj-1
1396,0,gcgbedio-1
1397,0,gblmnmae-1
1398,0,gbkhdoee-1
1399,0,ajfcfpmb-1
1400,0,njmophdc-1
1401,0,anoddcpa-1
1402,0,apjcnnkn-1
1403,0,akgigcdo-1
1404,0,gbiijamd-1
1405,0,maeopmfk-1
1406,0,mancpiml-1
1407,0,aopmopeh-1
1408,0,aknbajch-1
1409,0,anidbfco-1
1410,0,badhbmfp-1
1411,0,madhnfkb-1
1412,0,apmalfnn-1
1413,0,anenicma-1
1414,0,ajfckahn-1
1415,0,bafljkhg-1
1416,0,akaapina-1
1417,0,mpgckakc-1
1418,0,gbkfoihh-1
1419,0,njpgjebc-1
1420,0,apmjgnfg-1
1421,0,amnfkdip-1
1422,0,apfbjmkf-1
1423,0,mapfdfhh-1
1424,0,bacgljma-1
1425,0,ojbidapm-1
1426,0,mabikong-1
1427,0,appkindp-1
1428,0,nipgplob-1
1429,0,anlibdap-1
1430,0,jahfiolh-1
1431,0,babecnkg-1
1432,0,akcjahnd-1
1433,0,gbjcepgd-1
1434,0,obdhkkdd-1
1435,0,gbgflbee-1
1436,0,gcbjmeai-1
1437,0,aldelfaa-1
1438,0,ipkkmkaa-1
1439,0,moaeelfd-1
1440,0,maimiefp-1
1441,0,apngafjc-1
1442,0,ajomgmjj-1
1443,0,ipngcchd-1
1444,0,mbljbkij-1
1445,0,aldephed-1
1446,0,aleoanop-1
1447,0,ajjmbmnj-1
1448,0,apijcbcj-1
1449,0,ajfndeoa-1
1450,0,njopalce-1
1451,0,njhfddeo-1
1452,0,akcceonm-1
1453,0,akanlnnc-1
1454,0,mbjdfcjd-1
1455,0,aoknonfo-1
1456,0,anibbmfp-1
1457,0,ampailcp-1
1458,0,ajoopeoc-1
1459,0,aopcpolo-1
1460,0,ajfpapik-1
1461,0,mbfnpccg-1
1462,0,anbebbfj-1
1463,0,jahpaidj-1
1464,0,apoabkfi-1
1465,0,gbkfmbfj-1
1466,0,apmigilc-1
1467,0,akomjdhc-1
1468,0,jafbcenm-1
1469,0,ipoabjbb-1
1470,0,akffgcbm-1
1471,0,jadppgdh-1
1472,0,jafdiakp-1
1473,0,baihighj-1
1474,0,bafnjggk-1
1475,0,gbibhjdf-1
1476,0,nafmpjli-1
1477,0,akcnaajf-1
1478,0,anpeafbp-1
1479,0,bcjdbiao-1
1480,0,ammbmhfk-1
1481,0,fpaenlam-1
1482,0,amladebn-1
1483,0,andnalck-1
1484,0,badjcnfc-1
1485,0,annokocm-1
1486,0,mbinepmh-1
1487,0,ajobbbhb-1
1488,0,apbiknan-1
1489,0,gcbohpbn-1
1490,0,gbnpbani-1
1491,0,gbmlbbhf-1
1492,0,badjainb-1
1493,0,ajpcinaa-1
1494,0,anieffke-1
1495,0,jalbnnjf-1
1496,0,aooobgpp-1
1497,0,fpfjdjel-1
1498,0,gcdnphjc-1
1499,0,akbpimei-1
1500,0,jdegciap-1
1501,0,mafeadgk-1
1502,0,ampjpokp-1
1503,0,gbihoabh-1
1504,0,akchgbdg-1
1505,0,anbepdhp-1
1506,0,apfnimef-1
1507,0,mbkeeccf-1
1508,0,apbmnghc-1
1509,0,jalclecf-1
1510,0,mbdgflio-1
1511,0,albakjga-1
1512,0,baigjcel-1
1513,0,baegpmjl-1
1514,0,ajejbgpk-1
1515,0,gbhgghnd-1
1516,0,ajpdjapp-1
1517,0,akejdnde-1
1518,0,apdncgmf-1
1519,0,aooocfej-1
1520,0,apfiimob-1
1521,0,apkfbejp-1
1522,0,njongffj-1
1523,0,mblfcani-1
1524,0,mbbanndb-1
1525,0,mblaebbf-1
1526,0,anmejkko-1
1527,0,annokhll-1
1528,0,apjelaap-1
1529,0,ipljnina-1
1530,0,jagmkgci-1
1531,0,ipmmfbfb-1
1532,0,ammdhlpi-1
1533,0,apklhkjc-1
1534,0,ipoanfec-1
1535,0,apomgcpl-1
1536,0,iplgdcol-1
1537,0,gbjomfmj-1
1538,0,aojbjgjp-1
1539,0,angmphda-1
1540,0,akbfgnke-1
1541,0,amlncnim-1
1542,0,akbebmbl-1
1543,0,albfpbeo-1
1544,0,gbilgcep-1
1545,0,aoigedmi-1
1546,0,aonfmcba-1
1547,0,ankcjdad-1
1548,0,appklhoa-1
1549,0,gbclcnfh-1
1550,0,bahmnppa-1
1551,0,amkgbmme-1
1552,0,gbjjagna-1
1553,0,apejpdmg-1
1554,0,anboefld-1
1555,0,anleekkl-1
1556,0,mbdbhoml-1
1557,0,mbhlcnin-1
1558,0,andanmaj-1
1559,0,njnadefc-1
1560,0,akbpjobn-1
1561,0,gbifihpm-1
1562,0,mbiobedl-1
1563,0,fplfknel-1
1564,0,naldhdle-1
1565,0,gbnlpgjc-1
1566,0,akcclklf-1
1567,0,jaghkhdd-1
1568,0,apmfjolf-1
1569,0,gbhfdmhg-1
1570,0,anaijbbm-1
1571,0,angmgffi-1
1572,0,obdpkjjl-1
1573,0,anmpcjee-1
1574,0,mbemghpj-1
1575,0,ajlehnio-1
1576,0,njpfidkj-1
1577,0,aommhpne-1
1578,0,jaldenff-1
1579,0,mafamimh-1
1580,0,ajnfilde-1
1581,0,baepilla-1
1582,0,mbjaeeei-1
1583,0,apfkfjhn-1
1584,0,apjfjdlj-1
1585,0,gbkckmgn-1
1586,0,aokdodpl-1
1587,0,aopgcflc-1
1588,0,aoidolnn-1
1589,0,badjgeck-1
1590,0,maopoccb-1
1591,0,jakgjhkp-1
1592,0,gbkfbgfj-1
1593,0,mabeoebd-1
1594,0,ammjpnke-1
1595,0,alcdikkd-1
1596,0,apbgfajb-1
1597,0,gbeamfek-1
1598,0,ammpdiga-1
1599,0,aonfbcec-1
1600,0,akfmnjbc-1
1601,0,akdcligg-1
1602,0,akpepecn-1
1603,0,gbjbffie-1
1604,0,gbkhbhgd-1
1605,0,akdonnjn-1
1606,0,njojgnil-1
1607,0,gbjcijdh-1
1608,0,ipnnlmmb-1
1609,0,madlnmlf-1
1610,0,aninpapg-1
1611,0,akakkijg-1
1612,0,aodhckcj-1
1613,0,mbbhaohl-1
1614,0,anblciio-1
1615,0,anbblkfo-1
1616,0,ajopjolo-1
1617,0,gblldiek-1
1618,0,anhfhlpj-1
1619,0,mbhjgdnl-1
1620,0,ajdodmgo-1
1621,0,bacdflch-1
1622,0,bahgocfb-1
1623,0,gbkegkhg-1
1624,0,naleafmk-1
1625,0,gbkbgmeb-1
1626,0,aoliefdn-1
1627,0,anabfchi-1
1628,0,akccohjd-1
1629,0,akelljko-1
1630,0,anbffhdp-1
1631,0,madbkplc-1
1632,0,akbkbmdk-1
1633,0,ammikmjg-1
1634,0,maolpcaj-1
1635,0,badfffjg-1
1636,0,fpenbaae-1
1637,0,gbekbdca-1
1638,0,mbfbldig-1
1639,0,anlddjkp-1
1640,0,ampcgonp-1
1641,0,aolffcml-1
1642,0,nagbighj-1
1643,0,anhaapld-1
1644,0,babcgoim-1
1645,0,gbiigjdh-1
1646,0,ajofbabl-1
1647,0,maiobckd-1
1648,0,aoicamkd-1
1649,0,aphncahh-1
1650,0,ajpgfcep-1
1651,0,amoafohj-1
1652,0,aldpdmpa-1
1653,0,ippekech-1
1654,0,jaelldhc-1
1655,0,mbdkpgcf-1
1656,0,jagibhpf-1
1657,0,ajfdmnki-1
1658,0,apfgigmp-1
1659,0,ajpgjffj-1
1660,0,obdpaelc-1
1661,0,alegdbmj-1
1662,0,jadenfeo-1
1663,0,jafmdgek-1
1664,0,bagedojc-1
1665,0,gbiiioma-1
1666,0,gbojgibd-1
1667,0,ohkbdfeo-1
1668,0,jaknbhkh-1
1669,0,aojjnlmf-1
1670,0,aplendod-1
1671,0,bafianob-1
1672,0,bagbjhgp-1
1673,0,mpjiopcc-1
1674,0,andaghpn-1
1675,0,aoeaikfi-1
1676,0,ajpdohdp-1
1677,0,apnogiho-1
1678,0,njmdcgce-1
1679,0,maahimjf-1
1680,0,jakabmjj-1
1681,0,aojlpfoi-1
1682,0,bahcjhee-1
1683,0,anohnnof-1
1684,0,madadckm-1
1685,0,jalaopnh-1
1686,0,njagdknh-1
1687,0,bcjbiang-1
1688,0,aoabbnck-1
1689,0,ajpbhljc-1
1690,0,aojlaafl-1
1691,0,jakpklif-1
1692,0,anddiflp-1
1693,0,ajjgdlmm-1
1694,0,akbghlin-1
1695,0,apelhdbl-1
1696,0,bagffgme-1
1697,0,gccakdbg-1
1698,0,aphdnghl-1
1699,0,aopjcmhm-1
1700,0,mblclnbp-1
1701,0,akpomiga-1
1702,0,anjdhlni-1
1703,0,aohfljef-1
1704,0,jaicekmb-1
1705,0,angncacp-1
1706,0,gbpcfpnl-1
1707,0,gbkojcgo-1
1708,0,apgdmkjm-1
1709,0,apmjefno-1
1710,0,aojcmdhh-1
1711,0,amojciie-1
1712,0,apajiaep-1
1713,0,bacmlfal-1
1714,0,njmcdfpe-1
1715,0,gbhkjdok-1
1716,0,gbcoehli-1
1717,0,maahnlje-1
1718,0,mbcgggii-1
1719,0,annjiakl-1
1720,0,akgcfocj-1
1721,0,apglgkab-1
1722,0,mbcmloam-1
1723,0,maopjldb-1
1724,0,aknceobn-1
1725,0,ancpimca-1
1726,0,apmciphd-1
1727,0,baehioaf-1
1728,0,albenmnl-1
1729,0,anjiapeo-1
1730,0,akcfboag-1
1731,0,akfknpkk-1
1732,0,iphegicl-1
1733,0,lpppkhak-1
1734,0,maiomfcp-1
1735,0,mbcifmpo-1
1736,0,moagpmja-1
1737,0,njlopdmn-1
1738,0,aphkocgk-1
1739,0,gbjdfjci-1
1740,0,mbjhgoad-1
1741,0,mblbahom-1
1742,0,akpaibjo-1
1743,0,anneiolc-1
1744,0,apadldhh-1
1745,0,gbeapbdj-1
1746,0,akbdkdoh-1
1747,0,lpohmdjc-1
1748,0,mbakjmmo-1
1749,0,appjpdjp-1
1750,0,baccjmbl-1
1751,0,alfjpjfj-1
1752,0,aookhgll-1
1753,0,ipkjdibf-1
1754,0,majajebi-1
1755,0,ajfdjcia-1
1756,0,anijpjka-1
1757,0,maamfaja-1
1758,0,apbfhpfp-1
1759,0,gcgkandp-1
1760,0,amnnopec-1
1761,0,mbcgfpip-1
1762,0,aojeghfg-1
1763,0,anplfkdo-1
1764,0,apdobfbi-1
1765,0,gbgpamca-1
1766,0,mbljjojj-1
1767,0,akemhndj-1
1768,0,aokeeaac-1
1769,0,aojekdio-1
1770,0,bacmagjd-1
1771,0,ipnefakh-1
1772,0,jadcmejp-1
1773,0,maakdbee-1
1774,0,mblnleam-1
1775,0,mbkhcggl-1
1776,0,ancfkndf-1
1777,0,gbeaoahh-1
1778,0,gbmfadmk-1
1779,0,njnglcee-1
1780,0,amkhanaa-1
1781,0,mbdbohnb-1
1782,0,badkkccl-1
1783,0,maaodkbo-1
1784,0,jaepjbgn-1
1785,0,njpbkfhc-1
1786,0,gbmlgggh-1
1787,0,apnilcpi-1
1788,0,gbkkohcm-1
1789,0,njgimbii-1
1790,0,gcfgbapi-1
1791,0,apmjejin-1
1792,0,jakfadom-1
1793,0,ajjjmibk-1
1794,0,gcgmogbd-1
1795,0,anaolkfk-1
1796,0,gbgcipjn-1
1797,0,maimjpch-1
1798,0,mbcappod-1
1799,0,apgohbbn-1
1800,0,apojkhkf-1
1801,0,akgahgna-1
1802,0,mbaeanlh-1
1803,0,bckkpbci-1
1804,0,fpagndfl-1
1805,0,anenindi-1
1806,0,apmeahmb-1
1807,0,ajkdhiof-1
1808,0,baafkock-1
1809,0,iplfndbm-1
1810,0,mbblfgcl-1
1811,0,ipljhhcm-1
1812,0,ajompado-1
1813,0,fpapfecj-1
1814,0,mbekdclo-1
1815,0,anbdfalp-1
1816,0,maphkfpm-1
1817,0,apiencel-1
1818,0,njohekip-1
1819,0,apmkhkck-1
1820,0,anhhgaoh-1
1821,0,akgpkbim-1
1822,0,gcboebil-1
1823,0,mbaopkom-1
1824,0,amokiiai-1
1825,0,akpfadhi-1
1826,0,akbbgdbc-1
1827,0,bahfmklc-1
1828,0,apjhkglk-1
1829,0,gcccnaoe-1
1830,0,iphcogka-1
1831,0,ajlklhjk-1
1832,0,appkpjfh-1
1833,0,amkejgep-1
1834,0,gccdmnod-1
1835,0,apmopdpd-1
1836,0,ajeabohf-1
1837,0,baddinkp-1
1838,0,jaihpcdb-1
1839,0,anlndmdd-1
1840,0,ajgopjbi-1
1841,0,badolofl-1
1842,0,mabjcebc-1
1843,0,gcgbflkh-1
1844,0,aneancmn-1
1845,0,mpgjcbbe-1
1846,0,ipkmcbgj-1
1847,0,apfochfo-1
1848,0,bagjknmh-1
1849,0,anjhdlfd-1
1850,0,apbmfpkb-1
1851,0,apmikmlh-1
1852,0,aolnbdlg-1
1853,0,anfincio-1
1854,0,ajehojem-1
1855,0,gbjkadbn-1
1856,0,ojajdeif-1
1857,0,aphchnil-1
1858,0,ampbjkof-1
1859,0,apbhfbjh-1
1860,0,apfpemej-1
1861,0,ajngjahg-1
1862,0,appjmimh-1
1863,0,bcjknffj-1
1864,0,jdambdkc-1
1865,0,maaakpmn-1
1866,0,aomcbhdj-1
1867,0,anofbamb-1
1868,0,fpanccef-1
1869,0,akagpmnh-1
1870,0,apbdhdnb-1
1871,0,anngmjpd-1
1872,0,gbflhigg-1
1873,0,ajpejpog-1
1874,0,anenfiba-1
1875,0,akeagdko-1
1876,0,anlfibpn-1
1877,0,apflopkb-1
1878,0,bacmdpbg-1
1879,0,aoaipbfh-1
1880,0,aphniojd-1
1881,0,bcjogohk-1
1882,0,gbenhebb-1
1883,0,albadcgl-1
1884,0,aplnnkje-1
1885,0,anaedpao-1
1886,0,apiibden-1
1887,0,fpffmgaj-1
1888,0,maaadmff-1
1889,0,aopldefd-1
1890,0,njlnpgma-1
1891,0,aknignpm-1
1892,0,aokpcofh-1
1893,0,aonmlaam-1
1894,0,ohkbjdjh-1
1895,0,madjplcc-1
1896,0,ajfmjkbe-1
1897,0,anafanfb-1
1898,0,ajldhdkd-1
1899,0,gbmgblpm-1
1900,0,mandpohd-1
1901,0,lpojnaea-1
1902,0,mbbmfhgg-1
1903,0,bahpopdl-1
1904,0,lppfkefj-1
1905,0,aohgjnko-1
1906,0,aoebadbd-1
1907,0,apnadppm-1
1908,0,maefible-1
1909,0,akdejemf-1
1910,0,apfhbdgl-1
1911,0,baigcopa-1
1912,0,anifdkle-1
1913,0,fpohefao-1
1914,0,gbjaneba-1
1915,0,nalgpopm-1
1916,0,apalabba-1
1917,0,anbapggn-1
1918,0,gbmmdogo-1
1919,0,mbenbolg-1
1920,0,andpnooc-1
1921,0,mplkpaal-1
1922,0,fpfcahgh-1
1923,0,mphbjbmk-1
1924,0,gbjgnhno-1
1925,0,amoahlmi-1
1926,0,akcfiool-1
1927,0,ammdbcih-1
1928,0,apefaefe-1
1929,0,akbempcb-1
1930,0,gbecdcnp-1
1931,0,madcbegb-1
1932,0,gbkmecdp-1
1933,0,amnamjcj-1
1934,0,jalpbppm-1
1935,0,ancdobgi-1
1936,0,bckdkceg-1
1937,0,aopdgjnn-1
1938,0,akabffhl-1
1939,0,ipkfjcma-1
1940,0,njnaihif-1
1941,0,gbiijfmk-1
1942,0,jahjdcpp-1
1943,0,baabfbhc-1
1944,0,ajkoiain-1
1945,0,aomkbfhh-1
1946,0,gbdcdoeg-1
1947,0,njpjcakm-1
1948,0,ipkjnbai-1
1949,0,maommpdd-1
1950,0,mbfffcom-1
1951,0,gccaogpd-1
1952,0,mbhjdpea-1
1953,0,mbapndaf-1
1954,0,gbkcckbp-1
1955,0,aphbhegd-1
1956,0,aokekblk-1
1957,0,baeobkjp-1
1958,0,maefjemh-1
1959,0,ajjnmgdo-1
1960,0,apnlhfai-1
1961,0,akgpfged-1
1962,0,anppabii-1
1963,0,aomppnpj-1
1964,0,apnkelpd-1
1965,0,bagalded-1
1966,0,iplhgfla-1
1967,0,aopfomne-1
1968,0,bafbbfoo-1
1969,0,apjbnhle-1
1970,0,gbgfcbge-1
1971,0,jaimolbj-1
1972,0,appdnomf-1
1973,0,baeigfhk-1
1974,0,aonlfdjb-1
1975,0,andomgop-1
1976,0,anbagjkg-1
1977,0,anlajkaj-1
1978,0,ajpjnnlm-1
1979,0,njpkgkoj-1
1980,0,lppaohjg-1
1981,0,gbhgdlfd-1
1982,0,anoelhoo-1
1983,0,aoknefga-1
1984,0,amoijmei-1
1985,0,gcbhodcf-1
1986,0,aoafdngd-1
1987,0,bckbaicb-1
1988,0,jaggdpii-1
1989,0,aopgmldf-1
1990,0,apammfip-1
1991,0,mpfonhaj-1
1992,0,njmpifho-1
1993,0,aldgmpna-1
1994,0,bahcklop-1
1995,0,mbgeigff-1
1996,0,apicccid-1
1997,0,fpfbpani-1
1998,0,ampfpfcd-1
1999,0,apalopge-1
2000,0,apmcnfce-1
2001,0,gcdlfeno-1
2002,0,njoilcbg-1
2003,0,gbmffolc-1
2004,0,gbdniopk-1
2005,0,mblohnle-1
2006,0,lppobhpp-1
2007,0,bcfmcgjh-1
2008,0,apbiojjg-1
2009,0,gcccjpld-1
2010,0,jaijchko-1
2011,0,amoeppdc-1
2012,0,apffnlpf-1
2013,0,anfkdekn-1
2014,0,apbolpnp-1
2015,0,mbabnggl-1
2016,0,gbjdpmog-1
2017,0,aooiggnp-1
2018,0,anjgkgah-1
2019,0,anjoopcp-1
2020,0,gbiclalk-1
2021,0,macolbag-1
2022,0,jaeplbnc-1
2023,0,njmnifgf-1
2024,0,badaiobp-1
2025,0,maclniil-1
2026,0,akgfaoja-1
2027,0,mbccfand-1
2028,0,ajfhaeio-1
2029,0,amoagffn-1
2030,0,mbdleaon-1
2031,0,aphagopn-1
2032,0,andcmepe-1
2033,0,akafefcp-1
2034,0,baiehdco-1
2035,0,gbfdieoe-1
2036,0,maegkjhc-1
2037,0,albjajnm-1
2038,0,apokikee-1
2039,0,anmcocjo-1
2040,0,malmddpm-1
2041,0,akbipfnb-1
2042,0,njpjjgdm-1
2043,0,aoaekbfh-1
2044,0,bcjchcah-1
2045,0,maaifepe-1
2046,0,anllgflc-1
2047,0,aoppaice-1
2048,0,lpmgfgma-1
2049,0,akpjhdgl-1
2050,0,maogohad-1
2051,0,mbbncmja-1
2052,0,bcippgjh-1
2053,0,akamppbo-1
2054,0,alapcaad-1
2055,0,fpbacdha-1
2056,0,anblikdc-1
2057,0,njmojgdn-1
2058,0,anckllki-1
2059,0,amlplnji-1
2060,0,lpmfilcb-1
2061,0,baficnbf-1
2062,0,annigafe-1
2063,0,ajobcpcm-1
2064,0,mbbpelkf-1
2065,0,ajdphoib-1
2066,0,mbedjjdn-1
2067,0,akdkfefl-1
2068,0,lppooljk-1
2069,0,aoagfhnj-1
2070,0,aomlfiof-1
2071,0,njjcgkfk-1
2072,0,ajlbmcoh-1
2073,0,mbepgico-1
2074,0,apnmpppe-1
2075,0,naliamhe-1
2076,0,bafmfcmj-1
2077,0,aldoepbi-1
2078,0,jaimkcil-1
2079,0,baelloed-1
2080,0,njlniiid-1
2081,0,apajepeg-1
2082,0,akpgking-1
2083,0,jagbklkp-1
2084,0,aombemom-1
2085,0,lpmimmam-1
2086,0,maaagaok-1
2087,0,bckcdemd-1
2088,0,anlgedge-1
2089,0,albalegc-1
2090,0,gcgapfmo-1
2091,0,amkjmhpo-1
2092,0,ankkkdfj-1
2093,0,mbaeehjf-1
2094,0,apnjamdd-1
2095,0,mplmhcha-1
2096,0,ipheneah-1
2097,0,anmbbhgo-1
2098,0,amlpclnm-1
2099,0,akpdfnjb-1
2100,0,gbgicgbl-1
2101,0,mbecbkcm-1
2102,0,lpohpbdk-1
2103,0,ajnpllih-1
2104,0,aopgabpe-1
2105,0,bagbkojh-1
2106,0,fpepdmcg-1
2107,0,mafdpejj-1
2108,0,njnbngha-1
2109,0,gbhhkchg-1
2110,0,nipgmedb-1
2111,0,ohjojlkk-1
2112,0,njgppdcd-1
2113,0,amodnakm-1
2114,0,apoamfdb-1
2115,0,aknbmmnf-1
2116,0,gbiocgdd-1
2117,0,amncclkg-1
2118,0,aninkloh-1
2119,0,mbaflnff-1
2120,0,apalijna-1
2121,0,akcpoadb-1
2122,0,fpepjfom-1
2123,0,gbieccci-1
2124,0,mpflnfgk-1
2125,0,amlcofnh-1
2126,0,jaenaldm-1
2127,0,maoplopn-1
2128,0,aomofalh-1
2129,0,jdemmoce-1
2130,0,jahjlbpl-1
2131,0,bcjelgic-1
2132,0,ajghpjma-1
2133,0,jaikckgh-1
2134,0,apfhkbme-1
2135,0,anibcdfa-1
2136,0,mbckgodn-1
2137,0,mbebfdjf-1
2138,0,gblemolg-1
2139,0,anpjhdai-1
2140,0,maijeedp-1
2141,0,ancddnlj-1
2142,0,bahoeloc-1
2143,0,aphfnekl-1
2144,0,ipkhdfoa-1
2145,0,mbdokeca-1
2146,0,bcjpkfbj-1
2147,0,akgcoaif-1
2148,0,bcjnmnec-1
2149,0,mbdchjpg-1
2150,0,bckbbjlj-1
2151,0,gcfhocko-1
2152,0,jakiojkh-1
2153,0,aodlallm-1
2154,0,jaddnffb-1
2155,0,aopdminn-1
2156,0,mbjlfacn-1
2157,0,alagmlof-1
2158,0,gbdcjkod-1
2159,0,ajkjeled-1
2160,0,akolmheb-1
2161,0,akafaoff-1
2162,0,aonjlpfb-1
2163,0,maijcehg-1
2164,0,bacppfkf-1
2165,0,gbigkpgh-1
2166,0,gbmhnodh-1
2167,0,anmjmhnb-1
2168,0,aomgghoa-1
2169,0,gbmifaio-1
2170,0,aphodolg-1
2171,0,mblkfnpo-1
2172,0,bacppiag-1
2173,0,babcaioo-1
2174,0,mabjoihn-1
2175,0,mbckbneo-1
2176,0,akdfpnph-1
2177,0,aoiajiej-1
2178,0,akamnkdn-1
2179,0,akhdjgbm-1
2180,0,apfgpjpb-1
2181,0,mbkfifck-1
2182,0,ipkpaagc-1
2183,0,alajcpcm-1
2184,0,gbibpkeo-1
2185,0,obdibfnk-1
2186,0,mpheabdk-1
2187,0,lpodbgfc-1
2188,0,njpbcdgl-1
2189,0,apbaioik-1
2190,0,gbjniegl-1
2191,0,gbgfkmjn-1
2192,0,lpondkpj-1
2193,0,ajjhgkea-1
2194,0,gbkpemni-1
2195,0,anjocbci-1
2196,0,ajjhckfn-1
2197,0,ampmfibo-1
2198,0,bafbgbgo-1
2199,0,jdehkpoc-1
2200,0,gbinccbm-1
2201,0,maigecdl-1
2202,0,bahdnkah-1
2203,0,jajpoopf-1
2204,0,albjfpem-1
2205,0,gcgdneep-1
2206,0,mabciknh-1
2207,0,mbbjjkdn-1
2208,0,aphmbibm-1
2209,0,ajfoggbi-1
2210,0,apjpfbec-1
2211,0,apgpkjfb-1
2212,0,bcjbocoa-1
2213,0,bcfmlpim-1
2214,0,gbcjoeho-1
2215,0,njlomdoh-1
2216,0,apdnggfb-1
2217,0,anflfjmo-1
2218,0,aomgalgn-1
2219,0,aonbiphk-1
2220,0,gbhcniae-1
2221,0,gbnppebl-1
2222,0,amncehhd-1
2223,0,apijoldh-1
2224,0,ipgpmkeb-1
2225,0,akdfghih-1
2226,0,gbgllchj-1
2227,0,anjhkaig-1
2228,0,apheoheh-1
2229,0,aolejgba-1
2230,0,anglgbko-1
2231,0,aoaafaoa-1
2232,0,akdjcjop-1
2233,0,akebgamd-1
2234,0,ipmnmaed-1
2235,0,gcgmobnb-1
2236,0,aokmnlcj-1
2237,0,apkeimmc-1
2238,0,bahgoagm-1
2239,0,maeodcei-1
2240,0,jaknbnll-1
2241,0,jafmiiel-1
2242,0,annlmfbf-1
2243,0,jaigcjla-1
2244,0,gbomfaig-1
2245,0,akenkhpg-1
2246,0,albjkijd-1
2247,0,bcjdlknl-1
2248,0,akhcjcjn-1
2249,0,akebioal-1
2250,0,fpohlimh-1
2251,0,moaefkpp-1
2252,0,ajjplhhm-1
2253,0,gbigpjgo-1
2254,0,anipdobl-1
2255,0,bahdlgcj-1
2256,0,mbfcciig-1
2257,0,mabielph-1
2258,0,lppnnpcl-1
2259,0,ajfmafgb-1
2260,0,ajfnchbc-1
2261,0,aoebjoge-1
2262,0,apkmnmec-1
2263,0,fpkpbklp-1
2264,0,akegndlk-1
2265,0,mbbnhfeg-1
2266,0,appmcinn-1
2267,0,mbjoeeff-1
2268,0,bafcboip-1
2269,0,macfofld-1
2270,0,obdhobak-1
2271,0,gbnffdam-1
2272,0,apjmcdhj-1
2273,0,jahjdcid-1
2274,0,ajehfepd-1
2275,0,ajgilfkd-1
2276,0,bcjcaaeg-1
2277,0,gbdpbcfh-1
2278,0,anmpebja-1
2279,0,akpmjiej-1
2280,0,gbieoboi-1
2281,0,mpfhkphh-1
2282,0,gbdlpnhd-1
2283,0,mbcnckgb-1
2284,0,anmfdmbk-1
2285,0,akdkkkbi-1
2286,0,gccjfffl-1
2287,0,gbcfgfec-1
2288,0,bafbfidp-1
2289,0,gcghcndo-1
2290,0,alelhhil-1
2291,0,aleoncpc-1
2292,0,njiobnbo-1
2293,0,ammdhfdh-1
2294,0,mapfjpfo-1
2295,0,nafkofee-1
2296,0,bcjfbicp-1
2297,0,apkgclci-1
2298,0,apmcblil-1
2299,0,mbbfmcli-1
2300,0,jaeiocdn-1
2301,0,mbljogeo-1
2302,0,angokjbd-1
2303,0,ajlggbnj-1
2304,0,jaglfbcj-1
2305,0,jakjjceh-1
2306,0,fplephcb-1
2307,0,mbbbnncc-1
2308,0,mabnbhml-1
2309,0,amkpjflg-1
2310,0,mbjeldff-1
2311,0,maabponk-1
2312,0,aooogchh-1
2313,0,anbkpfep-1
2314,0,amnhcnmj-1
2315,0,akhfpldm-1
2316,0,nagaihbn-1
2317,0,fpfkbded-1
2318,0,mbdpilhb-1
2319,0,bafligmo-1
2320,0,akdmfjgk-1
2321,0,aohemcmk-1
2322,0,aodpfokl-1
2323,0,ajonjggk-1
2324,0,anlidfol-1
2325,0,apamkmaj-1
2326,0,ipheceji-1
2327,0,mbkkanjj-1
2328,0,andaefck-1
2329,0,apnkekpb-1
2330,0,apfjpine-1
2331,0,fpfildhd-1
2332,0,ajoeapbj-1
2333,0,ajoekblm-1
2334,0,maehchpk-1
2335,0,apblcbmi-1
2336,0,apemmngh-1
2337,0,amnjalkg-1
2338,0,lppnlnjc-1
2339,0,akbgcmfd-1
2340,0,anlojdfm-1
2341,0,akdjfijn-1
2342,0,alakhfmh-1
2343,0,gbomnepc-1
2344,0,mbknklpc-1
2345,0,bcjcigod-1
2346,0,mphgkfbo-1
2347,0,njmlaalp-1
2348,0,akfdmnih-1
2349,0,anieppfg-1
2350,0,ipkmoakk-1
2351,0,odnlacbp-1
2352,0,apofnhac-1
2353,0,ampigkam-1
2354,0,bacnpgac-1
2355,0,aojlhcnm-1
2356,0,gblllbgj-1
2357,0,jdegaggn-1
2358,0,ajglfohd-1
2359,0,gbgldgnm-1
2360,0,gbgiljnj-1
2361,0,baicanda-1
2362,0,njmbaihl-1
2363,0,anhnkppk-1
2364,0,fpejgcdd-1
2365,0,anbemoce-1
2366,0,mpljcjap-1
2367,0,jagdhokb-1
2368,0,jaffmdpg-1
2369,0,gbcjecgf-1
2370,0,lpoplnma-1
2371,0,gbdkllln-1
2372,0,aombjbfp-1
2373,0,jakadlhf-1
2374,0,ammhejgb-1
2375,0,fpemnibc-1
2376,0,apobddol-1
2377,0,akenlcin-1
2378,0,anhpahdi-1
2379,0,aldcpoif-1
2380,0,bagdgkli-1
2381,0,aomgpaoh-1
2382,0,akomibjo-1
2383,0,mbcdeafd-1
2384,0,aonhkjmg-1
2385,0,mbfofljc-1
2386,0,gcgiibgj-1
2387,0,macfjjnn-1
2388,0,baeeflia-1
2389,0,ajdpjmnl-1
2390,0,ajghpnbl-1
2391,0,bafogmih-1
2392,0,gblmmpip-1
2393,0,gcbflpgk-1
2394,0,alagechd-1
2395,0,gbdlabmk-1
2396,0,alcdjkag-1
2397,0,aldoifbd-1
2398,0,ajgnmkie-1
2399,0,gbjbpedc-1
2400,0,gbemgppe-1
2401,0,apoapell-1
2402,0,ajgnaecl-1
2403,0,anncejal-1
2404,0,aomicbnn-1
2405,0,anhmjogf-1
2406,0,andebpnj-1
2407,0,aohdhhel-1
2408,0,akgclbce-1
2409,0,amphmkie-1
2410,0,madbplbc-1
2411,0,aonnhnkk-1
2412,0,apkppjii-1
2413,0,lpmiacib-1
2414,0,mbfldlcn-1
2415,0,gbndpepo-1
2416,0,mpfgjhhg-1
2417,0,mbkdaddp-1
2418,0,bahabaad-1
2419,0,mbfppikk-1
2420,0,aoebdhjb-1
2421,0,anciiepm-1
2422,0,apngdjmk-1
2423,0,mambdlmj-1
2424,0,jalmojnl-1
2425,0,bahhooch-1
2426,0,gcbfbmfh-1
2427,0,gbkiebpk-1
2428,0,akofmaan-1
2429,0,gbhjdfaf-1
2430,0,ipmnanee-1
2431,0,jddoogan-1
2432,0,manfknco-1
2433,0,amnicphp-1
2434,0,ajdoacme-1
2435,0,anjcopoo-1
2436,0,gbjdeibe-1
2437,0,ipglendd-1
2438,0,njpioapg-1
2439,0,alapcpgo-1
2440,0,aomhcphp-1
2441,0,aphejcnb-1
2442,0,anlhdkig-1
2443,0,mbdodgla-1
2444,0,ajpogaoi-1
2445,0,bcfojmkb-1
2446,0,aojjdljp-1
2447,0,mafbjekb-1
2448,0,gbjcicdk-1
2449,0,ajljdloh-1
2450,0,mapnnflg-1
2451,0,mbefbpdh-1
2452,0,mapmiebg-1
2453,0,mbdhecfp-1
2454,0,bafkjacp-1
2455,0,ajoeeigl-1
2456,0,amncdpnc-1
2457,0,gblioono-1
2458,0,gcfmadbn-1
2459,0,jajkolbc-1
2460,0,maaeeaij-1
2461,0,macdiekk-1
2462,0,ohjlidfd-1
2463,0,bafcgjdo-1
2464,0,mafkaadh-1
2465,0,gbdkgkdo-1
2466,0,bcjfdgib-1
2467,0,amnegcam-1
2468,0,aoebbkki-1
2469,0,aojiocbh-1
2470,0,maiigild-1
2471,0,aniplffl-1
2472,0,iplhccdg-1
2473,0,akgagpdm-1
2474,0,gbfghcdp-1
2475,0,anfipdjm-1
2476,0,baidokcj-1
2477,0,lpmhfgmi-1
2478,0,bagkdmej-1
2479,0,jadeofie-1
2480,0,jahnpebo-1
2481,0,aonoabnk-1
2482,0,ohkepohm-1
2483,0,gcfhiijj-1
2484,0,ajofkhhc-1
2485,0,mbdaokcn-1
2486,0,akckciag-1
2487,0,aphgjanp-1
2488,0,anankcnj-1
2489,0,alcdnhmb-1
2490,0,babmmpei-1
2491,0,ajjdkjae-1
2492,0,mbbbhopg-1
2493,0,gbkbldci-1
2494,0,alaebpak-1
2495,0,iplijijh-1
2496,0,gbomodcj-1
2497,0,anmnpckm-1
2498,0,jadhbfil-1
2499,0,mbeeeckh-1
2500,0,apfjjhhh-1
2501,0,jadloaee-1
2502,0,jdehfkfa-1
2503,0,jajchcic-1
2504,0,jaillgif-1
2505,0,akgbbbbf-1
2506,0,macieonf-1
2507,0,anhfjglf-1
2508,0,bacjebcm-1
2509,0,aolnejjh-1
2510,0,fpbaijln-1
2511,0,anlmhfkp-1
2512,0,jaeabapf-1
2513,0,ancaeahk-1
2514,0,ajfoihjk-1
2515,0,maeimioi-1
2516,0,jaeibgdg-1
2517,0,anmnkjoo-1
2518,0,mbfifodj-1
2519,0,jahcglbe-1
2520,0,macnbhin-1
2521,0,jahpjnog-1
2522,0,mainakoc-1
2523,0,macaliad-1
2524,0,njmmckcm-1
2525,0,aodckhhj-1
2526,0,jafcgpam-1
2527,0,iplckgmj-1
2528,0,ancdbind-1
2529,0,apjomfff-1
2530,0,baglgaji-1
2531,0,manljgfi-1
2532,0,majameji-1
2533,0,gbkjopao-1
2534,0,gcdkmimn-1
2535,0,ajpgfnha-1
2536,0,bahhnpno-1
2537,0,aokieekm-1
2538,0,gccfjchc-1
2539,0,akaelddd-1
2540,0,mblclogj-1
2541,0,aolmjanl-1
2542,0,albckkmc-1
2543,0,lppiljdh-1
2544,0,jakhenin-1
2545,0,macknoio-1
2546,0,aodhpocf-1
2547,0,mbfenfmk-1
2548,0,aodinoin-1
2549,0,bahkpkgb-1
2550,0,anhkjool-1
2551,0,gbpajjcf-1
2552,0,gbclncii-1
2553,0,gbnobdnp-1
2554,0,babbjkkm-1
2555,0,maacmmki-1
2556,0,apnnmiif-1
2557,0,apkpjjmp-1
2558,0,gbolklbm-1
2559,0,akcieahh-1
2560,0,jakgopmp-1
2561,0,nagbdfgf-1
2562,0,macfaonk-1
2563,0,aphgckab-1
2564,0,gbepfphd-1
2565,0,ipnlnfie-1
2566,0,njmgicpl-1
2567,0,apjolcnn-1
2568,0,mbbhopeb-1
2569,0,baafifie-1
2570,0,bagojpdl-1
2571,0,anjdfpdo-1
2572,0,gbdmcmlp-1
2573,0,gbjaphkp-1
2574,0,anmobian-1
2575,0,aknedjih-1
2576,0,ajjmjdlc-1
2577,0,gbkgddfm-1
2578,0,akpebaph-1
2579,0,anipepml-1
2580,0,aodeincf-1
2581,0,lppfkhgj-1
2582,0,mbkjekki-1
2583,0,bcfnbmma-1
2584,0,gbcnhjkh-1
2585,0,anfmcdoa-1
2586,0,ipkppljb-1
2587,0,anpfjapl-1
2588,0,hhiaonoi-1
2589,0,ammjdibe-1
2590,0,njmclkfe-1
2591,0,aoacgpak-1
2592,0,jahdklip-1
2593,0,alapaojj-1
2594,0,njiblndh-1
2595,0,jagjbnij-1
2596,0,mbkcbekc-1
2597,0,mbgeooge-1
2598,0,ammlpogo-1
2599,0,aneppfij-1
2600,0,gbpofpbd-1
2601,0,apmpdfeb-1
2602,0,obdijgmg-1
2603,0,gccdcibd-1
2604,0,gcdpnkkm-1
2605,0,jakddnln-1
2606,0,apidkepd-1
2607,0,bcjgdaed-1
2608,0,gbgihcbe-1
2609,0,jddnlpbn-1
2610,0,aplaogmp-1
2611,0,gbnlbhhc-1
2612,0,akogpddn-1
2613,0,jakfhbkc-1
2614,0,amnlccfc-1
2615,0,alecojfb-1
2616,0,amlnjpfp-1
2617,0,aldhjhdl-1
2618,0,maammakb-1
2619,0,mblfaiao-1
2620,0,gbjgamdh-1
2621,0,aplomgkj-1
2622,0,baagfldi-1
2623,0,ammmhhih-1
2624,0,bcfjmhgk-1
2625,0,anikgcpm-1
2626,0,anjiaalj-1
2627,0,aopehhbp-1
2628,0,fpflamph-1
2629,0,mbkicmjo-1
2630,0,apagffgb-1
2631,0,aonkfbph-1
2632,0,apnobcec-1
2633,0,lpoahoni-1
2634,0,bachenmj-1
2635,0,gbeadeob-1
2636,0,aleojpeb-1
2637,0,mandofoo-1
2638,0,akfioopa-1
2639,0,babiomed-1
2640,0,ajelpndm-1
2641,0,akdkhebc-1
2642,0,ajglhgek-1
2643,0,mbkchgpa-1
2644,0,njinlahp-1
2645,0,gcfkcabc-1
2646,0,jafbjnpc-1
2647,0,gbpnfkfh-1
2648,0,akbdbfoj-1
2649,0,njhbpnjb-1
2650,0,ipkndkhj-1
2651,0,gbjeoghn-1
2652,0,anahjnhp-1
2653,0,aondpaop-1
2654,0,akcceamm-1
2655,0,angnelkd-1
2656,0,jaehngbf-1
2657,0,aomjblop-1
2658,0,fpfkfcjb-1
2659,0,gbmmmoin-1
2660,0,jailpiif-1
2661,0,bacofjlg-1
2662,0,akfhnajp-1
2663,0,lppjcbbe-1
2664,0,andladfe-1
2665,0,fpnlahlo-1
2666,0,baecmapk-1
2667,0,gblopdml-1
2668,0,mbdhaaje-1
2669,0,mbaijpli-1
2670,0,angfdfmc-1
2671,0,annagjpa-1
2672,0,apfnhgbl-1
2673,0,apfnhmmc-1
2674,0,mbcghkcd-1
2675,0,baeajdfd-1
2676,0,mbbpkjhn-1
2677,0,maablodc-1
2678,0,apgjihme-1
2679,0,appjfbfl-1
2680,0,anajnccm-1
2681,0,ippcpjpc-1
2682,0,nafkblog-1
2683,0,bacmpbbg-1
2684,0,macmjjjg-1
2685,0,akcgfeoa-1
2686,0,anponkjo-1
2687,0,aoagelaf-1
2688,0,jahljfap-1
2689,0,jaijmpnk-1
2690,0,amnhlmhm-1
2691,0,anmklmak-1
2692,0,gbhookag-1
2693,0,mbibikkc-1
2694,0,jaegkaoi-1
2695,0,mbbabdjl-1
2696,0,gcdmnhgn-1
2697,0,aoaajmbd-1
2698,0,aolgjkjn-1
2699,0,aomlibbi-1
2700,0,gcdakddh-1
2701,0,aodlohea-1
2702,0,akpfepji-1
2703,0,angkfobd-1
2704,0,gbmjkcnc-1
2705,0,albbjonk-1
2706,0,apekhali-1
2707,30,lpgegljg-1
2708,30,magapleb-1
2709,30,aohmpjem-1
2710,30,jbeagpme-1
2711,30,moapgnee-1
2712,30,jbemeakl-1
2713,30,aogllaoa-1
2714,30,jddhcmaa-1
2715,30,jmbcnbdk-1
2716,30,njfonpma-1
2717,30,obeibgje-1
2718,30,fppplfgl-1
2719,30,fpdifmld-1
2720,30,gaccdobd-1
2721,30,fpdcakhf-1
2722,30,ipjhnpmh-1
2723,30,majdeega-1
2724,30,jmeoeinf-1
2725,30,jbicagjp-1
2726,30,ipjopdgg-1
2727,30,ilapndhc-1
2728,30,mpacbhjn-1
2729,30,ipkdjigk-1
2730,30,njkkggjc-1
2731,30,mpljlaap-1
2732,30,jmdanbmg-1
2733,30,nnlkeloh-1
2734,30,ifhpgijl-1
2735,30,nndofehl-1
2736,30,jmfhngkk-1
2737,30,gckebggd-1
2738,30,jbegcgfi-1
2739,30,jmahhmgp-1
2740,30,mpeedemm-1
2741,30,ifchepmc-1
2742,30,jaaacgkg-1
2743,30,majhjdcc-1
2744,30,jleolbpk-1
2745,30,ahbkmgpn-1
2746,30,mafngaio-1
2747,30,najdeiee-1
2748,30,lpngijbn-1
2749,30,jbnpikel-1
2750,30,jlclnngo-1
2751,30,lpglifga-1
2752,30,hhidkhdn-1
2753,30,mpejeheo-1
2754,30,iphmendm-1
2755,30,nipalfdm-1
2756,30,nagohdll-1
2757,30,molcpehh-1
2758,30,jmepkkkh-1
2759,30,jlechgko-1
2760,30,lpiblieb-1
2761,30,jbfndfeo-1
2762,30,mpofgdmi-1
2763,30,nahemonc-1
2764,30,jcdnjckd-1
2765,30,gacehham-1
2766,30,jccmdbfm-1
2767,30,jdbdeppd-1
2768,30,momnnclh-1
2769,30,jdcnemdb-1
2770,30,gaagheig-1
2771,30,mnlafbmh-1
2772,30,alfbilbo-1
2773,30,ipickcgk-1
2774,30,nolfklda-1
2775,30,fpaidclf-1
2776,30,moodbefn-1
2777,30,jceaolol-1
2778,30,jabdbchk-1
2779,30,mnnocbjb-1
2780,30,aknmpaan-1
2781,30,jcelmcjj-1
2782,30,apdepcdj-1
2783,30,obbkgeaj-1
2784,30,hhijkbia-1
2785,30,jmcodhfe-1
2786,30,aldcbhdl-1
2787,30,jmegmmii-1
2788,30,najoeiel-1
2789,30,apdljcea-1
2790,30,jloncnpo-1
2791,30,mpeknnnf-1
2792,30,magajpcc-1
2793,30,njgfbpnm-1
2794,30,lpeohhka-1
2795,30,apdfnpea-1
2796,30,nacodajh-1
2797,30,akodbkbp-1
2798,30,akiighfl-1
2799,30,mnpcllee-1
2800,30,njfhlmdm-1
2801,30,ipgfjdbd-1
2802,30,mnkommao-1
2803,30,jbgncjif-1
2804,30,ijhfebib-1
2805,30,mnnknehp-1
2806,30,jabpbemo-1
2807,30,aknpnnej-1
2808,30,jajeooia-1
2809,30,lpfjdgnh-1
2810,30,jbjgnclc-1
2811,30,lpmkeffg-1
2812,30,fpppjlii-1
2813,30,mcbemdek-1
2814,30,odlklebp-1
2815,30,niocdghn-1
2816,30,jlegbgdc-1
2817,30,aohnkjfn-1
2818,30,jmfaomgb-1
2819,30,lphbdlgh-1
2820,30,fpckmeob-1
2821,30,jbcadlmn-1
2822,30,mondeblc-1
2823,30,jabifoco-1
2824,30,nnfmchco-1
2825,30,gclmccgk-1
2826,30,mplidoge-1
2827,30,ijfinech-1
2828,30,fplebnnm-1
2829,30,gceeckdk-1
2830,30,jooiopgc-1
2831,30,noijfpbk-1
2832,30,gbpjneik-1
2833,30,fpcpliic-1
2834,30,nahlleai-1
2835,30,akiekldb-1
2836,30,jmfcjdoa-1
2837,30,njdmbbmh-1
2838,30,lpldbmma-1
2839,30,nnhgoofk-1
2840,30,lphncmoj-1
2841,30,mbjlfbhh-1
2842,30,ohjpaflj-1
2843,30,ninmkmpj-1
2844,30,jmcipcal-1
2845,30,jbhjddfp-1
2846,30,jjhnlpjo-1
2847,30,ipocgpjg-1
2848,30,nijdfbii-1
2849,30,alkjihka-1
2850,30,jbelnplh-1
2851,30,ilapgbik-1
2852,30,moleepno-1
2853,30,jackfmhj-1
2854,30,nnejjpah-1
2855,30,jddhoiph-1
2856,30,mpnmembp-1
2857,30,fpcohkon-1
2858,30,nacloomj-1
2859,30,ijgbnmpl-1
2860,30,odofnnkm-1
2861,30,lpheaajf-1
2862,30,moaehcek-1
2863,30,lpkpedhl-1
2864,30,najlmkpc-1
2865,30,noiaknef-1
2866,30,makaljpo-1
2867,30,mocaapdi-1
2868,30,mpmghghd-1
2869,30,jccgpdeg-1
2870,30,iphindnh-1
2871,30,jdaicdod-1
2872,30,nipacihl-1
2873,30,fopkjcbf-1
2874,30,jlkdelka-1
2875,30,mpoepine-1
2876,30,akjjhelb-1
2877,30,nijkmkep-1
2878,30,mamcfjnc-1
2879,30,nnjmpgjc-1
2880,30,ifhcngce-1
2881,30,lpkohcdg-1
2882,30,jboheenp-1
2883,30,nnliilpf-1
2884,30,iponjedl-1
2885,30,nancdfkp-1
2886,30,njkjopml-1
2887,30,jacjgdmg-1
2888,30,ifdldceo-1
2889,30,jbjglbhf-1
2890,30,ojbhnlne-1
2891,30,nnecdalc-1
2892,30,gabemfjh-1
2893,30,ijdkndea-1
2894,30,jbjannon-1
2895,30,apdjoddk-1
2896,30,noioelpk-1
2897,30,nipkbffm-1
2898,30,akimglih-1
2899,30,ilajbmim-1
2900,30,anghabho-1
2901,30,jbnjkaie-1
2902,30,fpoinjgp-1
2903,30,ifhaepkg-1
2904,30,jlcneimf-1
2905,30,mbicpjio-1
2906,30,jccnacie-1
2907,30,ipgiocpm-1
2908,30,akjopmef-1
2909,30,noijhooh-1
2910,30,mamnfhgp-1
2911,30,ipmfpcgf-1
2912,30,mbidkoge-1
2913,30,nnlefnid-1
2914,30,nimlhgjo-1
2915,30,bcgjimmp-1
2916,30,gbpoppbg-1
2917,30,momfknbn-1
2918,30,odpgikia-1
2919,30,gbpjlcbn-1
2920,30,nnhebnbe-1
2921,30,fpofcnaa-1
2922,30,nijnlkkn-1
2923,30,gbpjlkkb-1
2924,30,obeanhnc-1
2925,30,ifiackgo-1
2926,30,monjpoki-1
2927,30,ijgneoba-1
2928,30,jcclemdd-1
2929,30,gcomnlhi-1
2930,30,nipofomd-1
2931,30,nnfblmka-1
2932,30,ilafcjkp-1
2933,30,jcckkdeo-1
2934,30,njcdpllg-1
2935,30,mpjmjeld-1
2936,30,jmfljbdh-1
2937,30,namhdcnb-1
2938,30,gckfjipo-1
2939,30,jjhmoked-1
2940,30,magpkaho-1
2941,30,bddchogh-1
2942,30,naicbnbg-1
2943,30,ipeoagal-1
2944,30,ipeplnmm-1
2945,30,ifhmafko-1
2946,30,jbpjgngd-1
2947,30,nomeoebc-1
2948,30,gacffhjk-1
2949,30,mnlcooia-1
2950,30,jbhboikm-1
2951,30,jaacgffi-1
2952,30,gaagmjcc-1
2953,30,jcdjohdn-1
2954,30,jbepfoop-1
2955,30,mpcdjopi-1
2956,30,gckcechi-1
2957,30,malepjkd-1
2958,30,jdcbichf-1
2959,30,lpmbimdp-1
2960,30,ippmolcj-1
2961,30,jnaaggbb-1
2962,30,gceegblm-1
2963,30,jmbblkef-1
2964,30,mahlkpie-1
2965,30,ijdhkoko-1
2966,30,mahcfani-1
2967,30,njegndno-1
2968,30,ahaaknnm-1
2969,30,odljkfdd-1
2970,30,ojadobpn-1
2971,30,ahchbden-1
2972,30,lpemiolo-1
2973,30,jdagolbk-1
2974,30,malilhhb-1
2975,30,najbanpj-1
2976,30,mnkhllig-1
2977,30,fpccipjj-1
2978,30,jbfdnidj-1
2979,30,molhfnlb-1
2980,30,odomkiph-1
2981,30,nanmkbcn-1
2982,30,namacljg-1
2983,30,njcfaajg-1
2984,30,aocdbfmc-1
2985,30,mpdkdnfi-1
2986,30,ipgfegkl-1
2987,30,ipkaejej-1
2988,30,njkhelon-1
2989,30,jmdjhand-1
2990,30,njcbmapm-1
2991,30,odokajoi-1
2992,30,mpnapphe-1
2993,30,gcoogmga-1
2994,30,jcbkjnlb-1
2995,30,jbfdghem-1
2996,30,mnpcgcpn-1
2997,30,ifhofhak-1
2998,30,jlofnpli-1
2999,30,obehofcm-1
3000,30,jldlllfb-1
3001,30,nikbccbd-1
3002,30,njekmhgp-1
3003,30,mnpgkecd-1
3004,30,nanlmjkk-1
3005,30,nnlcnbki-1
3006,30,ilapjnpl-1
3007,30,jaakhcna-1
3008,30,njjialdj-1
3009,30,gabhijmh-1
3010,30,mnppflep-1
3011,30,aocdagab-1
3012,30,alcogone-1
3013,30,ijfjbhhh-1
3014,30,fpedklna-1
3015,30,ahccaeep-1
3016,30,ifijeklk-1
3017,30,alkndhca-1
3018,30,mnpinpdg-1
3019,30,naifdonf-1
3020,30,maibiioo-1
3021,30,apdclgpp-1
3022,30,mnmbkdoh-1
3023,30,jddbjbme-1
3024,30,akjeoaon-1
3025,30,odnhlele-1
3026,30,mbilijcn-1
3027,30,nojnlckh-1
3028,30,njbdjgnj-1
3029,30,jbcbihcg-1
3030,30,odpgflhe-1
3031,30,alcpngeh-1
3032,30,mokonalo-1
3033,30,jccdifca-1
3034,30,mbglpdan-1
3035,30,mnpneddj-1
3036,30,nolmiafi-1
3037,30,jbcbionb-1
3038,30,nalmfkpe-1
3039,30,jmdhoajo-1
3040,30,ojfilahn-1
3041,30,nnhejbcm-1
3042,30,lphaclge-1
3043,30,jmflapno-1
3044,30,ipgjmjoa-1
3045,30,ojfcphie-1
3046,30,obboncpe-1
3047,30,ifihfcha-1
3048,30,mpnfgmjj-1
3049,30,gaagngde-1
3050,30,fpdekcoj-1
3051,30,akilocml-1
3052,30,alflaanj-1
3053,30,mbjiipbm-1
3054,30,nijiclld-1
3055,30,nngdgice-1
3056,30,ilaihdci-1
3057,30,jbijiopa-1
3058,30,jddlblic-1
3059,30,jmdomoop-1
3060,30,ipgoojhh-1
3061,30,mnpmmcke-1
3062,30,jbjahcik-1
3063,30,mplolojp-1
3064,30,gcjfkgej-1
3065,30,ipgmhgka-1
3066,30,jcdbanlf-1
3067,30,ipjnfpda-1
3068,30,njhgfiaj-1
3069,30,molfcihe-1
3070,30,fpbokgac-1
3071,30,mbemnfdn-1
3072,30,nineiham-1
3073,30,nikffpog-1
3074,30,ojgfloac-1
3075,30,lphambon-1
3076,30,ijgkhhfl-1
3077,30,manacpom-1
3078,30,nikcaonb-1
3079,30,ohjfhpko-1
3080,30,mpjpohii-1
3081,30,mnmfgpfo-1
3082,30,nolnijpl-1
3083,30,moljlahi-1
3084,30,jlnhelle-1
3085,30,gckedlop-1
3086,30,maglalbd-1
3087,30,gckjlodm-1
3088,30,momghcph-1
3089,30,jmbbgiob-1
3090,30,fpcdoahi-1
3091,30,ahafgbch-1
3092,30,nngdjmnd-1
3093,30,nnhkhoge-1
3094,30,jbflhnbj-1
3095,30,ipodbial-1
3096,30,molggcge-1
3097,30,mpodckcb-1
3098,30,obbbfelf-1
3099,30,gcpbnlnm-1
3100,30,obehejog-1
3101,30,jldjnjcj-1
3102,30,ajhcmjbc-1
3103,30,jaboeopd-1
3104,30,nnelcflb-1
3105,30,obbpnoml-1
3106,30,jdbhcgin-1
3107,30,jajilong-1
3108,30,jddhofcd-1
3109,30,ijhfhhpl-1
3110,30,ipmbihpa-1
3111,30,ifbmcpmn-1
3112,30,njbpmgdb-1
3113,30,njgbokjj-1
3114,30,jaaabcbo-1
3115,30,alhbdkab-1
3116,30,fpmkboaf-1
3117,30,naghajih-1
3118,30,ipfcfepe-1
3119,30,apoopkpl-1
3120,30,lpggkmak-1
3121,30,ipfipbmn-1
3122,30,ojbahaah-1
3123,30,gconomhf-1
3124,30,jmbkbbed-1
3125,30,mafpaakp-1
3126,30,njcebbjd-1
3127,30,nikbipac-1
3128,30,moalnigh-1
3129,30,ipomkofj-1
3130,30,ipjghepn-1
3131,30,mpckmphh-1
3132,30,gabfocgp-1
3133,30,akiohcfb-1
3134,30,jccmgcap-1
3135,30,oebpniha-1
3136,30,lpihnieg-1
3137,30,fpkmemmi-1
3138,30,hhioofob-1
3139,30,jbcpnmep-1
3140,30,obecepgn-1
3141,30,nagaccmh-1
3142,30,mpgkolmk-1
3143,30,jccomcon-1
3144,30,iphfakai-1
3145,30,obapgffe-1
3146,30,jlpfklhg-1
3147,30,jbikelih-1
3148,30,gcjpmcno-1
3149,30,njdpgmda-1
3150,30,jmfbepjh-1
3151,30,mnmlngdo-1
3152,30,mnmfeibh-1
3153,30,jmfagifo-1
3154,30,jjhpifid-1
3155,30,ipibcbpk-1
3156,30,gcbcemfl-1
3157,30,obbppfak-1
3158,30,njajfdlc-1
3159,30,ahblonhn-1
3160,30,ifiejlhf-1
3161,30,njcmgkik-1
3162,30,ipgiblah-1
3163,30,alhdmibl-1
3164,30,fpcbegab-1
3165,30,makbeabc-1
3166,30,njkgcppp-1
3167,30,mnkafjlp-1
3168,30,nahmcbji-1
3169,30,jbfcgahc-1
3170,30,akhhjgho-1
3171,30,mplgfknj-1
3172,30,jcepchhc-1
3173,30,moabcmdp-1
3174,30,mpkojman-1
3175,30,alfebllk-1
3176,30,ifdecajg-1
3177,30,iphkfeae-1
3178,30,gcjlacja-1
3179,30,jbhgnnbi-1
3180,30,jajepfjg-1
3181,30,moaahmnj-1
3182,30,njgacelo-1
3183,30,majomeip-1
3184,30,jlpbbldd-1
3185,30,jbkkcbei-1
3186,30,mbicibjm-1
3187,30,jbhhmomp-1
3188,30,mpklimbf-1
3189,30,mnkjeban-1
3190,30,noiknaem-1
3191,30,ahcjhpgh-1
3192,30,bcgpioid-1
3193,30,njjpdcko-1
3194,30,jmandmlh-1
3195,30,amkjbmac-1
3196,30,njkhpkci-1
3197,30,jmfibicp-1
3198,30,jmallgmo-1
3199,30,fopidoli-1
3200,30,naljfpdh-1
3201,30,jbdajeef-1
3202,30,mbjilajd-1
3203,30,ahdackha-1
3204,30,fpamflob-1
3205,30,gcfaoieb-1
3206,30,nagopcad-1
3207,30,mnnljjcn-1
3208,30,jmbdebhl-1
3209,30,jddefjfe-1
3210,30,noigplkn-1
3211,30,nnjlhjjc-1
3212,30,mnpjpcia-1
3213,30,mbjknncm-1
3214,30,lpncplla-1
3215,30,jajhfgai-1
3216,30,majcjfoe-1
3217,30,ippchlkh-1
3218,30,majfafik-1
3219,30,mpjaddid-1
3220,30,ifgogdij-1
3221,30,jhjapoad-1
3222,30,njbdeaji-1
3223,30,nomglcdp-1
3224,30,bchaaidk-1
3225,30,mamhhpjd-1
3226,30,ojfnliik-1
3227,30,nipofpeo-1
3228,30,ifdlddie-1
3229,30,odokgldc-1
3230,30,ahcbjgdf-1
3231,30,akhpcohg-1
3232,30,jlellhfi-1
3233,30,mbimllep-1
3234,30,mamgodaj-1
3235,30,mnljeaag-1
3236,30,moampomn-1
3237,30,jbnpgdnl-1
3238,30,nneamkfn-1
3239,30,ijgfgiob-1
3240,30,magkchpd-1
3241,30,jbkjnjgj-1
3242,30,nagdjpij-1
3243,30,jmdgngfp-1
3244,30,jbopkbia-1
3245,30,nojmikjg-1
3246,30,mnlihale-1
3247,30,gcafckdh-1
3248,30,aojapchn-1
3249,30,jlpfhdac-1
3250,30,almbedjm-1
3251,30,monfecoj-1
3252,30,mbifobdh-1
3253,30,mbjkpejl-1
3254,30,njeopgbf-1
3255,30,jaanlpeo-1
3256,30,jlddnafe-1
3257,30,mobinfmn-1
3258,30,mahnblko-1
3259,30,mpeklehj-1
3260,30,mpgfpcof-1
3261,30,gcokdfbl-1
3262,30,jleloapp-1
3263,30,oipjdnif-1
3264,30,mpgkgcoj-1
3265,30,mpnbfcbb-1
3266,30,jbhhpiio-1
3267,30,mplpghmb-1
3268,30,ojffmcli-1
3269,30,nioiginp-1
3270,30,jlnibgfm-1
3271,30,madpjhca-1
3272,30,mnnlmnaj-1
3273,30,jmdffmlg-1
3274,30,gckfojcp-1
3275,30,jaahmlel-1
3276,30,alfcnklj-1
3277,30,odlhbgbm-1
3278,30,akodhnop-1
3279,30,njbkeecp-1
3280,30,gaamblem-1
3281,30,fppcbbec-1
3282,30,gceknlml-1
3283,30,nomiklmp-1
3284,30,nahbidgb-1
3285,30,mpacbcdh-1
3286,30,lpkkplkp-1
3287,30,njimoacm-1
3288,30,nijijkdf-1
3289,30,ijhdofip-1
3290,30,odpiopoo-1
3291,30,mnloobpd-1
3292,30,ninjobel-1
3293,30,njfggmjb-1
3294,30,lpldjjcn-1
3295,30,madnfief-1
3296,30,nnfbohib-1
3297,30,jbccodan-1
3298,30,jmffjade-1
3299,30,mobbpicn-1
3300,30,njebnmdm-1
3301,30,jccomedf-1
3302,30,nneageno-1
3303,30,ipjpcmec-1
3304,30,ipfbific-1
3305,30,aocdadei-1
3306,30,ipfcmaep-1
3307,30,jmemlafp-1
3308,30,allabbdm-1
3309,30,jmfojnip-1
3310,30,magciblc-1
3311,30,ipmdndcg-1
3312,30,jccgicmd-1
3313,30,njkajljo-1
3314,30,mbggpnij-1
3315,30,oebpmpln-1
3316,30,gcfffleo-1
3317,30,mnniebik-1
3318,30,iphedbbc-1
3319,30,njaoabhg-1
3320,30,ojbhohbm-1
3321,30,jehkdjhj-1
3322,30,njdfling-1
3323,30,mnninaei-1
3324,30,nildbooj-1
3325,30,makegncl-1
3326,30,noigliph-1
3327,30,gaamnnap-1
3328,30,nijncdlb-1
3329,30,jcdoikco-1
3330,30,ijdenbmb-1
3331,30,njjcjbhn-1
3332,30,ijphdimi-1
3333,30,jmaehkaa-1
3334,30,lpgpkfaf-1
3335,30,jbcpjejo-1
3336,30,ojfkieib-1
3337,30,jbjecmmm-1
3338,30,nimcnfem-1
3339,30,ifbhgmic-1
3340,30,ajnkedoh-1
3341,30,odolankd-1
3342,30,mondibdl-1
3343,30,nomgaogj-1
3344,30,jcekldbb-1
3345,30,ijhioilp-1
3346,30,jnaaopge-1
3347,30,ijpfanjc-1
3348,30,obcabgom-1
3349,30,njllddbh-1
3350,30,jdecilpo-1
3351,30,akjhffig-1
3352,30,noidpgph-1
3353,30,njlfclgd-1
3354,30,fhkkmemc-1
3355,30,jcefjjpl-1
3356,30,nilpfkbo-1
3357,30,afjgfijf-1
3358,30,lpnompbl-1
3359,30,jbhdggic-1
3360,30,molmgemj-1
3361,30,mpmdhian-1
3362,30,jbggphkb-1
3363,30,fpoecpcf-1
3364,30,nimbbelc-1
3365,30,gabdilia-1
3366,30,ifdjppgp-1
3367,30,nakabepk-1
3368,30,njikceon-1
3369,30,nnlfchad-1
3370,30,nnlgcpgg-1
3371,30,ijhbdpbk-1
3372,30,jlfakbmm-1
3373,30,iplocknk-1
3374,30,lpgfmgcn-1
3375,30,jbjfdoki-1
3376,30,jcblpmok-1
3377,30,noibfhno-1
3378,30,ipplgjpn-1
3379,30,akkaeaci-1
3380,30,jabdajna-1
3381,30,mpnnhaha-1
3382,30,ipghhhpm-1
3383,30,algppoak-1
3384,30,mccolmla-1
3385,30,gckhmkmg-1
3386,30,mcchblmf-1
3387,30,majjadif-1
3388,30,ifbimhfh-1
3389,30,ippjedgc-1
3390,30,lpfgghen-1
3391,30,gcahgpdf-1
3392,30,nnffndll-1
3393,30,mobmbihp-1
3394,30,jbneegnc-1
3395,30,nallpbmc-1
3396,30,nngfdccf-1
3397,30,nnjjcnoa-1
3398,30,jaacfijk-1
3399,30,ipmcofjp-1
3400,30,ohjiaagc-1
3401,30,mafkbhmc-1
3402,30,bddbgocf-1
3403,30,lpgdfpfk-1
3404,30,ipllggjf-1
3405,30,jlfhppdf-1
3406,30,gcfbepli-1
3407,30,allpekee-1
3408,30,niljlpph-1
3409,30,jbchgebj-1
3410,30,jcmfjhda-1
3411,30,mankaaki-1
3412,30,mnlnjnak-1
3413,30,lphnhidc-1
3414,30,gbpjpanb-1
3415,30,akijomfp-1
3416,30,jcffffoa-1
3417,30,nngihppd-1
3418,30,fpcbjnem-1
3419,30,nimcponj-1
3420,30,njdmhmno-1
3421,30,apcmifjn-1
3422,30,jlfggoah-1
3423,30,albndnea-1
3424,30,iphpkamo-1
3425,30,ahcppoik-1
3426,30,jbephmdj-1
3427,30,ipjeogel-1
3428,30,alkkfhjm-1
3429,30,mpliohkg-1
3430,30,naijdlpc-1
3431,30,almajacc-1
3432,30,fpmlgbno-1
3433,30,jdcikgda-1
3434,30,jbpbihbi-1
3435,30,alfbcjef-1
3436,30,jacccjbn-1
3437,30,mahijkjb-1
3438,30,njfnhomc-1
3439,30,lpldcflh-1
3440,30,njfmllag-1
3441,30,mobjofoj-1
3442,30,jcblhmcd-1
3443,30,mpliagpn-1
3444,30,mbeibcnk-1
3445,30,gacdgpdl-1
3446,30,jlkaodec-1
3447,30,jmdfeocl-1
3448,30,nanokilc-1
3449,30,fpoddajm-1
3450,30,naligjmg-1
3451,30,nnfennjp-1
3452,30,njefjggj-1
3453,30,ahcjkgin-1
3454,30,jbhemeee-1
3455,30,mccplaib-1
3456,30,jmcbgekl-1
3457,30,jdalfced-1
3458,30,jbocncjh-1
3459,30,jbpbibne-1
3460,30,apdmhaia-1
3461,30,ifcdeaai-1
3462,30,gckhkhhp-1
3463,30,ajhlpdil-1
3464,30,jbecckln-1
3465,30,njgdfapb-1
3466,30,njghhflo-1
3467,30,odoilhln-1
3468,30,nnheaacb-1
3469,30,ojbhmfjh-1
3470,30,njdehpfi-1
3471,30,mnmgdmco-1
3472,30,ipmocmdd-1
3473,30,ilaiijgn-1
3474,30,ipfpejdm-1
3475,30,nomfakpm-1
3476,30,moljefme-1
3477,30,njbcbmmk-1
3478,30,mpcaccnf-1
3479,30,njjdmblo-1
3480,30,nolpkdji-1
3481,30,jlkihmpc-1
3482,30,jbfjbejg-1
3483,30,ipjdjcni-1
3484,30,jlkengae-1
3485,30,jlkepmak-1
3486,30,gcehedib-1
3487,30,mbgfcjdb-1
3488,30,odngoiln-1
3489,30,lpgdionk-1
3490,30,ohjmcjgg-1
3491,30,jbeekoba-1
3492,30,nijiakcg-1
3493,30,hhinfclg-1
3494,30,akocandm-1
3495,30,alcjoced-1
3496,30,jloomjji-1
3497,30,magomjpb-1
3498,30,ahcgkbel-1
3499,30,ijpljhhb-1
3500,30,mpkhcaec-1
3501,30,fpcfnenn-1
3502,30,jmandfdm-1
3503,30,lphfgjin-1
3504,30,lphmljme-1
3505,30,nnhkdnip-1
3506,30,ninmhlia-1
3507,30,fpccjmec-1
3508,30,fpmojgig-1
3509,30,mbhdhanl-1
3510,30,njacldhc-1
3511,30,fpoldekm-1
3512,30,ojagbhda-1
3513,30,lpffnpim-1
3514,30,lpigboin-1
3515,30,mpjecofd-1
3516,30,jbohhmem-1
3517,30,jaagokol-1
3518,30,jlfbcklp-1
3519,30,nallpoag-1
3520,30,momapdfb-1
3521,30,gcakoflf-1
3522,30,ojakiaag-1
3523,30,mnplbclf-1
3524,30,lpibebom-1
3525,30,nojhkeob-1
3526,30,jbcniilf-1
3527,30,jmegdjda-1
3528,30,nagnmpkm-1
3529,30,njclgnnl-1
3530,30,njdbkdac-1
3531,30,ajnkkfpa-1
3532,30,fpoaigbj-1
3533,30,mbiijhik-1
3534,30,nineggil-1
3535,30,mahbpdai-1
3536,30,nnhfhkck-1
3537,30,akoahhgn-1
3538,30,njljkcmi-1
3539,30,fppclced-1
3540,30,jcceffli-1
3541,30,jmdjbpln-1
3542,30,jmbdmpld-1
3543,30,niombkki-1
3544,30,ipmcphmb-1
3545,30,amkimdmn-1
3546,30,mpkohfip-1
3547,30,gcolkokm-1
3548,30,ijghjmgp-1
3549,30,akhiecpn-1
3550,30,ijgjimnk-1
3551,30,jlcikjoc-1
3552,30,maodddoo-1
3553,30,fpkopleo-1
3554,30,nojjapmi-1
3555,30,niookfko-1
3556,30,ifcklflg-1
3557,30,jbinnopj-1
3558,30,aoglphbd-1
3559,30,njcegeih-1
3560,30,ijhbgold-1
3561,30,makmbhmn-1
3562,30,gcomfban-1
3563,30,jdcnhhhj-1
3564,30,oeboonip-1
3565,30,ahcmgfcp-1
3566,30,jbofdhip-1
3567,30,manmcdnh-1
3568,30,maidcfjj-1
3569,30,nipgfkll-1
3570,30,mpcdefef-1
3571,30,mcddcien-1
3572,30,nikohnib-1
3573,30,monakpap-1
3574,30,lohkcjpe-1
3575,30,ipmdbngo-1
3576,30,jdbohjkk-1
3577,30,moknkeof-1
3578,30,gcliolac-1
3579,30,gceamnjh-1
3580,30,mbjjencl-1
3581,30,najkppbl-1
3582,30,jbpdakmi-1
3583,30,lpikgodc-1
3584,30,ipmfpiic-1
3585,30,iphjgala-1
3586,30,mokpgalf-1
3587,30,ippfaaen-1
3588,30,akjldegb-1
3589,30,nipkdhld-1
3590,30,jabbhdim-1
3591,30,akjadchl-1
3592,30,mpkboika-1
3593,30,algifmea-1
3594,30,ohkeniil-1
3595,30,ahcdgddo-1
3596,30,nilhfmhl-1
3597,30,gabbmmce-1
3598,30,njadkdii-1
3599,30,nijgfeel-1
3600,30,njbkcfjp-1
3601,30,jmeaofbe-1
3602,30,jaamdkkm-1
3603,30,alcmgobd-1
3604,30,jachkfgd-1
3605,30,jlffppna-1
3606,30,njdohjfb-1
3607,30,jmehbnld-1
3608,30,jdbpmabn-1
3609,30,jlpnmjdm-1
3610,30,ijhnbeei-1
3611,30,ijhnfagj-1
3612,30,mobnpenm-1
3613,30,jbokglch-1
3614,30,njbpfnjg-1
3615,30,noifieia-1
3616,30,mampccic-1
3617,30,moakgkka-1
3618,30,njakfjki-1
3619,30,nakkpllg-1
3620,30,nikmndjk-1
3621,30,njdpgmba-1
3622,30,jbgeembp-1
3623,30,mpodfpii-1
3624,30,nanmkpea-1
3625,30,monljaep-1
3626,30,njimhlia-1
3627,30,malibnfl-1
3628,30,mnkmlifl-1
3629,30,lpgioapb-1
3630,30,lpfnhhop-1
3631,30,fpndnmcj-1
3632,30,jnabcojo-1
3633,30,njdinabe-1
3634,30,ahaabnif-1
3635,30,nalnmffb-1
3636,30,jbfjcgpp-1
3637,30,alfkffjo-1
3638,30,mpnmfedo-1
3639,30,jboeepok-1
3640,30,ohkjjcca-1
3641,30,mbimfimi-1
3642,30,moobpadl-1
3643,30,njbaoeoc-1
3644,30,mbgnoani-1
3645,30,alkpbihn-1
3646,30,ifbpglji-1
3647,30,mbigeeph-1
3648,30,mobfjgfn-1
3649,30,lpnemajc-1
3650,30,obblmpma-1
3651,30,jlkhkhib-1
3652,30,mpgkohmm-1
3653,30,jmbcfamp-1
3654,30,njekgian-1
3655,30,njebojhg-1
3656,30,njfacdin-1
3657,30,mnmfhbdk-1
3658,30,fpnnbdhm-1
3659,30,niooghoj-1
3660,30,noikkapl-1
3661,30,nanegibg-1
3662,30,fpdmgenb-1
3663,30,ninmachp-1
3664,30,aohhdbkk-1
3665,30,ifbmaofg-1
3666,30,ipfgmnfi-1
3667,30,jbcaicmj-1
3668,30,jmdfmefe-1
3669,30,gckmfbag-1
3670,30,jmbibece-1
3671,30,nojahkdb-1
3672,30,jccgjcho-1
3673,30,ifgfclnd-1
3674,30,gccjdodl-1
3675,30,molfohak-1
3676,30,lphpnaid-1
3677,30,naihpeoa-1
3678,30,madmnkcj-1
3679,30,ipnandbe-1
3680,30,mpgihjnj-1
3681,30,ahcdogba-1
3682,30,nakbldji-1
3683,30,jbciolfk-1
3684,30,jmadeohj-1
3685,30,nikcenjd-1
3686,30,njjofhkd-1
3687,30,mplidieg-1
3688,30,jdcdcgem-1
3689,30,jcbmpmim-1
3690,30,akjhpdjn-1
3691,30,jbephgdn-1
3692,30,mahlldok-1
3693,30,nnfbgcok-1
3694,30,ifdlklff-1
3695,30,jakoonai-1
3696,30,ipgkjjpl-1
3697,30,nilgbini-1
3698,30,alccdohj-1
3699,30,mnmkepdp-1
3700,30,ifigdjln-1
3701,30,mahehena-1
3702,30,jlmogeph-1
3703,30,oeefkigp-1
3704,30,jceaehem-1
3705,30,akhhbdph-1
3706,30,ahdbmank-1
3707,30,lpjpdhjd-1
3708,30,apdkjbie-1
3709,30,ijigbmlh-1
3710,30,mpkdnnea-1
3711,30,ninngklb-1
3712,30,mammnmbd-1
3713,30,gcbdfblh-1
3714,30,noihlbbn-1
3715,30,ohjgdfpp-1
3716,30,jmcnilbi-1
3717,30,maghpgae-1
3718,30,naddijbo-1
3719,30,ijgecggk-1
3720,30,jmeniigm-1
3721,30,nionbggh-1
3722,30,jloieoem-1
3723,30,momplilp-1
3724,30,mpcjhaol-1
3725,30,aocgmppb-1
3726,30,ilapkcad-1
3727,30,jdagkpbg-1
3728,30,oipgimeh-1
3729,30,jiphikcf-1
3730,30,nnldadag-1
3731,30,jlojpfan-1
3732,30,nilikfmj-1
3733,30,jlpelfnh-1
3734,30,ipobedle-1
3735,30,mbehgigf-1
3736,30,jbekcfog-1
3737,30,nincekfg-1
3738,30,ipogjalh-1
3739,30,lphncflp-1
3740,30,nanimjoe-1
3741,30,lpjpnome-1
3742,30,gabfibpj-1
3743,30,jbbnohli-1
3744,30,alglkckj-1
3745,30,ijphbfbe-1
3746,30,jcegdkfp-1
3747,30,njkfgjkn-1
3748,30,jldhckik-1
3749,30,njjkdcan-1
3750,30,jbfmnoee-1
3751,30,ipjelekn-1
3752,30,niohkkpg-1
3753,30,mplfmifh-1
3754,30,oiphidpc-1
3755,30,fplnodmm-1
3756,30,najgfpbe-1
3757,30,jcboalad-1
3758,30,mbhendbn-1
3759,30,ijhkihcl-1
3760,30,fpcljjka-1
3761,30,lphhccfl-1
3762,30,naihiipe-1
3763,30,jmcgfcko-1
3764,30,jmcmpiol-1
3765,30,mbgmjfci-1
3766,30,ojfeikdi-1
3767,30,ohkeagmh-1
3768,30,ninemjho-1
3769,30,jmcjboli-1
3770,30,njjjkmeh-1
3771,30,apdgeedo-1
3772,30,njajjagd-1
3773,30,hhidaaed-1
3774,30,amkimedg-1
3775,30,oipibioi-1
3776,30,lpffonkc-1
3777,30,jbopjjhk-1
3778,30,oippgiia-1
3779,30,njeenicp-1
3780,30,lpkjplin-1
3781,30,nnliidak-1
3782,30,mpmnbdgd-1
3783,30,maklfbdh-1
3784,30,jbffmkoc-1
3785,30,alcokmnp-1
3786,30,lpggdinf-1
3787,30,nilkhhbg-1
3788,30,jbpihfgd-1
3789,30,nimlkakm-1
3790,30,jbdobjmk-1
3791,30,fpmnigna-1
3792,30,jmflbjfd-1
3793,30,gacgifdk-1
3794,30,lphdemmd-1
3795,30,mnlbpedc-1
3796,30,fpncmafk-1
3797,30,najfenlh-1
3798,30,lpmokphf-1
3799,30,hhimjmdg-1
3800,30,lpiehbin-1
3801,30,nadecell-1
3802,30,nnejehll-1
3803,30,nalpelpm-1
3804,30,nolommdo-1
3805,30,jmdfafpa-1
3806,30,ohjhlldl-1
3807,30,mokkoegj-1
3808,30,mnlaacek-1
3809,30,gcenpogo-1
3810,30,jajlofca-1
3811,30,noinaonh-1
3812,30,fopnkdgc-1
3813,30,nijpbpih-1
3814,30,njhgoacm-1
3815,30,ijgjallh-1
3816,30,ijigdmff-1
3817,30,jdajbldo-1
3818,30,jabglchl-1
3819,30,jmflbmod-1
3820,30,ipgombgo-1
3821,30,ipgldeco-1
3822,30,majidfjm-1
3823,30,jbdaikam-1
3824,30,akiiodop-1
3825,30,ninbhiec-1
3826,30,jddblnch-1
3827,30,iphlbahp-1
3828,30,aogndhgg-1
3829,30,mbehcfak-1
3830,30,mbhnlcjm-1
3831,30,ifbpaeoc-1
3832,30,ojfkdpnk-1
3833,30,njdpmckd-1
3834,30,njimddja-1
3835,30,naijkfog-1
3836,30,jabjdhfk-1
3837,30,jlkglpef-1
3838,30,jmagpdoh-1
3839,30,gcebhlbe-1
3840,30,jhjdjihj-1
3841,30,najjkgbm-1
3842,30,alkjflfo-1
3843,30,fpblgdka-1
3844,30,obcbadab-1
3845,30,oecdlkph-1
3846,30,ipoekkad-1
3847,30,jccofndl-1
3848,30,nikmmghb-1
3849,30,mobonmch-1
3850,30,mnmifdnn-1
3851,30,magjfdkb-1
3852,30,ilblojbo-1
3853,30,fhkliilo-1
3854,30,jcdcbclg-1
3855,30,ijifooce-1
3856,30,mbicfeke-1
3857,30,gckjampe-1
3858,30,mplddkhm-1
3859,30,gaaihkni-1
3860,30,nahklmdl-1
3861,30,gcbepabf-1
3862,30,jnabcifg-1
3863,30,molkddhf-1
3864,30,jmdpplbk-1
3865,30,majfmflg-1
3866,30,jbdknpmi-1
3867,30,ipmblgen-1
3868,30,jdbcgkfd-1
3869,30,jbiikhgn-1
3870,30,ilamoche-1
3871,30,jbhjipgd-1
3872,30,jlfgbhei-1
3873,30,jlebccgk-1
3874,30,mpclfcif-1
3875,30,agppgagk-1
3876,30,njbcgika-1
3877,30,nanbnmkn-1
3878,30,lpnlanlk-1
3879,30,jbemloii-1
3880,30,fpadepih-1
3881,30,ojfhohdk-1
3882,30,ijgenjob-1
3883,30,fplojggb-1
3884,30,monmeoek-1
3885,30,jmpobidn-1
3886,30,naiigjec-1
3887,30,odpjiggj-1
3888,30,jmfppaol-1
3889,30,gabogbkb-1
3890,30,mpogaoli-1
3891,30,ipghgnck-1
3892,30,gabjhmmn-1
3893,30,mondkbmo-1
3894,30,mbieebbk-1
3895,30,fpomojlj-1
3896,30,molldkgf-1
3897,30,mahfhffj-1
3898,30,mnmibofh-1
3899,30,nimgiele-1
3900,30,jbdgjleo-1
3901,30,moalakme-1
3902,30,ahdbiage-1
3903,30,nngelaci-1
3904,30,najpojjf-1
3905,30,ifhkbnfd-1
3906,30,ifbociic-1
3907,30,ipmcfcil-1
3908,30,jleidmbn-1
3909,30,albplgoa-1
3910,30,jabhlplp-1
3911,30,jccnakgf-1
3912,30,ahclcgfk-1
3913,30,jmbfibcl-1
3914,30,mnnhbmad-1
3915,30,mpnejljf-1
3916,30,mbhckdae-1
3917,30,nijgnoji-1
3918,30,gceemegn-1
3919,30,jbonjfff-1
3920,30,mnpdokde-1
3921,30,algmnilm-1
3922,30,akikcfmg-1
3923,30,jabiamog-1
3924,30,aohngcki-1
3925,30,nagfcjfh-1
3926,30,nanimjnh-1
3927,30,jdbknncb-1
3928,30,jmdogggk-1
3929,30,jlkgiabd-1
3930,30,mopjegdg-1
3931,30,jlofkaei-1
3932,30,akkdoace-1
3933,30,jmbikdnm-1
3934,30,lplgkmdm-1
3935,30,jcbodpih-1
3936,30,oipijiba-1
3937,30,gcombpho-1
3938,30,jajelgip-1
3939,30,fponagge-1
3940,30,molicoke-1
3941,30,mafpejbl-1
3942,30,ipmhjdfa-1
3943,30,lppaehfi-1
3944,30,nngpppha-1
3945,30,nilpmjni-1
3946,30,mangjgeh-1
3947,30,mpobkgof-1
3948,30,appaheom-1
3949,30,alcpjmno-1
3950,30,mpjpooff-1
3951,30,anfdlcgh-1
3952,30,nngcpinc-1
3953,30,nomdgmfe-1
3954,30,nioblmea-1
3955,30,njkmdhde-1
3956,30,nnfcnmjn-1
3957,30,fpnehekg-1
3958,30,fpakhjod-1
3959,30,jlphiphj-1
3960,30,njfibhae-1
3961,30,njjjmeno-1
3962,30,ipmkchpn-1
3963,30,gckgnllh-1
3964,30,njejnkkg-1
3965,30,noidggli-1
3966,30,njceaagb-1
3967,30,niphidan-1
3968,30,mbemdflc-1
3969,30,nnhbfalk-1
3970,30,obapknco-1
3971,30,jccnfhcc-1
3972,30,mpjklpnj-1
3973,30,mnjomglb-1
3974,30,maldkbhb-1
3975,30,fpbmoojg-1
3976,30,jbdidnoc-1
3977,30,momclecd-1
3978,30,ajhecmdd-1
3979,30,mcbebbfa-1
3980,30,njjdanpl-1
3981,30,nilkdcop-1
3982,30,maiccakk-1
3983,30,mploekco-1
3984,30,jaacmmmf-1
3985,30,jddjlpfo-1
3986,30,mpmphnad-1
3987,30,mobeehkc-1
3988,30,anggncom-1
3989,30,ipphnjjk-1
3990,30,jmebojkg-1
3991,30,jainpgjo-1
3992,30,lpioiaei-1
3993,30,mnkmclmk-1
3994,30,mooadcfn-1
3995,30,akkdmdmf-1
3996,30,ninahoib-1
3997,30,gcooakci-1
3998,30,nacmidfn-1
3999,30,njaigdkb-1
4000,30,gcehpbla-1
4001,30,lplfmdgo-1
4002,30,mobmbfan-1
4003,30,jlpnnjbd-1
4004,30,jjhnglji-1
4005,30,ohjcifdj-1
4006,30,nnlcnkfg-1
4007,30,njccjgim-1
4008,30,magfgoba-1
4009,30,njjmjpal-1
4010,30,nikpncio-1
4011,30,mamegcje-1
4012,30,fpdpmdob-1
4013,30,jldkeoig-1
4014,30,ajhmlami-1
4015,30,fpeekmco-1
4016,30,njelpgoc-1
4017,30,jbhgmbde-1
4018,30,nahobhbb-1
4019,30,jlemmboj-1
4020,30,hhijnmhm-1
4021,30,fpakmpeb-1
4022,30,mpablonf-1
4023,30,lpfgobad-1
4024,30,aoimembh-1
4025,30,jbdciijj-1
4026,30,ipfkjfpk-1
4027,30,jmakjpcg-1
4028,30,molgflik-1
4029,30,mnlhggpc-1
4030,30,mbhbkbgf-1
4031,30,lplcfoio-1
4032,30,mbgohmdf-1
4033,30,ifcepkdi-1
4034,30,njjmoldg-1
4035,30,mancmkjl-1
4036,30,ipikhfah-1
4037,30,mnlnpaab-1
4038,30,jbbpedcf-1
4039,30,njkgdmjo-1
4040,30,gcohekcf-1
4041,30,agpnhldn-1
4042,30,mpjofdbm-1
4043,30,jddcjego-1
4044,30,jbphllag-1
4045,30,gcomeoop-1
4046,30,jbecbipp-1
4047,30,ninfcjdc-1
4048,30,nahcpbfo-1
4049,30,jmfgjieo-1
4050,30,ifleokbh-1
4051,30,gcjoelem-1
4052,30,lphchljo-1
4053,30,mpghhfjl-1
4054,30,jacgcmce-1
4055,30,nillflea-1
4056,30,lpifocpa-1
4057,30,noihccpe-1
4058,30,ahcoegmd-1
4059,30,mnlaabnp-1
4060,30,njiklflp-1
4061,30,aohafkbc-1
4062,30,najflomo-1
4063,30,fpmpklkb-1
4064,30,apdeenpl-1
4065,30,nolbgdgh-1
4066,30,gcadboed-1
4067,30,jmccbkob-1
4068,30,fpmoaebd-1
4069,30,lpmlfpkm-1
4070,30,jdckmpdd-1
4071,30,gcajmfgh-1
4072,30,apoobebe-1
4073,30,majpmkjn-1
4074,30,ipfncckc-1
4075,30,mbeikgfc-1
4076,30,gccjbako-1
4077,30,jcfejloj-1
4078,30,obbkonel-1
4079,30,mobkimcj-1
4080,30,ifdhipom-1
4081,30,jbeldcni-1
4082,30,jmanaiff-1
4083,30,jacbkjlo-1
4084,30,mbhfckkm-1
4085,30,njbpccdo-1
4086,30,gcjocbpo-1
4087,30,nijhcnjg-1
4088,30,ifdacpbn-1
4089,30,jboabjlp-1
4090,30,ifgpfpag-1
4091,30,jachdjbg-1
4092,30,nikbnglh-1
4093,30,ijhdeeoc-1
4094,30,mpdnofol-1
4095,30,njfkhpap-1
4096,30,ifgdfdih-1
4097,30,makcngbg-1
4098,30,namandao-1
4099,30,ifhpccih-1
4100,30,jbgjpooj-1
4101,30,jlphchad-1
4102,30,fopoomin-1
4103,30,mpjienng-1
4104,30,mpchkpdj-1
4105,30,lpioppad-1
4106,30,apcngghp-1
4107,30,akjganjj-1
4108,30,fpmnomcg-1
4109,30,mnmljgnd-1
4110,30,lpiljgkh-1
4111,30,amkajbfa-1
4112,30,ipgdcchf-1
4113,30,mahkiekb-1
4114,30,iponbjjh-1
4115,30,apdeggff-1
4116,30,alklcboa-1
4117,30,ojggaboo-1
4118,30,mobanlmc-1
4119,30,jmbemgoe-1
4120,30,ahdcpfmc-1
4121,30,jbiaopfk-1
4122,30,aogplfjn-1
4123,30,fpljopag-1
4124,30,ifgcdeoc-1
4125,30,ojbgpjij-1
4126,30,njgcffbk-1
4127,30,majmgohd-1
4128,30,ijdkebec-1
4129,30,akofabpg-1
4130,30,mbimcgio-1
4131,30,jbnnglfi-1
4132,30,ifhmbgmi-1
4133,30,gaakjnhb-1
4134,30,fpmhmdgi-1
4135,30,lpleecng-1
4136,30,jacdhbjj-1
4137,30,jdcapiaf-1
4138,30,mpogkapk-1
4139,30,niopoohp-1
4140,30,fopmefpd-1
4141,30,alhfgkbo-1
4142,30,ijglibgb-1
4143,30,ahaalmka-1
4144,30,ipffioda-1
4145,30,namegmcj-1
4146,30,nnhcmpai-1
4147,30,njfekmpn-1
4148,30,ijgolooh-1
4149,30,ifbkilmk-1
4150,30,fppnofhd-1
4151,30,gcjldnif-1
4152,30,noibpiml-1
4153,30,jbfkjjnj-1
4154,30,nngoeijf-1
4155,30,jacjmhjo-1
4156,30,jmbhklge-1
4157,30,njefbghj-1
4158,30,nngafogk-1
4159,30,noildjdm-1
4160,30,nnlikgkc-1
4161,30,gckmnogh-1
4162,30,jlomemgp-1
4163,30,gabbfhik-1
4164,30,jcelmmee-1
4165,30,jdbipmnh-1
4166,30,ninppmba-1
4167,30,ipipogho-1
4168,30,ijhbenbl-1
4169,30,akoklafd-1
4170,30,moaidghl-1
4171,30,nnhidahe-1
4172,30,ipmpnafi-1
4173,30,njejnelo-1
4174,30,mobgjkbp-1
4175,30,jmbkfllm-1
4176,30,ifcjibpe-1
4177,30,njggmdmf-1
4178,30,jbbicacc-1
4179,30,njagenai-1
4180,30,ipfgeaoc-1
4181,30,jaabidan-1
4182,30,ifcnbioh-1
4183,30,ipmengpl-1
4184,30,fpdabfje-1
4185,30,mpjpaofn-1
4186,30,iplodgbn-1
4187,30,lpiehmae-1
4188,30,ojacmoel-1
4189,30,naifncjf-1
4190,30,lpnbaaia-1
4191,30,ningegec-1
4192,30,jbidcdif-1
4193,30,nnhjebgg-1
4194,30,jmeknjii-1
4195,30,lplgcgaa-1
4196,30,akidcpnj-1
4197,30,fpcfnlnc-1
4198,30,ipoiibbj-1
4199,30,alfjdelk-1
4200,30,fpmnfkld-1
4201,30,allgcobo-1
4202,30,mobeldac-1
4203,30,jbocbbkg-1
4204,30,njfoehik-1
4205,30,ipilbjon-1
4206,30,nnljfhfh-1
4207,30,fppmiceh-1
4208,30,gabhacla-1
4209,30,gcfebddk-1
4210,30,ipooiifk-1
4211,30,nilkeklo-1
4212,30,nimbbnkb-1
4213,30,amkakecc-1
4214,30,ahafabkk-1
4215,30,jlfcgfgp-1
4216,30,momjndce-1
4217,30,akjeioif-1
4218,30,fpliilhg-1
4219,30,nnhdcilb-1
4220,30,akhkhiil-1
4221,30,jmdeaaib-1
4222,30,nileebmc-1
4223,30,mnlgolbf-1
4224,30,fpdlklbm-1
4225,30,fpahacmc-1
4226,30,mpdpjjcf-1
4227,30,ipgkkddo-1
4228,30,ijicinip-1
4229,30,alkmkepc-1
4230,30,lohjhlji-1
4231,30,maggnmka-1
4232,30,maiaccec-1
4233,30,jbpipjhi-1
4234,30,alfhlbhj-1
4235,30,ipimfpha-1
4236,30,gacgnihl-1
4237,30,ijggbdkh-1
4238,30,aoinknkf-1
4239,30,ifgbceod-1
4240,30,gcjkaeno-1
4241,30,nnehobkb-1
4242,30,nnfggkjh-1
4243,30,jbgfpeec-1
4244,30,ipegbnon-1
4245,30,nikibojn-1
4246,30,mamhhnln-1
4247,30,mnpjpoln-1
4248,30,fppegdpa-1
4249,30,gcpgijfk-1
4250,30,ipemkmdd-1
4251,30,ipejhacm-1
4252,30,lpgogcec-1
4253,30,njehgjld-1
4254,30,ninhikjn-1
4255,30,aohapgee-1
4256,30,njfgjdpp-1
4257,30,njjoegle-1
4258,30,ipmcgehd-1
4259,30,njcbdjab-1
4260,30,alfhfbfj-1
4261,30,nakbaimd-1
4262,30,ojfmkhdf-1
4263,30,lpifonof-1
4264,30,bddcnkhc-1
4265,30,njacgehm-1
4266,30,alclkelo-1
4267,30,nomicame-1
4268,30,jbocobgp-1
4269,30,moneapcl-1
4270,30,jbogallc-1
4271,30,obcbcidk-1
4272,30,algmmjkf-1
4273,30,jbdmolfi-1
4274,30,lpkccojb-1
4275,30,njcdbakb-1
4276,30,nalojnfa-1
4277,30,oipfncjd-1
4278,30,jbjihjjd-1
4279,30,ippjfgan-1
4280,30,ifijjpco-1
4281,30,jbfljhnb-1
4282,30,jlkhjihc-1
4283,30,jdbafddc-1
4284,30,njfghfmm-1
4285,30,fpmiaghm-1
4286,30,mahljoia-1
4287,30,gccnagkj-1
4288,30,nnggjhjc-1
4289,30,alfkompp-1
4290,30,molkchoj-1
4291,30,gceplmck-1
4292,30,fpncgmma-1
4293,30,njbbmjgf-1
4294,30,jldogbbk-1
4295,30,jldbjbee-1
4296,30,jakpmlbi-1
4297,30,gclkkjpb-1
4298,30,jcfbihel-1
4299,30,lpkfmodd-1
4300,30,jldcoeen-1
4301,30,mobjeoih-1
4302,30,gcgjdnob-1
4303,30,fpplifca-1
4304,30,jbcjmocp-1
4305,30,jbikneag-1
4306,30,odobhijo-1
4307,30,fpdomfim-1
4308,30,mnoonmjh-1
4309,30,alldmfei-1
4310,30,fpdaggcl-1
4311,30,ilbjflam-1
4312,30,lpendgbp-1
4313,30,njhljlmb-1
4314,30,mahpllbl-1
4315,30,nnelmodm-1
4316,30,fpokniej-1
4317,30,alckofie-1
4318,30,momackmd-1
4319,30,jmdklohh-1
4320,30,ijhlmaak-1
4321,30,obeclkfj-1
4322,30,njlaplkp-1
4323,30,apdmfhem-1
4324,30,jlekhfme-1
4325,30,jlfejghd-1
4326,30,njcmogbp-1
4327,30,jhjdgnon-1
4328,30,jmcennip-1
4329,30,mnldmhbf-1
4330,30,majehjdm-1
4331,30,nnfiajcg-1
4332,30,lpmljgmd-1
4333,30,jddmpmep-1
4334,30,mpghilng-1
4335,30,odokbica-1
4336,30,nomfbbjn-1
4337,30,gabkinlh-1
4338,30,manjjgfm-1
4339,30,jbnlfael-1
4340,30,ojankbng-1
4341,30,mpjhlfkl-1
4342,30,appfecne-1
4343,30,jcdnnebb-1
4344,30,niolhbpg-1
4345,30,fhknlcfh-1
4346,30,noiadkma-1
4347,30,apdhapin-1
4348,30,nilnpfed-1
4349,30,mpmcakab-1
4350,30,nanegmgj-1
4351,30,njbephao-1
4352,30,ifboielb-1
4353,30,jlpcaomf-1
4354,30,njkhajei-1
4355,30,njfciceh-1
4356,30,jbgnbgep-1
4357,30,aocdjfmo-1
4358,30,njdibmic-1
4359,30,nammcjmg-1
4360,30,ipielchl-1
4361,30,mnmjhpcl-1
4362,30,jcdlibal-1
4363,30,jmcpbeaf-1
4364,30,jcekkooa-1
4365,30,moajdmfe-1
4366,30,jlfdlggm-1
4367,30,nnhjjcjg-1
4368,30,ipggbakn-1
4369,30,njfjjlab-1
4370,30,namfkjgp-1
4371,30,monmboaf-1
4372,30,momifhbh-1
4373,30,mpogjcfd-1
4374,30,akjlomkj-1
4375,30,mooghmgk-1
4376,30,odoonkbp-1
4377,30,gcapgpfe-1
4378,30,jbdlonid-1
4379,30,gclhnpof-1
4380,30,njdbiafc-1
4381,30,fpmmkmje-1
4382,30,nnlkkfle-1
4383,30,gcafdpfa-1
4384,30,lphpjjfj-1
4385,30,njahggal-1
4386,30,lphpbodo-1
4387,30,ilaookbe-1
4388,30,jajmehgk-1
4389,30,nindaogb-1
4390,30,nikhkmpb-1
4391,30,ipehbhff-1
4392,30,njgglpgi-1
4393,30,nnjjoaim-1
4394,30,fophcflg-1
4395,30,gcaibnim-1
4396,30,ippimijc-1
4397,30,oipdmlpg-1
4398,30,jdbmnncb-1
4399,30,gckfmipn-1
4400,30,mpmdmndc-1
4401,30,mbhbmghj-1
4402,30,mobeepci-1
4403,30,fpnmhpla-1
4404,30,nimgkmjj-1
4405,30,makdpdgm-1
4406,30,apdbfcoi-1
4407,30,njbbigph-1
4408,30,jbhlhpgd-1
4409,30,mnpbnjoo-1
4410,30,majnfick-1
4411,30,jmehpibo-1
4412,30,ahcgikhp-1
4413,30,hhikknhk-1
4414,30,fpdlecpe-1
4415,30,nnjmfome-1
4416,30,lplfjigd-1
4417,30,jbfpogeo-1
4418,30,jdcjkffa-1
4419,30,njboaooj-1
4420,30,ojapjlin-1
4421,30,mamegkgl-1
4422,30,jbgmmnlc-1
4423,30,jdbompaf-1
4424,30,mamjdpoi-1
4425,30,jnaaklco-1
4426,30,mplpeenf-1
4427,30,fpbnpnik-1
4428,30,jlelfajg-1
4429,30,nijmfmgb-1
4430,30,njbbimhp-1
4431,30,njlhldjj-1
4432,30,jmbghghc-1
4433,30,jbpgkgkd-1
4434,30,nionmofg-1
4435,30,majmceel-1
4436,30,jcalpjmm-1
4437,30,nioegjhn-1
4438,30,gcfadhmf-1
4439,30,jbfaallh-1
4440,30,akjphbom-1
4441,30,jmegoeao-1
4442,30,mnpokenk-1
4443,30,nijmeeij-1
4444,30,jmcimhom-1
4445,30,lpohnefe-1
4446,30,ipoigakh-1
4447,30,njagllap-1
4448,30,mbeklnef-1
4449,30,fpmgkpkk-1
4450,30,alljmhfn-1
4451,30,jbpddhkj-1
4452,30,njlifgfg-1
4453,30,jbbhibid-1
4454,30,njdhhlpf-1
4455,30,mpgicfei-1
4456,30,mnpnejmo-1
4457,30,lpnmaabh-1
4458,30,nipggabc-1
4459,30,ajhmgppa-1
4460,30,aknhhddl-1
4461,30,obbmopbn-1
4462,30,nnfiolmk-1
4463,30,gcfeombl-1
4464,30,jcfffhlc-1
4465,30,jlohofea-1
4466,30,nildkccp-1
4467,30,jbfjammg-1
4468,30,naijmedc-1
4469,30,njbnklaa-1
4470,30,jcelggpk-1
4471,30,monfnbnj-1
4472,30,lpmbmcga-1
4473,30,ilaphehg-1
4474,30,jbfkndkp-1
4475,30,gcehfdhn-1
4476,30,gcecaffa-1
4477,30,jccdehob-1
4478,30,akjhfphb-1
4479,30,lpnfjfgc-1
4480,30,njemfome-1
4481,30,jaaijjgo-1
4482,30,mbehbbaa-1
4483,30,njgficfl-1
4484,30,gaaihioa-1
4485,30,lpiblgnf-1
4486,30,jbbhjkfm-1
4487,30,afjhhnnm-1
4488,30,mpndfhko-1
4489,30,ificnchm-1
4490,30,mnklccnn-1
4491,30,nolokaco-1
4492,30,jbcgobld-1
4493,30,fpochmgi-1
4494,30,ipinlcec-1
4495,30,jacfeoog-1
4496,30,akocehip-1
4497,30,ahcjkhia-1
4498,30,nimlgdlb-1
4499,30,iphnfpcd-1
4500,30,jdcenmmj-1
4501,30,jaagdhlo-1
4502,30,ninhagfg-1
4503,30,ahaaglfb-1
4504,30,lphickhe-1
4505,30,ilbdfahk-1
4506,30,jlfhmlfm-1
4507,30,maicnlnl-1
4508,30,njjcikca-1
4509,30,njgkjbfl-1
4510,30,nimafagg-1
4511,30,aleppefg-1
4512,30,jbflaoil-1
4513,30,jlofdodg-1
4514,30,nolfnkcp-1
4515,30,ifhkepka-1
4516,30,mnjofbll-1
4517,30,fpcdkjia-1
4518,30,lphjkfkb-1
4519,30,ajnhkbbf-1
4520,30,albkojja-1
4521,30,njalgehm-1
4522,30,jlcnjdpc-1
4523,30,jmbmpgmh-1
4524,30,ijhognbc-1
4525,30,jmpjkcme-1
4526,30,naijcaje-1
4527,30,mnmlkenl-1
4528,30,mnjnbhbc-1
4529,30,oclplihi-1
4530,30,ifiamcfl-1
4531,30,mnmgambn-1
4532,30,mpjacnen-1
4533,30,njjkdicg-1
4534,30,ifcjeeko-1
4535,30,alepjfdf-1
4536,30,obcachob-1
4537,30,jccbcaga-1
4538,30,njhoadcd-1
4539,30,lpnkpdkc-1
4540,30,akoefmco-1
4541,30,mobkocfh-1
4542,30,ifhmjjbp-1
4543,30,momhkjjg-1
4544,30,fpcankcf-1
4545,30,fpdhjbem-1
4546,30,nomdmknk-1
4547,30,fpmegmci-1
4548,30,jacjkcgk-1
4549,30,lphocejj-1
4550,30,jbgjmmfb-1
4551,30,iphoalie-1
4552,30,jaaemjno-1
4553,30,gccnaahp-1
4554,30,allbgpdp-1
4555,30,obbolncc-1
4556,30,fponmjaf-1
4557,30,nanfjjbi-1
4558,30,ojffnjkc-1
4559,30,hhijkhei-1
4560,30,jlpddben-1
4561,30,makgpnnc-1
4562,30,lpnanhjl-1
4563,30,njepnnoh-1
4564,30,jdchnmah-1
4565,30,jmemclia-1
4566,30,jbhgdgjf-1
4567,30,nnhefbco-1
4568,30,lpiihgie-1
4569,30,jlofddei-1
4570,30,fophjjib-1
4571,30,jbnnioof-1
4572,30,jcchlogn-1
4573,30,fppgjing-1
4574,30,noiapejb-1
4575,30,mahkcgje-1
4576,30,mpmdlpil-1
4577,30,fpoghpne-1
4578,30,fpmkgema-1
4579,30,fpmcopdb-1
4580,30,alfengbl-1
4581,30,gclldlik-1
4582,30,mnonabnf-1
4583,30,mpekchlc-1
4584,30,maklmlbf-1
4585,30,nnfhdcge-1
4586,30,jmfdbpjl-1
4587,30,ipoeblpe-1
4588,30,jhjfdhjf-1
4589,30,jbnkmnoe-1
4590,30,nippcmlc-1
4591,30,ijpejmoa-1
4592,30,jabklohj-1
4593,30,jmbimopg-1
4594,30,mpoelgki-1
4595,30,jehdcbij-1
4596,30,jmgaijjf-1
4597,30,ojbikgog-1
4598,30,mpbopikh-1
4599,30,fpnilkke-1
4600,30,jddaaece-1
4601,30,akjjlpfb-1
4602,30,nikfpbii-1
4603,30,gcjljajc-1
4604,30,aohjogpi-1
4605,30,jcbmdklb-1
4606,30,nagfbioj-1
4607,30,nnhhnido-1
4608,30,molleigp-1
4609,30,jlkafnha-1
4610,30,mahhheff-1
4611,30,mnnjmkdd-1
4612,30,njcelaag-1
4613,30,lpmoenmj-1
4614,30,gabdkfab-1
4615,30,nagpkdbc-1
4616,30,molcplik-1
4617,30,jddbhcni-1
4618,30,ipmffkfj-1
4619,30,nolhggdn-1
4620,30,jbdgddoa-1
4621,30,fpmkolif-1
4622,30,jllljdpg-1
4623,30,jmachnmi-1
4624,30,jbdpekae-1
4625,30,jbidkehn-1
4626,30,ifbnnigd-1
4627,30,jccmbmaj-1
4628,30,gcacaehe-1
4629,30,njikgmgp-1
4630,30,jmbhgmei-1
4631,30,malaimmd-1
4632,30,fppchmbi-1
4633,30,odklpled-1
4634,30,jlcpahco-1
4635,30,makcljcl-1
4636,30,gccjjajj-1
4637,30,jacdllho-1
4638,30,nahhdlkm-1
4639,30,mbgmgoch-1
4640,30,fpnbcjbi-1
4641,30,jddiedoh-1
4642,30,mafkoako-1
4643,30,fpmodlce-1
4644,30,mcbbcica-1
4645,30,njdbngni-1
4646,30,ipifiema-1
4647,30,molloppb-1
4648,30,ifgnaaoj-1
4649,30,jmgaamoa-1
4650,30,mokpehpf-1
4651,30,mbjkeolg-1
4652,30,momlneaj-1
4653,30,jcebbcfb-1
4654,30,mplnehlf-1
4655,30,akoklmbh-1
4656,30,gcfccfje-1
4657,30,alkpapin-1
4658,30,njihlkeb-1
4659,30,jlkiihho-1
4660,30,njlnfpjj-1
4661,30,lpknfnpk-1
4662,30,alcgbfea-1
4663,30,ninpdmgf-1
4664,30,fpogjdph-1
4665,30,jbhnelbl-1
4666,30,mopjeofp-1
4667,30,jacodnmh-1
4668,30,njfdcnnm-1
4669,30,naneplge-1
4670,30,jbgcocca-1
4671,30,fpcmjbip-1
4672,30,mbhfnopk-1
4673,30,nnfpfmha-1
4674,30,jccnpchi-1
4675,30,fpaehkpm-1
4676,30,gcjhpmfp-1
4677,30,gcjjepii-1
4678,30,njbkglcl-1
4679,30,jaancfed-1
4680,30,obbmplme-1
4681,30,iphnjhlh-1
4682,30,nikmojld-1
4683,30,mbihbjeb-1
4684,30,jbdlhncm-1
4685,30,obapfbfg-1
4686,30,jcffpjij-1
4687,30,jddfoadc-1
4688,30,ododcchl-1
4689,30,fopifegb-1
4690,30,akjkecbk-1
4691,30,jceeckif-1
4692,30,gcafleha-1
4693,30,lpgnfhpc-1
4694,30,fpmkndlo-1
4695,30,mahbndnf-1
4696,30,nnjgphjh-1
4697,30,oecdcnpl-1
4698,30,ajnjphfd-1
4699,30,mpnifmnm-1
4700,30,jcedbjjg-1
4701,30,odoljmag-1
4702,30,lpgodjmk-1
4703,30,jbofpoon-1
4704,30,bcgomfck-1
4705,30,ohkajhgg-1
4706,30,jdbkalpn-1
4707,30,mccoehid-1
4708,30,jbebogof-1
4709,30,jbeniman-1
4710,30,iphjgkip-1
4711,30,mpkmkpef-1
4712,30,alcciffp-1
4713,30,ojaninad-1
4714,30,mahjkeam-1
4715,30,ninfigdc-1
4716,30,lpohdnmb-1
4717,30,ilakabof-1
4718,30,jcbmgmcl-1
4719,30,ipphelll-1
4720,30,mpgjkhfg-1
4721,30,monmbpgi-1
4722,30,alflepgk-1
4723,30,jmehmpld-1
4724,30,jdbmidch-1
4725,30,nnepchej-1
4726,30,mnljgdpe-1
4727,30,mbiloflh-1
4728,30,ijifkiom-1
4729,30,jbekjgcb-1
4730,30,jlnhlgbn-1
4731,30,nijlokij-1
4732,30,nnepffgg-1
4733,30,jldjflae-1
4734,30,jaakgppk-1
4735,30,mphneaga-1
4736,30,mobcilag-1
4737,30,gceggbgl-1
4738,30,ahcjflco-1
4739,30,lpjpjmcb-1
4740,30,ahcifgad-1
4741,30,ifiabhlm-1
4742,30,fpcnjddk-1
4743,30,maochchp-1
4744,30,njfepflg-1
4745,30,ojghoepc-1
4746,30,jhjinnbo-1
4747,30,nikpkiio-1
4748,30,mnpmjnfn-1
4749,30,fopjcjni-1
4750,30,mbhbllod-1
4751,30,namnklff-1
4752,30,jbdhbigc-1
4753,30,alhedkpf-1
4754,30,jbcofmne-1
4755,30,jmcnnili-1
4756,30,ijhefcjn-1
4757,30,jmdeopaa-1
4758,30,fpoggnei-1
4759,30,ipejdfmd-1
4760,30,nneakamp-1
4761,30,mnjpdbbb-1
4762,30,ohkhaafp-1
4763,30,nolddbfm-1
4764,30,ilbkbjaj-1
4765,30,jaccdobh-1
4766,30,mbfjgpma-1
4767,30,ifcdibap-1
4768,30,monpdalk-1
4769,30,iponpkib-1
4770,30,jbodkipo-1
4771,30,alckeaam-1
4772,30,ijhlomkf-1
4773,30,oiopeeim-1
4774,30,ipikdipp-1
4775,30,nolchode-1
4776,30,njbhncdl-1
4777,30,fplmgfmp-1
4778,30,lpngiili-1
4779,30,ipmkjfnp-1
4780,30,jccahfao-1
4781,30,albkikkj-1
4782,30,mnpngkgm-1
4783,30,ipffkome-1
4784,30,ijpfiffn-1
4785,30,jdclahgb-1
4786,30,ipephnfd-1
4787,30,jmangcbm-1
4788,30,jmcoboln-1
4789,30,oagcmmlb-1
4790,30,mpbpllnk-1
4791,30,mobknmgf-1
4792,30,ifdjolac-1
4793,30,gcedcgfb-1
4794,30,lphecndi-1
4795,30,jnacjajn-1
4796,30,ipfecphi-1
4797,30,fpbkhffe-1
4798,30,ipgccfhl-1
4799,30,gcondpgk-1
4800,30,nipahide-1
4801,30,jmdmnnpo-1
4802,30,nipgdhac-1
4803,30,odokmacd-1
4804,30,lpkjplke-1
4805,30,hhidkjmh-1
4806,30,jmeldogi-1
4807,30,mbhjefed-1
4808,30,gckgmlad-1
4809,30,ilbjdiej-1
4810,30,ipjholjm-1
4811,30,jbcbljok-1
4812,30,mpneddlg-1
4813,30,nagefhgc-1
4814,30,mamndnbn-1
4815,30,namebbad-1
4816,30,jlphlbmm-1
4817,30,jabcdbkj-1
4818,30,gcaikhhh-1
4819,30,akhjjcbj-1
4820,30,odphlnha-1
4821,30,jbeoebdo-1
4822,30,nijlcocc-1
4823,30,njefckfn-1
4824,30,lpkfdhfn-1
4825,30,nahnkhon-1
4826,30,ijpjgdai-1
4827,30,mnmjeioc-1
4828,30,iflfamfn-1
4829,30,mnlmdejk-1
4830,30,gccfnlba-1
4831,30,jbpbogpk-1
4832,30,nomdgofk-1
4833,30,ifbikoak-1
4834,30,mpmheiep-1
4835,30,fpodpfdp-1
4836,30,jddddjle-1
4837,30,fpdbpemg-1
4838,30,magpndei-1
4839,30,njbhfmal-1
4840,30,akkcaeoa-1
4841,30,alcpopia-1
4842,30,jccabcfi-1
4843,30,akoehfki-1
4844,30,mondimkm-1
4845,30,njdcbmpf-1
4846,30,naiddhen-1
4847,30,nannjjgb-1
4848,30,ifhagiom-1
4849,30,ipipjpgg-1
4850,30,nnfgdbig-1
4851,30,ojacdaje-1
4852,30,gcaknink-1
4853,30,ipfpnejj-1
4854,30,moamdgan-1
4855,30,jlphoppi-1
4856,30,lpgjfheg-1
4857,30,mokpdiic-1
4858,30,mpmdeeid-1
4859,30,nanegepd-1
4860,30,jbodnjno-1
4861,30,ifcoifkh-1
4862,30,gcedgmkf-1
4863,30,ipgfjoeg-1
4864,30,njfkobei-1
4865,30,mnpjjieh-1
4866,30,jmpmighn-1
4867,30,lpfjfgan-1
4868,30,alljeokm-1
4869,30,mafklfah-1
4870,30,niogcgjf-1
4871,30,jbdahpee-1
4872,30,fpccepng-1
4873,30,jbocgmli-1
4874,30,jehjepjm-1
4875,30,akhinpob-1
4876,30,jbbhbpgd-1
4877,30,jbgefaop-1
4878,30,gcohfplj-1
4879,30,njeihegj-1
4880,30,njffneic-1
4881,30,majbkdgb-1
4882,30,njfffaai-1
4883,30,ipigpahj-1
4884,30,fpnedgok-1
4885,30,nndogcgm-1
4886,30,lpknkmjf-1
4887,30,jmbbjkjf-1
4888,30,jdbngfof-1
4889,30,jccbbehe-1
4890,30,jbcfbamo-1
4891,30,jbeanbhm-1
4892,30,nildaibc-1
4893,30,ohjkkhll-1
4894,30,lphfccgk-1
4895,30,ohkadofe-1
4896,30,gcenfhhl-1
4897,30,naipdcen-1
4898,30,molgdkef-1
4899,30,jdcadgdc-1
4900,30,ippmfhnd-1
4901,30,mnpmhdga-1
4902,30,jlekeiek-1
4903,30,fpecoejf-1
4904,30,jbjdbdcd-1
4905,30,jaabjnbl-1
4906,30,nancahef-1
4907,30,gclkhgem-1
4908,30,nahaaecd-1
4909,30,nijelald-1
4910,30,angjkhmj-1
4911,30,njkmmnhb-1
4912,30,lphnjbgi-1
4913,30,jldgndip-1
4914,30,niokaceb-1
4915,30,moninhkj-1
4916,30,nojnncmg-1
4917,30,ifhchabc-1
4918,30,momikiad-1
4919,30,makmjmoe-1
4920,30,jajnemnh-1
4921,30,lpmkiffp-1
4922,30,mnmggepg-1
4923,30,jbeohgek-1
4924,30,njhljpji-1
4925,30,jmcmafhf-1
4926,30,mpkbhdnc-1
4927,30,ojfdpcmp-1
4928,30,jbelkgai-1
4929,30,mnknldib-1
4930,30,mplaennj-1
4931,30,ifihmegc-1
4932,30,fpnneedi-1
4933,30,mahbpfmm-1
4934,30,aneenfge-1
4935,30,jabjfmno-1
4936,30,monpkkgh-1
4937,30,fpbpkecj-1
4938,30,ifdkefih-1
4939,30,nomeedog-1
4940,30,ipnjeife-1
4941,30,jbcbgfai-1
4942,30,lpijngnk-1
4943,30,odoagmpf-1
4944,30,mpkhcmhb-1
4945,30,gaacjfgl-1
4946,30,aohjgbco-1
4947,30,mpcjcnbe-1
4948,30,njhmohid-1
4949,30,njkhooeo-1
4950,30,lpejklma-1
4951,30,mammemom-1
4952,30,jbpdcikk-1
4953,30,mpjnfkle-1
4954,30,gckiolnh-1
4955,30,fpdfmhob-1
4956,30,ojfdladc-1
4957,30,makhbglf-1
4958,30,jmbgfpbb-1
4959,30,apcmhogm-1
4960,30,allclmoi-1
4961,30,nohpkbpi-1
4962,30,jlepojkj-1
4963,30,ipeoeamh-1
4964,30,obbpdalp-1
4965,30,jbfkbeci-1
4966,30,odogmkbg-1
4967,30,nngcndfe-1
4968,30,njfgbonh-1
4969,30,lpmkekci-1
4970,30,namdidgf-1
4971,30,jbejnnii-1
4972,30,jcffphhl-1
4973,30,mpnkandj-1
4974,30,jbfiflfa-1
4975,30,najanhai-1
4976,30,nomealkf-1
4977,30,ifbihijc-1
4978,30,magflnkh-1
4979,30,moaanbik-1
4980,30,aldagjla-1
4981,30,allfmnaj-1
4982,30,njjdoigf-1
4983,30,mnlldeec-1
4984,30,nnjjmdml-1
4985,30,njjdbdko-1
4986,30,oebnohpc-1
4987,30,jbcagoli-1
4988,30,gcelcmih-1
4989,30,monmmemf-1
4990,30,ilbfjdbk-1
4991,30,jldlkbon-1
4992,30,mbfgaodo-1
4993,30,ipjdfjcd-1
4994,30,mnkfhfjg-1
4995,30,mamoabpf-1
4996,30,jmdalkgd-1
4997,30,fpcmjmam-1
4998,30,ipoblihd-1
4999,30,jldbemgg-1
5000,30,mpkfpcec-1
5001,30,lpkieffl-1
5002,30,mpnafodm-1
5003,30,mnlbknll-1
5004,30,jbpgkokb-1
5005,30,mpippnfh-1
5006,30,jccfinbg-1
5007,30,jddhkhlm-1
5008,30,gcejbaom-1
5009,30,ipiikihb-1
5010,30,jlclkooi-1
5011,30,fopjkoaj-1
5012,30,oecdaelf-1
5013,30,njlmneem-1
5014,30,njgcfpmp-1
5015,30,mpgfiggj-1
5016,30,ilbjofah-1
5017,30,jaaoofko-1
5018,30,njcamkho-1
5019,30,ninpehdc-1
5020,30,lplaaame-1
5021,30,lphaffeh-1
5022,30,ifbkmcne-1
5023,30,aohafdoi-1
5024,30,jdcedgik-1
5025,30,ajhheagn-1
5026,30,akinbeig-1
5027,30,ifcbmfcf-1
5028,30,jbomhacc-1
5029,30,njdoedid-1
5030,30,mommbaof-1
5031,30,akhicoep-1
5032,30,jmblllem-1
5033,30,fpknaiha-1
5034,30,jmfecned-1
5035,30,lpfhbmbo-1
5036,30,ipplcpdb-1
5037,30,aneeggoj-1
5038,30,mnmamkme-1
5039,30,jaadllmp-1
5040,30,njifmkce-1
5041,30,alfkkdle-1
5042,30,ipgpjkom-1
5043,30,ipenbbeg-1
5044,30,moljnbkl-1
5045,30,jlelcfhk-1
5046,30,ifbnjein-1
5047,30,moabcbga-1
5048,30,nijflhgd-1
5049,30,jlphedhe-1
5050,30,jmajkclj-1
5051,30,jdcicihe-1
5052,30,odlioban-1
5053,30,njaihinm-1
5054,30,aoionihk-1
5055,30,mpdlokbo-1
5056,30,mpkkcdeb-1
5057,30,njkcmljb-1
5058,30,gbphhekh-1
5059,30,ilbjdgjc-1
5060,30,lpmcckjl-1
5061,30,mpkhfcch-1
5062,30,jehlmjeb-1
5063,30,ipodiipc-1
5064,30,akfecaep-1
5065,30,jlppdjea-1
5066,30,molamaaa-1
5067,30,ipfcacff-1
5068,30,aponpkhf-1
5069,30,amlmpcfk-1
5070,30,nilfbhkf-1
5071,30,allahnfb-1
5072,30,mpjjnfeh-1
5073,30,mnmigogi-1
5074,30,ilbklhbf-1
5075,30,nahmangm-1
5076,30,jbdpfcmj-1
5077,30,nndlhhpj-1
5078,30,ifclimdo-1
5079,30,oipbhice-1
5080,30,ifgldhii-1
5081,30,jlfcckem-1
5082,30,jbgoclol-1
5083,30,njiianie-1
5084,30,moninhkg-1
5085,30,lpipfgde-1
5086,30,nnepnfjo-1
5087,30,jbgbadoe-1
5088,30,mpgjnpid-1
5089,30,mafmgcag-1
5090,30,ifijjhjf-1
5091,30,jddahbam-1
5092,30,mpoeapjc-1
5093,30,ifbokana-1
5094,30,mnnhkgko-1
5095,30,najpaagh-1
5096,30,nnhbggpm-1
5097,30,alflknmb-1
5098,30,fpodfhmj-1
5099,30,magggcmn-1
5100,30,mpnhggcc-1
5101,30,odngdamf-1
5102,30,njglkpil-1
5103,30,fpmmgecm-1
5104,30,jcfcpjlp-1
5105,30,ijgdllci-1
5106,30,jmbmebib-1
5107,30,jboniijm-1
5108,30,moliomlb-1
5109,30,mocajbjf-1
5110,30,ijgdjmmb-1
5111,30,lpnoaili-1
5112,30,nnfagelj-1
5113,30,alfmjlfe-1
5114,30,njkcpbbk-1
5115,30,mcbbpaco-1
5116,30,njdnoabp-1
5117,30,ilaffmhm-1
5118,30,jacddbme-1
5119,30,nafnoade-1
5120,30,nnenlklj-1
5121,30,mpgfpmcn-1
5122,30,obedjjbd-1
5123,30,jajgceio-1
5124,30,jlpcfbni-1
5125,30,njkljgdi-1
5126,30,jbegglhh-1
5127,30,nojalfam-1
5128,30,ipocmbnc-1
5129,30,njihhonj-1
5130,30,nijpmeed-1
5131,30,mpodhkfk-1
5132,30,fpcelgdo-1
5133,30,aoglfili-1
5134,30,gacckaen-1
5135,30,jbndhboa-1
5136,30,mpldgjlo-1
5137,30,aohigkbc-1
5138,30,jbomebna-1
5139,30,lpmlhonk-1
5140,30,fpcpbpld-1
5141,30,apdmcpfe-1
5142,30,ifihkjog-1
5143,30,gcebhogp-1
5144,30,nalnaieg-1
5145,30,fpmdodia-1
5146,30,njgldgdm-1
5147,30,maheilca-1
5148,30,jbjbfljm-1
5149,30,fplnnjga-1
5150,30,nndnkfmp-1
5151,30,jmamjhpe-1
5152,30,mnkcdgch-1
5153,30,iphpgicp-1
5154,30,njfeoepe-1
5155,30,mpaahknd-1
5156,30,alepolbh-1
5157,30,njdaodjo-1
5158,30,ohjfkdmm-1
5159,30,ahdcjakb-1
5160,30,allhipng-1
5161,30,lpfjacba-1
5162,30,njbaihgd-1
5163,30,lpelpbpe-1
5164,30,ipgkghla-1
5165,30,mpdkbilo-1
5166,30,jddcfhlb-1
5167,30,mpemfbma-1
5168,30,jbibmcfh-1
5169,30,obehelhe-1
5170,30,jmcmpmoo-1
5171,30,jaafhhck-1
5172,30,nacmlpem-1
5173,30,mnkfmcmj-1
5174,30,fpoplkba-1
5175,30,lpghlfah-1
5176,30,jmcmjgkd-1
5177,30,lpfiilec-1
5178,30,akhiebmm-1
5179,30,fpmlmkjb-1
5180,30,ifghmlad-1
5181,30,gcecfljf-1
5182,30,mbimnnmd-1
5183,30,mbjjogkl-1
5184,30,ifiimdam-1
5185,30,akihhdfl-1
5186,30,mbiaidpg-1
5187,30,odijobng-1
5188,30,mpmblglh-1
5189,30,gcfabgaf-1
5190,30,jceldgij-1
5191,30,lpnbkopi-1
5192,30,njgbeooj-1
5193,30,ojgendla-1
5194,30,jbpijkfg-1
5195,30,monlhhbb-1
5196,30,jmcpbgdd-1
5197,30,jbfgibjh-1
5198,30,ninpcjoo-1
5199,30,jcfeaenk-1
5200,30,fpmdipnc-1
5201,30,mnomoado-1
5202,30,fpdomdgk-1
5203,30,gckhobpm-1
5204,30,akjdggck-1
5205,30,ahchdonh-1
5206,30,mbidikhj-1
5207,30,mpnbimlp-1
5208,30,ijhdjcif-1
5209,30,alldpfka-1
5210,30,ojfddpam-1
5211,30,mcbhlfml-1
5212,30,gaalkhcl-1
5213,30,jlconhap-1
5214,30,ohkidpel-1
5215,30,gcokeddb-1
5216,30,naicokid-1
5217,30,apdbjdcf-1
5218,30,fpmphdlo-1
5219,30,nojalanh-1
5220,30,gcffjann-1
5221,30,alcinndo-1
5222,30,bcfjebec-1
5223,30,ojhbhcjn-1
5224,30,akfebigf-1
5225,30,mbeeodck-1
5226,30,namkkpfo-1
5227,30,jdbcnjel-1
5228,30,ojaahnal-1
5229,30,njepbjlg-1
5230,30,amkijpbc-1
5231,30,nnebapcd-1
5232,30,aogkmjeb-1
5233,30,mbfkbacm-1
5234,30,ippomeoj-1
5235,30,ippnaaed-1
5236,30,lpmjohhi-1
5237,30,ifiafgcf-1
5238,30,moogkaob-1
5239,30,lpnnjlgb-1
5240,30,niplmlng-1
5241,30,jbhepggk-1
5242,30,jmbfljno-1
5243,30,ifgkhghe-1
5244,30,odlieggd-1
5245,30,jlkhneje-1
5246,30,jaapjpah-1
5247,30,akhhoohe-1
5248,30,malaiobp-1
5249,30,mnjllfoo-1
5250,30,ijiifflk-1
5251,30,mamfmjdl-1
5252,30,ijhkppgh-1
5253,30,ijgjigpa-1
5254,30,naijnhpn-1
5255,30,mnkccdon-1
5256,30,ipfmjnfp-1
5257,30,njihcech-1
5258,30,namleido-1
5259,30,mcbbjmed-1
5260,30,gcojeoif-1
5261,30,fpajaaak-1
5262,30,jmcgbjeg-1
5263,30,anggohgf-1
5264,30,jbkjfeac-1
5265,30,njapompa-1
5266,30,bcgpakjf-1
5267,30,ahaelgjk-1
5268,30,iphemalg-1
5269,30,ifcemnkm-1
5270,30,jbggbdjl-1
5271,30,mobfmboh-1
5272,30,mannpbhn-1
5273,30,mpckibcd-1
5274,30,ohjofgdn-1
5275,30,ojfilmlf-1
5276,30,jbfacpaj-1
5277,30,aoglfocm-1
5278,30,jbflkdkk-1
5279,30,njgckdfi-1
5280,30,fpbojnlf-1
5281,30,gacegpph-1
5282,30,oagdeghf-1
5283,30,gbphbibf-1
5284,30,gcfbhmjl-1
5285,30,lpnboinp-1
5286,30,gabakbbc-1
5287,30,lpgmhbkc-1
5288,30,nijjccgk-1
5289,30,naloogch-1
5290,30,oeangopl-1
5291,30,ipmhoojf-1
5292,30,njfnklkj-1
5293,30,noigkocj-1
5294,30,jcedhfpn-1
5295,30,fpooaoio-1
5296,30,lpipcmfi-1
5297,30,monlplcb-1
5298,30,jcaopgda-1
5299,30,obbmekii-1
5300,30,njkfadib-1
5301,30,mpjmmcbk-1
5302,30,ifbjbnhe-1
5303,30,gcagbcng-1
5304,30,molkbdld-1
5305,30,odnhaikf-1
5306,30,nimmhmab-1
5307,30,lpnendel-1
5308,30,njbofffe-1
5309,30,gcgjpiid-1
5310,30,ifgkcjjg-1
5311,30,alkpdjle-1
5312,30,mpgkmfpc-1
5313,30,mpkfkekp-1
5314,30,ajhmabmi-1
5315,30,jdeekhle-1
5316,30,mpoelikp-1
5317,30,mnkbphnl-1
5318,30,ahddhkfn-1
5319,30,njbefack-1
5320,30,nngebnfh-1
5321,30,gaakjplj-1
5322,30,nnfkcjah-1
5323,30,fpokagod-1
5324,30,ifghdnno-1
5325,30,njdmnboi-1
5326,30,akhjfolc-1
5327,30,lpgcgjma-1
5328,30,fpedccgl-1
5329,30,akohlhgi-1
5330,30,nikgbcgo-1
5331,30,alfdbdpn-1
5332,30,gcalokih-1
5333,30,jcdjngkp-1
5334,30,njgckadp-1
5335,30,nnjlbege-1
5336,30,ajhdhjaa-1
5337,30,jabogdem-1
5338,30,mahjafap-1
5339,30,gccndlcp-1
5340,30,mnkaapbf-1
5341,30,mpmgfaja-1
5342,30,mnlabimc-1
5343,30,amkanjoe-1
5344,30,jmfdpjci-1
5345,30,fppgiccg-1
5346,30,jboohpfa-1
5347,30,jlongpmm-1
5348,30,foppfihf-1
5349,30,jbiomppa-1
5350,30,makpdbci-1
5351,30,mombmjfl-1
5352,30,allelong-1
5353,30,ifgjlagm-1
5354,30,mplffeak-1
5355,30,jlnieibf-1
5356,30,ifdnpjgf-1
5357,30,akifgoca-1
5358,30,hhkafagi-1
5359,30,fhkmgleh-1
5360,30,ipiefiee-1
5361,30,ipiopioh-1
5362,30,nnldgaig-1
5363,30,mnpgaoja-1
5364,30,jlonklbm-1
5365,30,ifdbmjjm-1
5366,30,ipfdcioi-1
5367,30,jdailpog-1
5368,30,ifigimcp-1
5369,30,jcdmhpmg-1
5370,30,njfdnioc-1
5371,30,fppjppgi-1
5372,30,lplcombe-1
5373,30,nngoaolp-1
5374,30,nnepmmik-1
5375,30,appagbfe-1
5376,30,momdmllk-1
5377,30,jldoppde-1
5378,30,ipkdjpcg-1
5379,30,maflffgm-1
5380,30,oiphincd-1
5381,30,njglbkbh-1
5382,30,magigecn-1
5383,30,odofmjgi-1
5384,30,jhjheiee-1
5385,30,jldocnif-1
5386,30,majmmkob-1
5387,30,naikphff-1
5388,30,oipoonid-1
5389,30,oeanieem-1
5390,30,jmfblhjj-1
5391,30,fpmhokci-1
5392,30,mnlbbpbp-1
5393,30,namhepnf-1
5394,30,momkdbac-1
5395,30,fpaidlep-1
5396,30,ahcnehoi-1
5397,30,apclanka-1
5398,30,lpkojegd-1
5399,30,nnghobjd-1
5400,30,nahmkpfa-1
5401,30,ilanjegl-1
5402,30,jbokhpbg-1
5403,30,akobeakd-1
5404,30,ipocineg-1
5405,30,mpkknkea-1
5406,30,gcfdnbjl-1
5407,30,jmegjbep-1
5408,30,mnkhkaaf-1
5409,30,gcegnedj-1
5410,30,lpngmbee-1
5411,30,mnlgjolk-1
5412,30,gcbboopn-1
5413,30,mahmoeio-1
5414,30,alfccofn-1
5415,30,jdcbojjp-1
5416,30,ipelaolo-1
5417,30,nnglceom-1
5418,30,jaccheli-1
5419,30,noieaodf-1
5420,30,oipcgndf-1
5421,30,njaikkna-1
5422,30,magkenhi-1
5423,30,mnmldjep-1
5424,30,jmbkfgle-1
5425,30,gckhgfan-1
5426,30,jmeaniab-1
5427,30,jccelnfk-1
5428,30,anelkhla-1
5429,30,ifcplemo-1
5430,30,jmbpehbc-1
5431,30,nimhaghh-1
5432,30,jbhjfobo-1
5433,30,mnogjjco-1
5434,30,akifihib-1
5435,30,anefgbgf-1
5436,30,allikoig-1
5437,30,mnoniena-1
5438,30,jmckfbop-1
5439,30,ojaonmhm-1
5440,30,lpipagmo-1
5441,30,mbgnfbca-1
5442,30,gacbmhai-1
5443,30,akiiejkp-1
5444,30,obccfjgi-1
5445,30,ohkaeogb-1
5446,30,mphpmbpi-1
5447,30,ohkfncnf-1
5448,30,ohjkoegp-1
5449,30,jbdccmmg-1
5450,30,njehmjkl-1
5451,30,mafommdl-1
5452,30,ippaddci-1
5453,30,jbnanbad-1
5454,30,ifdgbmdd-1
5455,30,jehjhfbe-1
5456,30,ifhikgll-1
5457,30,ojfdcpni-1
5458,30,gckajdpc-1
5459,30,ohjdlckp-1
5460,30,malbohff-1
5461,30,ojbamggp-1
5462,30,jddklnjj-1
5463,30,jhjdlmfe-1
5464,30,mnnnlcdb-1
5465,30,jmfbfkjf-1
5466,30,bcjmffgb-1
5467,30,ifhedend-1
5468,30,alkkggjb-1
5469,30,niklkkbg-1
5470,30,jmcmfnif-1
5471,30,niplokkb-1
5472,30,mbeiaace-1
5473,30,fpbokehn-1
5474,30,mnklglni-1
5475,30,jmbabpic-1
5476,30,niopikbk-1
5477,30,apconmaj-1
5478,30,malkienb-1
5479,30,jmbmlhid-1
5480,30,njkccdlj-1
5481,30,mafnoagp-1
5482,30,ipphichh-1
5483,30,momkfdgh-1
5484,30,jbnpjcaf-1
5485,30,iphlccee-1
5486,30,mplpeojb-1
5487,30,ijgbjkbb-1
5488,30,ahcmkeal-1
5489,30,jmcmhfmn-1
5490,30,njamaamm-1
5491,30,nnfhhdgf-1
5492,30,alcalmnk-1
5493,30,nanoninb-1
5494,30,mahhngme-1
5495,30,najiajln-1
5496,30,gckjhpkl-1
5497,30,ippaoadn-1
5498,30,moknoncf-1
5499,30,mobjpago-1
5500,30,odlepbea-1
5501,30,jmbfoiap-1
5502,30,jldimkec-1
5503,30,mplamfbg-1
5504,30,lpiinekl-1
5505,30,jljokoip-1
5506,30,odigempb-1
5507,30,ijiidicf-1
5508,30,jmboplbd-1
5509,30,mpdlhadh-1
5510,30,odoacfpl-1
5511,30,njahdace-1
5512,30,nakchfbf-1
5513,30,jmfacopg-1
5514,30,nndkpjnc-1
5515,30,njbdeeop-1
5516,30,nikpmdba-1
5517,30,jaaikbim-1
5518,30,ilajeeia-1
5519,30,jldfiido-1
5520,30,njfgbdan-1
5521,30,jbgfnehg-1
5522,30,alchfgpi-1
5523,30,jbjdkbee-1
5524,30,njlglpcm-1
5525,30,nipcjmmj-1
5526,30,ipompaoj-1
5527,30,jbgajpac-1
5528,30,lpejggng-1
5529,30,mbimdfij-1
5530,30,ipopklon-1
5531,30,alfaccfg-1
5532,30,lpkephio-1
5533,30,mnmfjhep-1
5534,30,lpgobdog-1
5535,30,mamijkil-1
5536,30,jceidlha-1
5537,30,afjpldkp-1
5538,30,mpoejjgj-1
5539,30,fpdjiihn-1
5540,30,akinglnf-1
5541,30,nioikddb-1
5542,30,ilbdnppp-1
5543,30,ajhhiign-1
5544,30,majdgogg-1
5545,30,jcdcecfa-1
5546,30,lpgcljhd-1
5547,30,alkkcpmj-1
5548,30,lpkhkanc-1
5549,30,mpedodcm-1
5550,30,hhifinmg-1
5551,30,njfmheae-1
5552,30,odiilmnd-1
5553,30,gckdlhad-1
5554,30,nnfinphg-1
5555,30,fppfoand-1
5556,30,najagglb-1
5557,30,gcojonmk-1
5558,30,ipochaad-1
5559,30,ajhfpofh-1
5560,30,ipgoeinb-1
5561,30,gccjnbef-1
5562,30,jcehlpan-1
5563,30,jdchpgff-1
5564,30,odlhbmod-1
5565,30,jaaglmel-1
5566,30,jmagajni-1
5567,30,hhiefhbo-1
5568,30,jdcihgfp-1
5569,30,nahphnbl-1
5570,30,akjjihke-1
5571,30,njdbflba-1
5572,30,bcjmngdd-1
5573,30,nagpjglf-1
5574,30,iphakhlc-1
5575,30,lphhpgpk-1
5576,30,moaibhea-1
5577,30,ifgkglga-1
5578,30,jabghljh-1
5579,30,njdhnphj-1
5580,30,mnnkedme-1
5581,30,magnkhop-1
5582,30,gcemoonc-1
5583,30,mopjpbaf-1
5584,30,fpdndboh-1
5585,30,njlfhica-1
5586,30,ilahaeif-1
5587,30,gcfehilc-1
5588,30,mnphnclc-1
5589,30,jddmhlji-1
5590,30,nndkncek-1
5591,30,jbcgafon-1
5592,30,ipkacome-1
5593,30,mnlikddh-1
5594,30,jbbggkje-1
5595,30,jmpnpglo-1
5596,30,fpkmpblg-1
5597,30,ilahpibn-1
5598,30,jbhacigo-1
5599,30,mpkphbmm-1
5600,30,lpkggcng-1
5601,30,niolffej-1
5602,30,njfeeojk-1
5603,30,mpkbcaml-1
5604,30,nneockpn-1
5605,30,fppknmoj-1
5606,30,namnhhjb-1
5607,30,jbnkjafk-1
5608,30,jbghfhio-1
5609,30,fpnpgafp-1
5610,30,jacfbhnc-1
5611,30,njjngldp-1
5612,30,fpagcpem-1
5613,30,ipmkjolp-1
5614,30,mpcejjjd-1
5615,30,ifidlkjf-1
5616,30,ippckjnd-1
5617,30,obcbbdek-1
5618,30,noiofjmj-1
5619,30,ijhpgcke-1
5620,30,mpjjpjpp-1
5621,30,magbjlfb-1
5622,30,akjnpmpl-1
5623,30,ipfeaipl-1
5624,30,jlkihgjf-1
5625,30,obbkapib-1
5626,30,nipilcnh-1
5627,30,jcbmdhmd-1
5628,30,akjcjbjm-1
5629,30,fpnbjape-1
5630,30,ipgehkja-1
5631,30,alamgjcg-1
5632,30,jdbgngii-1
5633,30,najjfidb-1
5634,30,jbehfdjm-1
5635,30,lpenfeba-1
5636,30,jlpncbfa-1
5637,30,ipejkekh-1
5638,30,oagcohie-1
5639,30,moamffcl-1
5640,30,jdbidobm-1
5641,30,njcmbpph-1
5642,30,obecihnj-1
5643,30,njkcbbad-1
5644,30,jabhnknd-1
5645,30,monkldff-1
5646,30,monjncnh-1
5647,30,ijfidbad-1
5648,30,ippbhgeh-1
5649,30,ajnnnlnd-1
5650,30,jaajidjb-1
5651,30,jcegodgc-1
5652,30,fpdbppkc-1
5653,60,npfkobeh-1
5654,60,jlmhnebe-1
5655,60,mpjbkghb-1
5656,60,ijnaaiii-1
5657,60,jbplpnjc-1
5658,60,fpifcabm-1
5659,60,ilcodeba-1
5660,60,jmjmpgdd-1
5661,60,ijkchofl-1
5662,60,jlgbkibl-1
5663,60,fhpjcfpi-1
5664,60,jefiomdl-1
5665,60,ilcmbjgi-1
5666,60,afhgepka-1
5667,60,mokcbodp-1
5668,60,nhhdjnap-1
5669,60,fpinlpnn-1
5670,60,mpopipgj-1
5671,60,gciaacij-1
5672,60,angiliei-1
5673,60,gafkncil-1
5674,60,ilejbclm-1
5675,60,npdfcfjd-1
5676,60,moekkhea-1
5677,60,jjkhjofn-1
5678,60,jmebjplp-1
5679,60,jekflnhg-1
5680,60,ijekjmnc-1
5681,60,gdcpkkoo-1
5682,60,lonnjjnf-1
5683,60,modoaipg-1
5684,60,jpakkfjh-1
5685,60,lpjldkdc-1
5686,60,jnmenbhm-1
5687,60,ngejiacl-1
5688,60,ahenfkml-1
5689,60,jhmkenee-1
5690,60,ikhpmcmp-1
5691,60,jhmcmhjo-1
5692,60,npfgpemc-1
5693,60,joomhhpd-1
5694,60,bdblhlfh-1
5695,60,jhmakpek-1
5696,60,ijmbknib-1
5697,60,jhilhmnf-1
5698,60,ijobdgbk-1
5699,60,afmgcflj-1
5700,60,aocileae-1
5701,60,jkhoedbf-1
5702,60,ikbeikgg-1
5703,60,nnokeleb-1
5704,60,jooaldaa-1
5705,60,fhpideea-1
5706,60,nhikmeoc-1
5707,60,jjjblelk-1
5708,60,jkgkmnjb-1
5709,60,joognolk-1
5710,60,mbonljbc-1
5711,60,afleafem-1
5712,60,npcjppnd-1
5713,60,bgkbmemc-1
5714,60,ijdoofbk-1
5715,60,jjfekgkh-1
5716,60,jijjgbaj-1
5717,60,loickfff-1
5718,60,jjfplhdc-1
5719,60,jmimafjh-1
5720,60,nabmdgkk-1
5721,60,jeidlben-1
5722,60,jhiahbek-1
5723,60,lojlfapm-1
5724,60,jjpdcgca-1
5725,60,odkkniop-1
5726,60,ikblbplk-1
5727,60,mcbjhfnh-1
5728,60,lpjnnikj-1
5729,60,bgjjpnla-1
5730,60,mboebebc-1
5731,60,jjmmfald-1
5732,60,ijohcbeo-1
5733,60,bgolfaop-1
5734,60,jlklghoh-1
5735,60,fhkhefjo-1
5736,60,fhnagooh-1
5737,60,ijipjfpc-1
5738,60,afkiagja-1
5739,60,mpbhmahi-1
5740,60,jcbiagfb-1
5741,60,nnhndflf-1
5742,60,ildaiobe-1
5743,60,ijlhfhhp-1
5744,60,mohmnepa-1
5745,60,loghipnp-1
5746,60,aoclhdib-1
5747,60,lpcibgeg-1
5748,60,bgnfciic-1
5749,60,fopbdkii-1
5750,60,jnafmmfh-1
5751,60,lopemkca-1
5752,60,lpjfagjf-1
5753,60,bdbjcjlc-1
5754,60,odklhmho-1
5755,60,jmlgddje-1
5756,60,fpkimhhb-1
5757,60,jndonccm-1
5758,60,lojfenpk-1
5759,60,ifmlhimb-1
5760,60,afhmnjme-1
5761,60,nhjimdib-1
5762,60,gcpgbdef-1
5763,60,fhllenmm-1
5764,60,jempdjbm-1
5765,60,nnmjphci-1
5766,60,jejdhjbi-1
5767,60,akmkpfjp-1
5768,60,ifandgbo-1
5769,60,jhiieodh-1
5770,60,fojndddm-1
5771,60,jeglbjdb-1
5772,60,afjokado-1
5773,60,ifnadebi-1
5774,60,bgncddml-1
5775,60,fpjffbee-1
5776,60,ijmkcfem-1
5777,60,jjcmoifb-1
5778,60,nnjjngje-1
5779,60,gadfofjj-1
5780,60,mdeobgbc-1
5781,60,mccnmhjg-1
5782,60,jongdlka-1
5783,60,joihckgd-1
5784,60,nfgejjdc-1
5785,60,bcipjpil-1
5786,60,jmpboadi-1
5787,60,gcobhfpo-1
5788,60,bchemghf-1
5789,60,mdfhgkaj-1
5790,60,oipandon-1
5791,60,lpecghpg-1
5792,60,joncnbgj-1
5793,60,bgjppgnl-1
5794,60,jllhgjnh-1
5795,60,npcicnoj-1
5796,60,jjikconf-1
5797,60,angdadlp-1
5798,60,mbomgnbf-1
5799,60,bgoakaoe-1
5800,60,jelceneg-1
5801,60,ahamkjpk-1
5802,60,jhkngban-1
5803,60,bgminfdl-1
5804,60,jmiggjnj-1
5805,60,noljagck-1
5806,60,jhlcgija-1
5807,60,mpddpnkm-1
5808,60,jelghijm-1
5809,60,jjipfljj-1
5810,60,jekficcl-1
5811,60,jekoaffc-1
5812,60,bhbbloaf-1
5813,60,ajmcckam-1
5814,60,ajikgaik-1
5815,60,jnljpoga-1
5816,60,jlfocfci-1
5817,60,npflmplo-1
5818,60,aheegngm-1
5819,60,jnljhgff-1
5820,60,bgkbdpeo-1
5821,60,jondllpi-1
5822,60,ijehooei-1
5823,60,jhigfllo-1
5824,60,bhaajdlp-1
5825,60,lokimgnc-1
5826,60,lojhmapc-1
5827,60,joikbpfn-1
5828,60,mpdlphnd-1
5829,60,fhpmkihj-1
5830,60,moieehkf-1
5831,60,npamfabk-1
5832,60,jjpnchnf-1
5833,60,mpablneh-1
5834,60,jhkgjjef-1
5835,60,jmikfppg-1
5836,60,jkiokcpo-1
5837,60,mpnilfim-1
5838,60,jnakplko-1
5839,60,bdbipoai-1
5840,60,nofkmdne-1
5841,60,jnfcgpej-1
5842,60,fhmbaedk-1
5843,60,jhmpjlik-1
5844,60,aocihajk-1
5845,60,ahekgcbc-1
5846,60,jhmlhlpm-1
5847,60,gadelhfe-1
5848,60,jemfocig-1
5849,60,naahfieo-1
5850,60,fpgbfggm-1
5851,60,ilcnppil-1
5852,60,bbbljdfl-1
5853,60,gdbdjade-1
5854,60,jjhcadcn-1
5855,60,ijnaopci-1
5856,60,iffcdnlp-1
5857,60,jhlodhbk-1
5858,60,bcihldmn-1
5859,60,jjfcmjci-1
5860,60,jkaabfde-1
5861,60,jjhmhkbm-1
5862,60,jlfjmaad-1
5863,60,bhbeblek-1
5864,60,odiffcno-1
5865,60,gcogjcke-1
5866,60,loocbhgn-1
5867,60,lokdgpll-1
5868,60,nnoigblp-1
5869,60,bgngldno-1
5870,60,nnnocmjm-1
5871,60,jjhjmfok-1
5872,60,jemgfaeg-1
5873,60,jmknfgmn-1
5874,60,nnlpgmia-1
5875,60,nfiiomip-1
5876,60,jjfkiohk-1
5877,60,jhjjkblc-1
5878,60,mpdgaolp-1
5879,60,mnogejkh-1
5880,60,gcmjkfmp-1
5881,60,ijloodjl-1
5882,60,mohkgjki-1
5883,60,jjcjcggg-1
5884,60,jkhmmmcf-1
5885,60,jmkghgkj-1
5886,60,jiilfhbf-1
5887,60,bcieebki-1
5888,60,ijcabocm-1
5889,60,mpijchjg-1
5890,60,jbkibgge-1
5891,60,npehileb-1
5892,60,ifmnoipl-1
5893,60,nafckbgp-1
5894,60,npaonjje-1
5895,60,loiimjie-1
5896,60,lnkhhhbk-1
5897,60,jljbelpk-1
5898,60,nnmjiobc-1
5899,60,ahehjpil-1
5900,60,gcpeefbh-1
5901,60,gciffhkl-1
5902,60,afkifbif-1
5903,60,ildamjdn-1
5904,60,mceggafg-1
5905,60,odihelgg-1
5906,60,johpgbkk-1
5907,60,jiidpnem-1
5908,60,akkoaomm-1
5909,60,aoepdlch-1
5910,60,nfigpgkb-1
5911,60,mokelflj-1
5912,60,bgkbakff-1
5913,60,ifljfmfa-1
5914,60,ifiklnnk-1
5915,60,moifedmk-1
5916,60,gadfnlbd-1
5917,60,jkgioaoo-1
5918,60,joohejli-1
5919,60,ifflijmc-1
5920,60,nofgcmfa-1
5921,60,fpidoipo-1
5922,60,iflgmfdc-1
5923,60,jmghfnbk-1
5924,60,jeimdgpk-1
5925,60,bgmjcljk-1
5926,60,fhoigbmg-1
5927,60,jlknhend-1
5928,60,gcmfgaof-1
5929,60,nhhncggi-1
5930,60,ifkgdilb-1
5931,60,modmohjn-1
5932,60,ijmbeifc-1
5933,60,jldlojhd-1
5934,60,jkilhloa-1
5935,60,jjlkhgaj-1
5936,60,fpjpmpcd-1
5937,60,jjpkfmai-1
5938,60,ngeelanm-1
5939,60,bgpgmele-1
5940,60,jjgpddlb-1
5941,60,mbnbiiae-1
5942,60,nfhlekpn-1
5943,60,ohligkbn-1
5944,60,ifkidnfc-1
5945,60,ifndkaob-1
5946,60,jjkkfbgg-1
5947,60,jcmihdck-1
5948,60,mbnjgafd-1
5949,60,bhbbfodo-1
5950,60,ifklgdmm-1
5951,60,ifebompa-1
5952,60,nnkmjiko-1
5953,60,afhopdhe-1
5954,60,jkcmplch-1
5955,60,jekiphlo-1
5956,60,gchkifom-1
5957,60,ijemhpmh-1
5958,60,jmhlghnf-1
5959,60,aflfbjeg-1
5960,60,npdodphj-1
5961,60,mbmnlfhg-1
5962,60,ifgbbbjn-1
5963,60,npcjhebp-1
5964,60,iflcmabj-1
5965,60,jcakoifg-1
5966,60,nnnjapeo-1
5967,60,fpiblcnf-1
5968,60,jmkkaepc-1
5969,60,lopikpcn-1
5970,60,ijmkifnn-1
5971,60,bcpcppop-1
5972,60,gacoiggi-1
5973,60,aflkdbfa-1
5974,60,moeboiic-1
5975,60,mpfcmpni-1
5976,60,jiojhfgc-1
5977,60,ojgpigba-1
5978,60,mohjnpbg-1
5979,60,iffmcpjd-1
5980,60,ijmleefo-1
5981,60,bdhofkcj-1
5982,60,lpjjnomg-1
5983,60,nnkhldfa-1
5984,60,nokgpffp-1
5985,60,afjlhfdi-1
5986,60,apdaabal-1
5987,60,nnjacefg-1
5988,60,jmdpjpfb-1
5989,60,mokbcejd-1
5990,60,gaebgfgj-1
5991,60,ngedlgja-1
5992,60,nfiiapik-1
5993,60,jehahejo-1
5994,60,odpdfgfl-1
5995,60,iffmeeic-1
5996,60,jmhfncpo-1
5997,60,nnnfpjhl-1
5998,60,jlieaejl-1
5999,60,nfidbppm-1
6000,60,jeloodfl-1
6001,60,ikbhjncd-1
6002,60,mcefphbk-1
6003,60,ifamdfgo-1
6004,60,lojfpipa-1
6005,60,modcnhed-1
6006,60,noffidnh-1
6007,60,aflgfkmn-1
6008,60,fhmkphcj-1
6009,60,bbcihifc-1
6010,60,naknefge-1
6011,60,ijbnhfkg-1
6012,60,mpbnnjim-1
6013,60,mpanaobo-1
6014,60,jnalmhhj-1
6015,60,mpbnbjgd-1
6016,60,mopagbdn-1
6017,60,gcohdngn-1
6018,60,jmpinnhh-1
6019,60,looldmhk-1
6020,60,jmpaimga-1
6021,60,fghneecm-1
6022,60,jjinkhin-1
6023,60,bhalaagh-1
6024,60,ifdohepl-1
6025,60,aogdcjhh-1
6026,60,jkbffadg-1
6027,60,jlflpnoj-1
6028,60,jmhfmebh-1
6029,60,bgkakbde-1
6030,60,ojgjeefa-1
6031,60,ilcnachj-1
6032,60,ijpmooog-1
6033,60,jkbgfcgb-1
6034,60,jmhfaoea-1
6035,60,jjjddddm-1
6036,60,jhmnheoi-1
6037,60,apcljaoh-1
6038,60,moifeelf-1
6039,60,afjnbcif-1
6040,60,lpbcbble-1
6041,60,fpgakflh-1
6042,60,joidijln-1
6043,60,jkhoeinl-1
6044,60,jnefmeie-1
6045,60,fhffdbge-1
6046,60,gclblgcm-1
6047,60,amjokegd-1
6048,60,nhckakfp-1
6049,60,ifnhipol-1
6050,60,jmocefbk-1
6051,60,jjokpigg-1
6052,60,bdbllogn-1
6053,60,lpimdjfa-1
6054,60,loobodgi-1
6055,60,foileeon-1
6056,60,jhldmgei-1
6057,60,afliihko-1
6058,60,afjcfpfd-1
6059,60,jlljhljl-1
6060,60,fpbhgpkc-1
6061,60,mnmpmjdn-1
6062,60,fpkhellb-1
6063,60,jkacdkhc-1
6064,60,bhbgpbda-1
6065,60,jnfllpll-1
6066,60,mpilemib-1
6067,60,lnllpkpg-1
6068,60,npedfbdo-1
6069,60,jmhmilfb-1
6070,60,jndlnbcj-1
6071,60,lpdengeh-1
6072,60,ahelhdje-1
6073,60,mofebnpp-1
6074,60,jeheknle-1
6075,60,fpegkkll-1
6076,60,jenaleio-1
6077,60,ifefiikn-1
6078,60,npcdmpoe-1
6079,60,gcnngkng-1
6080,60,jjpklncl-1
6081,60,naalpfin-1
6082,60,jefecaaj-1
6083,60,loghkmef-1
6084,60,gclpdbfb-1
6085,60,fphkbhfa-1
6086,60,ifipokoi-1
6087,60,lpdchekc-1
6088,60,nhcppkil-1
6089,60,nnicaeol-1
6090,60,mdfhhjoj-1
6091,60,alnimomc-1
6092,60,nabfcbld-1
6093,60,bglhaimm-1
6094,60,akmpnebd-1
6095,60,afkjbigo-1
6096,60,jkijanec-1
6097,60,jcmhciee-1
6098,60,lokmnoae-1
6099,60,jlmclkba-1
6100,60,jlkncoac-1
6101,60,jehjinko-1
6102,60,gcielalj-1
6103,60,fpgofdjh-1
6104,60,ileeiajn-1
6105,60,aoameabc-1
6106,60,oipkaiag-1
6107,60,ikhlnfkh-1
6108,60,jlnknmhe-1
6109,60,ijmddbbd-1
6110,60,npbngmlp-1
6111,60,jkhdnonb-1
6112,60,bgkjpccc-1
6113,60,mccgnoge-1
6114,60,mpojcmip-1
6115,60,gadkpbcc-1
6116,60,jmdmjilh-1
6117,60,ileidaoc-1
6118,60,mcbhjiga-1
6119,60,fpijnbkc-1
6120,60,npeingci-1
6121,60,afmgohbf-1
6122,60,jjmcjjfm-1
6123,60,lnlalfnn-1
6124,60,fhohhnij-1
6125,60,mbmignel-1
6126,60,jkbhbpco-1
6127,60,bgpgcffh-1
6128,60,jnelaclm-1
6129,60,lojpnbcg-1
6130,60,gcnkfjie-1
6131,60,ildpoopg-1
6132,60,fhheioog-1
6133,60,bgohikpk-1
6134,60,gcjgbbgf-1
6135,60,lpdlnklm-1
6136,60,mpaiglim-1
6137,60,jjknobla-1
6138,60,jeljcona-1
6139,60,gcnlkklp-1
6140,60,bgnemaca-1
6141,60,fpjpnkmo-1
6142,60,mcecbedg-1
6143,60,oipjhiha-1
6144,60,mojkkjle-1
6145,60,mbmgamcn-1
6146,60,ifilaiel-1
6147,60,mdefckfi-1
6148,60,fpilkbcf-1
6149,60,amjonfch-1
6150,60,fhpnjlbg-1
6151,60,lpljomee-1
6152,60,oaghddnh-1
6153,60,jnkionkh-1
6154,60,bgjfcibo-1
6155,60,gadohdlm-1
6156,60,ikiaocnl-1
6157,60,fhneklfc-1
6158,60,mpijbjln-1
6159,60,mbnombbb-1
6160,60,jjfledhh-1
6161,60,jkaijbjf-1
6162,60,lopmolfc-1
6163,60,loiafdjg-1
6164,60,loinbfbb-1
6165,60,lnlkbjfh-1
6166,60,mppdfhbg-1
6167,60,jllmjojj-1
6168,60,logcdedg-1
6169,60,jnkhcoha-1
6170,60,jhlpgkbc-1
6171,60,lopkhmnb-1
6172,60,fpkkdkge-1
6173,60,gaembdcp-1
6174,60,nofjmegb-1
6175,60,npaoecjf-1
6176,60,ifmlofdb-1
6177,60,jeikcpoh-1
6178,60,jhjniffg-1
6179,60,ijoakjic-1
6180,60,jhioiaap-1
6181,60,jjpjfiki-1
6182,60,mphkcbif-1
6183,60,akkfhadn-1
6184,60,gcphanbb-1
6185,60,nnmofcek-1
6186,60,naennjng-1
6187,60,nadcaeej-1
6188,60,ijjmgeid-1
6189,60,joloaook-1
6190,60,jkgnjpnp-1
6191,60,bhapcckh-1
6192,60,jbdddmop-1
6193,60,jempnfik-1
6194,60,jjhppbpi-1
6195,60,nojknfbh-1
6196,60,mbmoimod-1
6197,60,bgpkjmke-1
6198,60,nohkijne-1
6199,60,jmnhdglh-1
6200,60,jlobfndg-1
6201,60,lnljilmm-1
6202,60,jjialank-1
6203,60,fpcgldec-1
6204,60,mopphlla-1
6205,60,odimbaln-1
6206,60,jjiiejci-1
6207,60,jjgmdcgo-1
6208,60,nnkfkhpd-1
6209,60,jijhmiof-1
6210,60,jehgngem-1
6211,60,aheamnoe-1
6212,60,gaagflda-1
6213,60,ijffdged-1
6214,60,mpagfgcn-1
6215,60,bgjhcipp-1
6216,60,bgjoifec-1
6217,60,nnkbgnbo-1
6218,60,akmkmedl-1
6219,60,afjmefdi-1
6220,60,gcmpljpl-1
6221,60,ijpfijop-1
6222,60,fhmnejfd-1
6223,60,jmhgmdcp-1
6224,60,gcmkojjb-1
6225,60,angjmiei-1
6226,60,afkdjbdo-1
6227,60,bccdjfng-1
6228,60,mppplpcn-1
6229,60,bhbobkog-1
6230,60,jeicmcgm-1
6231,60,ifkjccij-1
6232,60,bgjejngi-1
6233,60,mnokhohp-1
6234,60,bgobhlah-1
6235,60,odknnjgl-1
6236,60,jcagehbf-1
6237,60,jegckbmh-1
6238,60,algkbngp-1
6239,60,jjcljlfb-1
6240,60,jlfohmom-1
6241,60,jljelfob-1
6242,60,moianblj-1
6243,60,ilddgglh-1
6244,60,jmpchjng-1
6245,60,nnohpiii-1
6246,60,akmdgbnf-1
6247,60,nohjeijd-1
6248,60,apcaemlh-1
6249,60,akmgnoam-1
6250,60,odiflijf-1
6251,60,lpdbaoeb-1
6252,60,ohibcdcg-1
6253,60,loocepnb-1
6254,60,ijnenmpn-1
6255,60,jijmecbb-1
6256,60,afkhbfja-1
6257,60,mceljgeg-1
6258,60,ikbikdna-1
6259,60,jhigmgpa-1
6260,60,johlnmpg-1
6261,60,ilefcala-1
6262,60,aockpoek-1
6263,60,ijfgpepe-1
6264,60,npckheom-1
6265,60,jjoocndj-1
6266,60,mpadcfok-1
6267,60,fpfphfgo-1
6268,60,jcabcfmg-1
6269,60,lpenkomp-1
6270,60,mpfcidlg-1
6271,60,jhmomkfk-1
6272,60,nnlbfima-1
6273,60,ijkoimdk-1
6274,60,afjgcgpe-1
6275,60,jmmkcacm-1
6276,60,jojjnneg-1
6277,60,jelpkmfo-1
6278,60,ijofjpme-1
6279,60,fpehmgfp-1
6280,60,fheodgji-1
6281,60,nnnopfaf-1
6282,60,gcppbano-1
6283,60,ifkdmakf-1
6284,60,lolkdnon-1
6285,60,jkgcbjgg-1
6286,60,ilaifdne-1
6287,60,mpopkpma-1
6288,60,ijdolfcd-1
6289,60,nabhnhkn-1
6290,60,npcoppco-1
6291,60,jjochmbl-1
6292,60,gaelmgbc-1
6293,60,lokiefoo-1
6294,60,moiflgpe-1
6295,60,mocgfiea-1
6296,60,iffgilha-1
6297,60,npcafpnc-1
6298,60,jcgoalje-1
6299,60,oaghndcc-1
6300,60,ijfdkjic-1
6301,60,fhndekdg-1
6302,60,jjdcceln-1
6303,60,jelceikg-1
6304,60,mcdmaohf-1
6305,60,lonlfofn-1
6306,60,ngfjofol-1
6307,60,jegpfofg-1
6308,60,nnoedefk-1
6309,60,lpdacbbm-1
6310,60,ijdafdmg-1
6311,60,gcpfkoed-1
6312,60,nnlknhke-1
6313,60,bgpcmoej-1
6314,60,jjijbjcm-1
6315,60,loikiljk-1
6316,60,mpidagdp-1
6317,60,jhofgnlm-1
6318,60,gcmejfhi-1
6319,60,bgkhnffh-1
6320,60,jlnbppoh-1
6321,60,gaddfipf-1
6322,60,bgmoglfn-1
6323,60,ijmfiejo-1
6324,60,ijekbpke-1
6325,60,nabnjkpd-1
6326,60,nakfpane-1
6327,60,jmnaiing-1
6328,60,jkihbbii-1
6329,60,ahdfonid-1
6330,60,jejlhfae-1
6331,60,monkaokp-1
6332,60,jhmkdekn-1
6333,60,loliijgn-1
6334,60,jbanngbj-1
6335,60,mbnlbjkl-1
6336,60,ilagcepe-1
6337,60,jnkfafnb-1
6338,60,moeaonhd-1
6339,60,jmjeankp-1
6340,60,ikbcmkpg-1
6341,60,jmjnoiig-1
6342,60,jnkffdao-1
6343,60,ijlopapc-1
6344,60,jnffgccm-1
6345,60,jlifjnkg-1
6346,60,jhjnkmdc-1
6347,60,gchajgjb-1
6348,60,lpmaogaj-1
6349,60,ikikpkoh-1
6350,60,ilcfcahj-1
6351,60,jliijkea-1
6352,60,gaddkmah-1
6353,60,ojfccice-1
6354,60,ikhlmcgn-1
6355,60,ifannpbh-1
6356,60,jjiehndi-1
6357,60,jcaibkji-1
6358,60,afkfdedm-1
6359,60,oipniedk-1
6360,60,bccddnpc-1
6361,60,jkgmipie-1
6362,60,jjfodiak-1
6363,60,odiibbbg-1
6364,60,ohjaocai-1
6365,60,ifedlpkh-1
6366,60,lpjfgcko-1
6367,60,jmiglfim-1
6368,60,ikbmehoj-1
6369,60,mogpekmp-1
6370,60,fopdhgcn-1
6371,60,jpbioafp-1
6372,60,bcighjld-1
6373,60,jcbdifpk-1
6374,60,ifgamncl-1
6375,60,fhlkkeec-1
6376,60,lolpbmjj-1
6377,60,apcgimao-1
6378,60,oipljcfh-1
6379,60,iffnhifj-1
6380,60,jejimmje-1
6381,60,jnfknjmf-1
6382,60,nacdnldf-1
6383,60,iffpmmmh-1
6384,60,ahafgbog-1
6385,60,afkjbfeh-1
6386,60,jomhhpom-1
6387,60,fhhbeehc-1
6388,60,fpgopeae-1
6389,60,mcdmfmpl-1
6390,60,mpajhemf-1
6391,60,bchjpmaa-1
6392,60,mppdhlpf-1
6393,60,mbobpghf-1
6394,60,nhkhadjd-1
6395,60,jjdfpeoe-1
6396,60,mpippagh-1
6397,60,ijkjjfpe-1
6398,60,bhbcfhoi-1
6399,60,mdecagkd-1
6400,60,ifklghmb-1
6401,60,alkcmdab-1
6402,60,aofcdlik-1
6403,60,lojgkjmn-1
6404,60,naelhgoh-1
6405,60,jnfbjhnk-1
6406,60,jjdegncf-1
6407,60,jhlkmfjo-1
6408,60,obcdgcoh-1
6409,60,bgoimnfc-1
6410,60,foopokok-1
6411,60,nhdagkoc-1
6412,60,jjegaphc-1
6413,60,ajmeepfh-1
6414,60,obeihfie-1
6415,60,neodhbpl-1
6416,60,gaaddbdi-1
6417,60,afimechj-1
6418,60,akkjppgp-1
6419,60,mpaiokln-1
6420,60,jioemimp-1
6421,60,jnhkhlbm-1
6422,60,ijjhmgki-1
6423,60,nhiimgfm-1
6424,60,ilenmmog-1
6425,60,mcaaegok-1
6426,60,ijffmhof-1
6427,60,ahaclafp-1
6428,60,ifeieagd-1
6429,60,jmiihfjl-1
6430,60,jpahglfp-1
6431,60,gafmglkc-1
6432,60,npekgmie-1
6433,60,akmkiief-1
6434,60,lojbjkip-1
6435,60,fheomomd-1
6436,60,iffpname-1
6437,60,jekondhf-1
6438,60,jkgafnme-1
6439,60,nacghglk-1
6440,60,jjggakgc-1
6441,60,jkbdamoh-1
6442,60,lpfnjhhc-1
6443,60,nondlbjo-1
6444,60,ifkdacjn-1
6445,60,ikbclhko-1
6446,60,jnkjhooa-1
6447,60,ijnfiemf-1
6448,60,afmgallo-1
6449,60,jjpglopg-1
6450,60,gagahhne-1
6451,60,bcibidjk-1
6452,60,mpbdenbm-1
6453,60,odlleocn-1
6454,60,bgkadkep-1
6455,60,nnifdafg-1
6456,60,mdlcpeia-1
6457,60,jnhekbkh-1
6458,60,jkglphbj-1
6459,60,anekfgol-1
6460,60,jjhmijga-1
6461,60,nnobednj-1
6462,60,afmcafoj-1
6463,60,bgnnlend-1
6464,60,mnobodcm-1
6465,60,mojmikfo-1
6466,60,bgkaoilo-1
6467,60,gclejgob-1
6468,60,mokjccmi-1
6469,60,jhmombbd-1
6470,60,bgkjlnaj-1
6471,60,fhedhblf-1
6472,60,mnndggmj-1
6473,60,bgjknkpo-1
6474,60,afjjgjah-1
6475,60,ikbahcmd-1
6476,60,fhkaioja-1
6477,60,gafmkebg-1
6478,60,fibdeelp-1
6479,60,gcijgdjd-1
6480,60,jhmafmjm-1
6481,60,jmonjdbl-1
6482,60,ijpodoge-1
6483,60,fokfebok-1
6484,60,ijghfnof-1
6485,60,gcplgjbb-1
6486,60,jegenobm-1
6487,60,fibjcnfj-1
6488,60,ojgkgphh-1
6489,60,nojokefp-1
6490,60,jolldhlm-1
6491,60,iffammnb-1
6492,60,jomnnkbd-1
6493,60,loomjmak-1
6494,60,afjifogo-1
6495,60,fiabmkfd-1
6496,60,nackmpaa-1
6497,60,jjglhggl-1
6498,60,gcnkpadb-1
6499,60,ohipieko-1
6500,60,jkbpolim-1
6501,60,fibhaiki-1
6502,60,bgnooeoe-1
6503,60,naamnibo-1
6504,60,jmmcfama-1
6505,60,modphglb-1
6506,60,fpeeamfn-1
6507,60,fpfolemp-1
6508,60,fhmmekje-1
6509,60,gcnfipnn-1
6510,60,ikhpfokd-1
6511,60,jhikolah-1
6512,60,obekfhbb-1
6513,60,fpibjgoc-1
6514,60,afmblnof-1
6515,60,jkhpdfnf-1
6516,60,ijkafiic-1
6517,60,loockmim-1
6518,60,afjlcpah-1
6519,60,jmngnegh-1
6520,60,mogopobd-1
6521,60,jjenekgh-1
6522,60,fhmbbhda-1
6523,60,mbmmdagk-1
6524,60,ahdnanch-1
6525,60,ijcbehki-1
6526,60,ifekmpnf-1
6527,60,ijejlceg-1
6528,60,jljgfbdf-1
6529,60,jneiigcg-1
6530,60,fpipkalj-1
6531,60,jlliomnh-1
6532,60,nofaafmj-1
6533,60,jpalnhbg-1
6534,60,lolnipno-1
6535,60,nepelebp-1
6536,60,odiieomj-1
6537,60,nhjkobjl-1
6538,60,npclgehc-1
6539,60,bgnibgla-1
6540,60,ildgodaj-1
6541,60,ijboaald-1
6542,60,mpamgfed-1
6543,60,nafhbfnf-1
6544,60,gcnncham-1
6545,60,jhjmjcof-1
6546,60,mopjdbje-1
6547,60,jojjolgc-1
6548,60,obbjikfk-1
6549,60,mppfinhg-1
6550,60,jcgmmaol-1
6551,60,moeobnkl-1
6552,60,jcahomep-1
6553,60,npenjipi-1
6554,60,mpbnicoc-1
6555,60,jhokfhii-1
6556,60,jmheeiaj-1
6557,60,mbodddei-1
6558,60,jjlfmgjj-1
6559,60,jnfmgjgc-1
6560,60,lohmfocf-1
6561,60,jlncbnfl-1
6562,60,mbpaojdd-1
6563,60,oipaehdh-1
6564,60,jjclnddh-1
6565,60,aljpkoak-1
6566,60,lpfchgpp-1
6567,60,lnlooncc-1
6568,60,bchcfoie-1
6569,60,jhomebbe-1
6570,60,naegoldj-1
6571,60,jhmacikk-1
6572,60,lokajopg-1
6573,60,mcdbcbmi-1
6574,60,mdlbobjl-1
6575,60,logdhlga-1
6576,60,nhjmnenj-1
6577,60,ijocddcl-1
6578,60,lpgbcado-1
6579,60,aobcnmhp-1
6580,60,mojleboh-1
6581,60,jjldnkmi-1
6582,60,npckbdia-1
6583,60,npfnjomk-1
6584,60,mpbikdcb-1
6585,60,jkhpndhn-1
6586,60,nnohkifg-1
6587,60,lojoakej-1
6588,60,gdahdong-1
6589,60,mcaagdce-1
6590,60,ijmmpnch-1
6591,60,akkipfie-1
6592,60,jmjognck-1
6593,60,moiggidf-1
6594,60,gcldhgnn-1
6595,60,nnnhmeao-1
6596,60,nnlcelhd-1
6597,60,jjijpfgb-1
6598,60,jejnbogj-1
6599,60,fopdaace-1
6600,60,ifeghcnj-1
6601,60,lokhcagc-1
6602,60,afbnchfg-1
6603,60,apcmdpmc-1
6604,60,jmlpbpfh-1
6605,60,moddejdo-1
6606,60,afkccjbj-1
6607,60,gcmphbek-1
6608,60,ijnjloel-1
6609,60,mpadfimh-1
6610,60,moeddkel-1
6611,60,lnleaagj-1
6612,60,jjifondd-1
6613,60,bgkneenk-1
6614,60,fpgllohn-1
6615,60,mpjfcomp-1
6616,60,mcehnioe-1
6617,60,lpddolfh-1
6618,60,fhkjmigm-1
6619,60,ohlecche-1
6620,60,jehhofkp-1
6621,60,fibcegda-1
6622,60,jlnnfbhk-1
6623,60,npekfgnd-1
6624,60,apdjnlof-1
6625,60,jijheaeb-1
6626,60,mpijaffa-1
6627,60,nhkeilho-1
6628,60,jjllhboh-1
6629,60,fhglcopa-1
6630,60,jhlmnblh-1
6631,60,nnkhibli-1
6632,60,mppbjabh-1
6633,60,lnkilhfb-1
6634,60,aklagnmd-1
6635,60,ikbnkkjc-1
6636,60,noffckgi-1
6637,60,gcnajeem-1
6638,60,afkhbpbo-1
6639,60,ahdpncfj-1
6640,60,jnedlaba-1
6641,60,lojkfeoo-1
6642,60,iflagapp-1
6643,60,mcebhdao-1
6644,60,mcbjgjlb-1
6645,60,fhmohdln-1
6646,60,bgpffolp-1
6647,60,oedefkjc-1
6648,60,algijpji-1
6649,60,bgppcgbc-1
6650,60,ahedepkk-1
6651,60,ijnjfenh-1
6652,60,gdbbpmlj-1
6653,60,jmofnaka-1
6654,60,jnfmmpep-1
6655,60,jmnemdfe-1
6656,60,aoejfnmo-1
6657,60,mnnejepn-1
6658,60,jmmhddmi-1
6659,60,fhmekfjn-1
6660,60,bgoconfd-1
6661,60,obejapbc-1
6662,60,akmidlmk-1
6663,60,nolkalff-1
6664,60,mpdbphaj-1
6665,60,bcihofdf-1
6666,60,jijmclco-1
6667,60,ilcdmpdb-1
6668,60,jpbijnnf-1
6669,60,ijlgijgh-1
6670,60,jehimein-1
6671,60,fhegodhi-1
6672,60,naekcejp-1
6673,60,mnocfolc-1
6674,60,nennommo-1
6675,60,jnifmcog-1
6676,60,gcnlckii-1
6677,60,fpgmgejk-1
6678,60,jmjkdajk-1
6679,60,nnnhghac-1
6680,60,bcnppmio-1
6681,60,jmpdeckc-1
6682,60,afimggpj-1
6683,60,nfhmnfie-1
6684,60,mcchhhbj-1
6685,60,jhlbamcn-1
6686,60,mbohmkmm-1
6687,60,mdllgcee-1
6688,60,ijbplkeg-1
6689,60,oeceocla-1
6690,60,ojhgiaac-1
6691,60,mbmnokhe-1
6692,60,jjekdlal-1
6693,60,ifkfcbak-1
6694,60,jmjbnpnh-1
6695,60,bgjgeadi-1
6696,60,nalbdnlp-1
6697,60,mpjgjhkd-1
6698,60,jhkdbfop-1
6699,60,nhjhjkmg-1
6700,60,lopneffo-1
6701,60,npfjjdah-1
6702,60,npeccelm-1
6703,60,jopilkhc-1
6704,60,gckpcakj-1
6705,60,fhemhpfg-1
6706,60,allkmien-1
6707,60,nnkdnbfg-1
6708,60,ilachogj-1
6709,60,jhoanbjo-1
6710,60,fhnfcnck-1
6711,60,jmohmdhm-1
6712,60,ilcbdgcl-1
6713,60,nhhdgjdm-1
6714,60,gcodklom-1
6715,60,lpddifjj-1
6716,60,aogihkmj-1
6717,60,mcdfebfm-1
6718,60,akmfpkbj-1
6719,60,jjigoalf-1
6720,60,fpimdpjm-1
6721,60,ijdcmeij-1
6722,60,jekegccb-1
6723,60,ijoikbaj-1
6724,60,mohmmabh-1
6725,60,gafdaehf-1
6726,60,ijlgfbhd-1
6727,60,mboadpkk-1
6728,60,mpbnpdec-1
6729,60,gaacmema-1
6730,60,jmebjcga-1
6731,60,jmlocmjj-1
6732,60,logonddh-1
6733,60,nafajhpe-1
6734,60,fhebekgb-1
6735,60,mocnpbna-1
6736,60,nfgkcehh-1
6737,60,lpdmabhf-1
6738,60,bgnommgk-1
6739,60,ijecpeaa-1
6740,60,jeifofbc-1
6741,60,jnfhjkjj-1
6742,60,jhkjnnpc-1
6743,60,ijniccim-1
6744,60,nolbfohh-1
6745,60,jhjkbofk-1
6746,60,mpcakika-1
6747,60,lnlihjco-1
6748,60,jkbbebbc-1
6749,60,moiahjad-1
6750,60,jelnpjfc-1
6751,60,ohknbaod-1
6752,60,nnnjjffa-1
6753,60,npflbllf-1
6754,60,mboknjme-1
6755,60,fphghfjk-1
6756,60,jjdmphfi-1
6757,60,nnknhlgg-1
6758,60,jlmfnjil-1
6759,60,bgnpcdcl-1
6760,60,moijhhbk-1
6761,60,lpedddjg-1
6762,60,bgkieeei-1
6763,60,ijpngkdm-1
6764,60,npflbgil-1
6765,60,bgocecbh-1
6766,60,fhhhloef-1
6767,60,jlngbmjp-1
6768,60,jhmboenj-1
6769,60,bbamcijf-1
6770,60,npchbajg-1
6771,60,afjifmno-1
6772,60,ifmnefna-1
6773,60,nnnbanke-1
6774,60,oedgiaea-1
6775,60,fhncenmj-1
6776,60,npcepcki-1
6777,60,mpdcacog-1
6778,60,mpjghial-1
6779,60,jnaimfpa-1
6780,60,jmnihoih-1
6781,60,ileioook-1
6782,60,aogjfdbp-1
6783,60,afoabfbo-1
6784,60,ijkpeikp-1
6785,60,lpjdbacl-1
6786,60,jefhkjla-1
6787,60,gchjfpdl-1
6788,60,ahbhjbhe-1
6789,60,fiabjbka-1
6790,60,jhjlclom-1
6791,60,jlmjjdkf-1
6792,60,nnlbcljm-1
6793,60,lopgklmn-1
6794,60,afnpeggc-1
6795,60,fibakdkl-1
6796,60,jnfaofjo-1
6797,60,nficdfaf-1
6798,60,mnncapgg-1
6799,60,ahebhebj-1
6800,60,mphiekgb-1
6801,60,mbnpkooa-1
6802,60,jbkgbpjg-1
6803,60,jcbbddfg-1
6804,60,ohjejnpn-1
6805,60,mpphofnd-1
6806,60,aflhfnfe-1
6807,60,ijempmml-1
6808,60,fheaepkm-1
6809,60,mooiegcm-1
6810,60,lokfifnm-1
6811,60,lpamkcde-1
6812,60,npfmnabd-1
6813,60,ikajpcjk-1
6814,60,jpbijpil-1
6815,60,jekbjiai-1
6816,60,jlmkblbp-1
6817,60,algnjeol-1
6818,60,mogpjedi-1
6819,60,jjpghlfk-1
6820,60,gabpcppm-1
6821,60,jmoleeia-1
6822,60,nondekmo-1
6823,60,jljnieeh-1
6824,60,jiogefji-1
6825,60,jlnklljn-1
6826,60,nokopcdk-1
6827,60,nhhbhkgh-1
6828,60,fhmfjjel-1
6829,60,fhnhcmhn-1
6830,60,mdefmgmj-1
6831,60,fpkihome-1
6832,60,nhjphbbb-1
6833,60,mpppnice-1
6834,60,moiecgfl-1
6835,60,jopkphgp-1
6836,60,jjhgdgdn-1
6837,60,naklgdbl-1
6838,60,ohifhgnj-1
6839,60,oeedmgln-1
6840,60,fonklijg-1
6841,60,jeiafodp-1
6842,60,ahbpkood-1
6843,60,jonmpjmk-1
6844,60,fhojpbca-1
6845,60,fhlmjhnn-1
6846,60,bcifloef-1
6847,60,jmkibnmd-1
6848,60,jkilknol-1
6849,60,mppkohha-1
6850,60,ijdcddbe-1
6851,60,modnonpn-1
6852,60,algohnmm-1
6853,60,ahboboef-1
6854,60,ngeehgog-1
6855,60,ijcbdjhf-1
6856,60,fpjnjomh-1
6857,60,gafgpogf-1
6858,60,afkdpmhe-1
6859,60,naaaegcm-1
6860,60,nabgjalg-1
6861,60,loijjoaf-1
6862,60,gcmcmenp-1
6863,60,jhmjjbif-1
6864,60,gadcgokb-1
6865,60,lnknjmhb-1
6866,60,joohodnc-1
6867,60,jnajndhd-1
6868,60,fibdhihd-1
6869,60,mpaebmfa-1
6870,60,naffhdfh-1
6871,60,bchbemca-1
6872,60,ifeklkbg-1
6873,60,bcidcfhk-1
6874,60,jejhefgj-1
6875,60,mcabbfce-1
6876,60,nohkeaif-1
6877,60,jjnnehpe-1
6878,60,jeknhlfd-1
6879,60,jjglghgf-1
6880,60,jjlmanok-1
6881,60,loojggao-1
6882,60,bchncakc-1
6883,60,ahdgkhkn-1
6884,60,oeegmmhg-1
6885,60,gcplpmno-1
6886,60,fhmfbdph-1
6887,60,jonhaafl-1
6888,60,jelnjdge-1
6889,60,jneicmjk-1
6890,60,ildghaib-1
6891,60,ajlnamli-1
6892,60,ngfkmfga-1
6893,60,ahacljpm-1
6894,60,aoeoieio-1
6895,60,gagbficp-1
6896,60,jeiknjco-1
6897,60,ohlcmpcp-1
6898,60,ojhbgmkc-1
6899,60,mcdlkpdg-1
6900,60,mocdlioo-1
6901,60,jomokpbg-1
6902,60,mbpoefgp-1
6903,60,jmoodpjp-1
6904,60,gchkckhg-1
6905,60,nakkikih-1
6906,60,nfhmgkap-1
6907,60,lnmgkood-1
6908,60,naehaijk-1
6909,60,bgpecicp-1
6910,60,jmifpnhe-1
6911,60,jlgaknbl-1
6912,60,jjoojmmd-1
6913,60,fojebmaf-1
6914,60,aobcgmjk-1
6915,60,ijjmgjmk-1
6916,60,mcdhlnbo-1
6917,60,fhedipha-1
6918,60,ijbpagdc-1
6919,60,lohfdffk-1
6920,60,nohhpnbd-1
6921,60,bglikjgf-1
6922,60,jcmgimfh-1
6923,60,bcpfaped-1
6924,60,jjlgagmh-1
6925,60,nnmkgjif-1
6926,60,jemoboad-1
6927,60,aoengdjn-1
6928,60,loodcjgp-1
6929,60,ijefjdkg-1
6930,60,afnpkodo-1
6931,60,gcphjpcn-1
6932,60,jnmedllc-1
6933,60,mpomfdmp-1
6934,60,lokhndni-1
6935,60,jemdfdpc-1
6936,60,mbommoln-1
6937,60,jmllpcap-1
6938,60,jjlbdnob-1
6939,60,nnkhecod-1
6940,60,ikhemgef-1
6941,60,lohoielc-1
6942,60,ifeljipa-1
6943,60,nnkhehmf-1
6944,60,jliknhmg-1
6945,60,gadchfem-1
6946,60,bgokhjpc-1
6947,60,ijddkdbc-1
6948,60,jiodblgd-1
6949,60,joldmhkh-1
6950,60,odkkpion-1
6951,60,jkceeogg-1
6952,60,lpdidhkg-1
6953,60,logdlcoh-1
6954,60,ijddnhci-1
6955,60,lnmhaeeg-1
6956,60,ikikohbd-1
6957,60,jjnbcgbh-1
6958,60,joogkoch-1
6959,60,jonfmofc-1
6960,60,mokfiplk-1
6961,60,mokbcclk-1
6962,60,ajndabkk-1
6963,60,ikhkiiih-1
6964,60,jehdccdd-1
6965,60,jjkjbpgk-1
6966,60,mcbpbkgp-1
6967,60,jmfjhpdj-1
6968,60,fpgmllej-1
6969,60,aofckgkj-1
6970,60,gcmjbejo-1
6971,60,moppkocd-1
6972,60,jjghfnnk-1
6973,60,gdaifogn-1
6974,60,ifkkdpkk-1
6975,60,fpmbkhpn-1
6976,60,jlkoalnf-1
6977,60,bgjoegkh-1
6978,60,ikhbamgh-1
6979,60,iflcigma-1
6980,60,ajlngndo-1
6981,60,jjfbbacj-1
6982,60,mpakjbli-1
6983,60,bgpkjifa-1
6984,60,lonpjfem-1
6985,60,bcifagbn-1
6986,60,iffcbbkg-1
6987,60,ikbkkkeb-1
6988,60,jjldeoak-1
6989,60,mocoiccm-1
6990,60,ahegdnai-1
6991,60,ifimbkfp-1
6992,60,mpjgihje-1
6993,60,jlimgljj-1
6994,60,bgngadfp-1
6995,60,ileoelbb-1
6996,60,bhaealfn-1
6997,60,jjiahlbn-1
6998,60,nackejdh-1
6999,60,nolkfpph-1
7000,60,lnkhgjei-1
7001,60,mdenhfpb-1
7002,60,gadnjlke-1
7003,60,jcapfemk-1
7004,60,fhohbabn-1
7005,60,bcidmmgh-1
7006,60,jmimjcci-1
7007,60,jmkhaeni-1
7008,60,ifeklcnh-1
7009,60,ijobiega-1
7010,60,jejchpdl-1
7011,60,jkikapmn-1
7012,60,nohpjpff-1
7013,60,lpfpggdl-1
7014,60,mocngejm-1
7015,60,mpiciifp-1
7016,60,akmgofpo-1
7017,60,npdhaalp-1
7018,60,mpifihlb-1
7019,60,gcohcpke-1
7020,60,obekijah-1
7021,60,nakjdibo-1
7022,60,ngfffbao-1
7023,60,npcjhidh-1
7024,60,bbchbopk-1
7025,60,ahahmenp-1
7026,60,ohieiokc-1
7027,60,jlmiadil-1
7028,60,jlmeaaih-1
7029,60,anemjlcg-1
7030,60,mbnnjdhb-1
7031,60,jmhdmnpl-1
7032,60,ikhfmnhk-1
7033,60,moigloio-1
7034,60,gchaoeaa-1
7035,60,bgkcmjgb-1
7036,60,jempkbhi-1
7037,60,fpjlacnh-1
7038,60,logojalh-1
7039,60,mpbifefi-1
7040,60,jjiknham-1
7041,60,naegbpep-1
7042,60,bgmihnem-1
7043,60,oaghboal-1
7044,60,ijopbehf-1
7045,60,jkggeocm-1
7046,60,ajinkaen-1
7047,60,ildcfbhi-1
7048,60,fphceiid-1
7049,60,bfnfjldn-1
7050,60,nnijoppe-1
7051,60,mbnbbhda-1
7052,60,jljojdoa-1
7053,60,lolediah-1
7054,60,bhbaapbn-1
7055,60,npcdfnfh-1
7056,60,obbghmof-1
7057,60,mbnlhgia-1
7058,60,fpghfkaa-1
7059,60,ijffcjli-1
7060,60,ikhkbbie-1
7061,60,jmlffapk-1
7062,60,jlnchabm-1
7063,60,nofbpmfo-1
7064,60,ojghhkjp-1
7065,60,mcbgegph-1
7066,60,bbbbkmeh-1
7067,60,gaahhmoj-1
7068,60,akkgnodh-1
7069,60,ohlhffle-1
7070,60,mdknkmgo-1
7071,60,fhlcedhn-1
7072,60,fphagpkm-1
7073,60,jompdlie-1
7074,60,nacemgaf-1
7075,60,ikajmmgh-1
7076,60,lohcgahp-1
7077,60,ijecnonj-1
7078,60,ifkdpjdk-1
7079,60,ijkbbhok-1
7080,60,jhinpibo-1
7081,60,bhampifl-1
7082,60,ifikplmn-1
7083,60,nojojnan-1
7084,60,logokepg-1
7085,60,bgkpomjo-1
7086,60,bgjjlmok-1
7087,60,oaghklng-1
7088,60,jjmgdmed-1
7089,60,npaoidge-1
7090,60,jcajlnkg-1
7091,60,mookegab-1
7092,60,jnlhjaki-1
7093,60,jlmimeop-1
7094,60,moddaphp-1
7095,60,lookpobg-1
7096,60,fopdeffa-1
7097,60,mpnhkeop-1
7098,60,jjglopho-1
7099,60,nhkaeebo-1
7100,60,jcaclhbe-1
7101,60,bbbfohei-1
7102,60,jmpimdej-1
7103,60,jmkjgalk-1
7104,60,jjkddalh-1
7105,60,aocohnok-1
7106,60,oagehhdd-1
7107,60,fpjcggla-1
7108,60,fhkpclai-1
7109,60,alibnhmb-1
7110,60,mnnpdhgm-1
7111,60,ijjkddbo-1
7112,60,nabdfgbn-1
7113,60,gcndbohk-1
7114,60,jkcabiok-1
7115,60,fpebedmp-1
7116,60,afhfebpl-1
7117,60,oeehbnmj-1
7118,60,bbbflmdl-1
7119,60,logolknh-1
7120,60,jljaefee-1
7121,60,fhecfjbb-1
7122,60,jomnnhdf-1
7123,60,bbcpjoog-1
7124,60,jjojgiha-1
7125,60,ohieljhe-1
7126,60,jnkdeofa-1
7127,60,ijkncknm-1
7128,60,fhpnmjjo-1
7129,60,bfmflacc-1
7130,60,jhlkncfc-1
7131,60,jnlhednk-1
7132,60,aoeehfeg-1
7133,60,jjlgnafe-1
7134,60,npfaccoe-1
7135,60,moedkgfe-1
7136,60,lpdekfdi-1
7137,60,gacpijan-1
7138,60,aklemlke-1
7139,60,jiomoffo-1
7140,60,loiogbph-1
7141,60,jembpjel-1
7142,60,logpcbom-1
7143,60,gcneakfl-1
7144,60,ahekmkmp-1
7145,60,jejadalf-1
7146,60,bgkfpapc-1
7147,60,bgkaompb-1
7148,60,npbpfdaa-1
7149,60,mbmdjplk-1
7150,60,jhkaamdh-1
7151,60,jbkklddg-1
7152,60,ijbfkegg-1
7153,60,mdenfkdg-1
7154,60,bcildcnb-1
7155,60,mokbljeb-1
7156,60,jhjjdlmk-1
7157,60,aflcedae-1
7158,60,jkcpigjk-1
7159,60,naegmgcj-1
7160,60,mnoeclhd-1
7161,60,aheamomd-1
7162,60,aoeonalb-1
7163,60,mbmdccbi-1
7164,60,jjmjkapo-1
7165,60,fpijfiao-1
7166,60,ahdiblef-1
7167,60,fhfeggml-1
7168,60,fhlmcnca-1
7169,60,jjnkgnfk-1
7170,60,bgplkkfj-1
7171,60,gcocokjg-1
7172,60,bbcohlld-1
7173,60,jeijnapb-1
7174,60,jkaaaahf-1
7175,60,jkbicjlp-1
7176,60,jcacedog-1
7177,60,ikbhdhli-1
7178,60,jhiolcfj-1
7179,60,gcloclnf-1
7180,60,ifndcjjj-1
7181,60,nabbkcda-1
7182,60,jcapohca-1
7183,60,afigipid-1
7184,60,fhfboomh-1
7185,60,jmglebpe-1
7186,60,ifbddibd-1
7187,60,jkgakkcd-1
7188,60,jmkocghk-1
7189,60,fianlnbk-1
7190,60,mbnhdfih-1
7191,60,afjbndma-1
7192,60,algpfdll-1
7193,60,jhladgdj-1
7194,60,fpbeagoi-1
7195,60,moigcmjd-1
7196,60,jnmfpfnk-1
7197,60,mbmoldii-1
7198,60,ododpkpj-1
7199,60,mcemhiao-1
7200,60,jkhabpip-1
7201,60,jhlhiloo-1
7202,60,mokeoajb-1
7203,60,bgobckac-1
7204,60,nofbhcpk-1
7205,60,jlgdedgp-1
7206,60,moelkcma-1
7207,60,afhlmkld-1
7208,60,aliammpp-1
7209,60,fhpmdchp-1
7210,60,jiphbell-1
7211,60,ikcadbpb-1
7212,60,afhipmik-1
7213,60,bgolmkbh-1
7214,60,bhaclaja-1
7215,60,gaaejaoc-1
7216,60,bgncmcnj-1
7217,60,ahagdlgi-1
7218,60,jlfnjime-1
7219,60,jjpmpfjj-1
7220,60,npfdlacf-1
7221,60,jojknhcp-1
7222,60,nnkblfll-1
7223,60,lpdaffbl-1
7224,60,lpflgmal-1
7225,60,jmmmlfpd-1
7226,60,fhngbmja-1
7227,60,bgpihfpp-1
7228,60,fongnbal-1
7229,60,jllnggnn-1
7230,60,mpcakkol-1
7231,60,jjekenhp-1
7232,60,aocghdcm-1
7233,60,ijomdpka-1
7234,60,afhfkefb-1
7235,60,aofolngc-1
7236,60,jlobfbjh-1
7237,60,mpplohcj-1
7238,60,nakjcimb-1
7239,60,jmlildmd-1
7240,60,mppkmohg-1
7241,60,akmgdidj-1
7242,60,fpijkhah-1
7243,60,bdibdnka-1
7244,60,jiohdhed-1
7245,60,ijmfhkdc-1
7246,60,lnklgobl-1
7247,60,gaebbhha-1
7248,60,mdehjhfd-1
7249,60,nhgpjgcm-1
7250,60,nnlaleam-1
7251,60,npfkjefn-1
7252,60,jijnbiga-1
7253,60,mnmmmbgo-1
7254,60,jhigibjc-1
7255,60,jmmpnjfp-1
7256,60,bgofijpe-1
7257,60,jhimcepb-1
7258,60,gcnifmjo-1
7259,60,bdbkjjfp-1
7260,60,jmhedmpe-1
7261,60,npbnedcg-1
7262,60,jjkelbhc-1
7263,60,ijpobemg-1
7264,60,anekcbfk-1
7265,60,jhjaanbf-1
7266,60,fhlmohla-1
7267,60,foinpheh-1
7268,60,modgggdm-1
7269,60,lohdambc-1
7270,60,loipmadd-1
7271,60,aheomomj-1
7272,60,ngfmncch-1
7273,60,mbnemacc-1
7274,60,npalgnnk-1
7275,60,ojgibjjj-1
7276,60,ilcpoipj-1
7277,60,jljdminh-1
7278,60,ilfcjofi-1
7279,60,nhhnibpo-1
7280,60,mophkhkb-1
7281,60,jkbpljhh-1
7282,60,jnkdhemh-1
7283,60,mohihonp-1
7284,60,jbklglaa-1
7285,60,jlilfaal-1
7286,60,mooncgkd-1
7287,60,akkejfcm-1
7288,60,iffllkgo-1
7289,60,lojpmkik-1
7290,60,fiahnknc-1
7291,60,mpbaffab-1
7292,60,gadgbfgi-1
7293,60,jmghanel-1
7294,60,mceeokmf-1
7295,60,gcmkkpli-1
7296,60,mbmmdhpb-1
7297,60,jllagmad-1
7298,60,nhhkmlgc-1
7299,60,bgnhmanp-1
7300,60,ijkhejfp-1
7301,60,lohpjoch-1
7302,60,jnanhoeh-1
7303,60,oebekann-1
7304,60,jmhmablm-1
7305,60,jeglpmoo-1
7306,60,nnkimopp-1
7307,60,iffemldp-1
7308,60,ijdakilo-1
7309,60,algojipb-1
7310,60,amjnniih-1
7311,60,jkhacpfd-1
7312,60,bgkoonce-1
7313,60,ijjhgfnd-1
7314,60,jkclfkac-1
7315,60,lpmdapba-1
7316,60,jljfdjhj-1
7317,60,ikacjpjl-1
7318,60,jmphikce-1
7319,60,afipgeff-1
7320,60,allklaha-1
7321,60,mpiefnbb-1
7322,60,moemfjlo-1
7323,60,jjepbnmc-1
7324,60,mdjnacko-1
7325,60,jjdkjnme-1
7326,60,bfnigaao-1
7327,60,fhljcffi-1
7328,60,oebbldbm-1
7329,60,mppdoffk-1
7330,60,jlifakag-1
7331,60,jiokikff-1
7332,60,gcpkjkoa-1
7333,60,jlgeanlj-1
7334,60,mocigbok-1
7335,60,lpjmegon-1
7336,60,iffpnblb-1
7337,60,jmebpgee-1
7338,60,oednhgbg-1
7339,60,jbdebejg-1
7340,60,jijhjmkg-1
7341,60,oafnbkjl-1
7342,60,afjdddpd-1
7343,60,ajnjdkom-1
7344,60,mbnlnjfo-1
7345,60,mcckghfi-1
7346,60,jlndkoip-1
7347,60,akmbeine-1
7348,60,mccjomao-1
7349,60,naklpjgn-1
7350,60,jkbbpfbj-1
7351,60,jkbnefdj-1
7352,60,mdjnopnn-1
7353,60,jlnkieek-1
7354,60,gdapighm-1
7355,60,ijleakcl-1
7356,60,fhmebiea-1
7357,60,modfejnl-1
7358,60,allkbdmd-1
7359,60,bbammmjg-1
7360,60,nnjbbnod-1
7361,60,ahbbcbba-1
7362,60,mopocail-1
7363,60,npdddofh-1
7364,60,aflgpnfa-1
7365,60,ikbgpboh-1
7366,60,nhikhngd-1
7367,60,gcmdfmge-1
7368,60,fhklamma-1
7369,60,jcamcopc-1
7370,60,ijebmako-1
7371,60,jolcnhge-1
7372,60,anemgohd-1
7373,60,nnmjheie-1
7374,60,mofcojjj-1
7375,60,fopgcong-1
7376,60,jjpdmmnl-1
7377,60,jonnnidd-1
7378,60,mpdghijf-1
7379,60,jjhpknjh-1
7380,60,mcehkjkf-1
7381,60,mnndhgci-1
7382,60,ikhkmfpa-1
7383,60,jjelhblg-1
7384,60,fpbcnmpe-1
7385,60,allmefig-1
7386,60,jnkjggbm-1
7387,60,jeiehmih-1
7388,60,nokaihoi-1
7389,60,jjpkhnmk-1
7390,60,jnkklnaf-1
7391,60,nolkgmfk-1
7392,60,aofjepal-1
7393,60,jmobpomh-1
7394,60,gaepfcag-1
7395,60,jemfdeok-1
7396,60,jeghlbaf-1
7397,60,npbnomih-1
7398,60,bgoldddj-1
7399,60,jhmojmjn-1
7400,60,fpbildbm-1
7401,60,jommohfe-1
7402,60,jjpejpdh-1
7403,60,apcjecjl-1
7404,60,jejaoepf-1
7405,60,lpdlabgf-1
7406,60,jnafilgm-1
7407,60,jbplbaba-1
7408,60,oebiobii-1
7409,60,akkphfdf-1
7410,60,mbolnkce-1
7411,60,akkmpdkl-1
7412,60,gadmcamb-1
7413,60,jkapacma-1
7414,60,jkghfhhl-1
7415,60,ijnfpape-1
7416,60,alnffanh-1
7417,60,ijllebgp-1
7418,60,jjmbemfc-1
7419,60,gddaikaa-1
7420,60,gadbkbad-1
7421,60,joidcbii-1
7422,60,ikbejpom-1
7423,60,jlfkmpim-1
7424,60,jelbcnje-1
7425,60,jlmmcnkm-1
7426,60,lojhcidp-1
7427,60,ikhgldac-1
7428,60,nnehglni-1
7429,60,npfnhecn-1
7430,60,ijdnijhj-1
7431,60,oecbhlal-1
7432,60,jnfdngoc-1
7433,60,jhkbjlfb-1
7434,60,mpeanbno-1
7435,60,nfikoebg-1
7436,60,jmoaefce-1
7437,60,jjmappph-1
7438,60,ahdpidco-1
7439,60,fhpfnfoe-1
7440,60,foijioog-1
7441,60,jegnjjpn-1
7442,60,nacdbleg-1
7443,60,loidaodh-1
7444,60,mbminopi-1
7445,60,moihfbpm-1
7446,60,nfgehphc-1
7447,60,fopcbpjh-1
7448,60,afobfmll-1
7449,60,nnmmcgcg-1
7450,60,afkiaaol-1
7451,60,jlliambg-1
7452,60,neocfoao-1
7453,60,fpegacej-1
7454,60,ijdpbpdd-1
7455,60,lpjopoad-1
7456,60,jokidfmn-1
7457,60,jmnkaekh-1
7458,60,jempgkjl-1
7459,60,jjoencae-1
7460,60,bgkgiclb-1
7461,60,mbmamjjf-1
7462,60,jiojmajm-1
7463,60,jhncialo-1
7464,60,ijnkjpnc-1
7465,60,akkndjfi-1
7466,60,nojgkgbf-1
7467,60,jmmhgidc-1
7468,60,jnagiipj-1
7469,60,jhiffccf-1
7470,60,bchkjoil-1
7471,60,fiablcjd-1
7472,60,nojkneff-1
7473,60,gcoghffe-1
7474,60,ildklkfm-1
7475,60,ahbgnnog-1
7476,60,ajmdcbal-1
7477,60,jekpohig-1
7478,60,fhenfpml-1
7479,60,ojbbogah-1
7480,60,jeinkgbh-1
7481,60,fpfpckag-1
7482,60,aheohpdj-1
7483,60,jijekjec-1
7484,60,mdfgofpo-1
7485,60,lnmaicjc-1
7486,60,lpliomhc-1
7487,60,ojebkkli-1
7488,60,lpebfkik-1
7489,60,mnndodkl-1
7490,60,ahcfhfni-1
7491,60,jlmkpell-1
7492,60,mppblobb-1
7493,60,jndoaeom-1
7494,60,bchpaogm-1
7495,60,mpohlnji-1
7496,60,gclmmcfb-1
7497,60,lnmboeni-1
7498,60,ifimjgph-1
7499,60,fpgdipao-1
7500,60,lpdbkhhp-1
7501,60,oedkjboc-1
7502,60,ijmfdgdj-1
7503,60,mopifnpo-1
7504,60,fhmnolhh-1
7505,60,nnlopefn-1
7506,60,gcnoadfc-1
7507,60,bgoacigh-1
7508,60,lpjmakfl-1
7509,60,aogdpcbl-1
7510,60,ohklgmkh-1
7511,60,ijmpmdaf-1
7512,60,loghalbm-1
7513,60,fpgjnojk-1
7514,60,jojkdajo-1
7515,60,jcbaalnn-1
7516,60,fgicimbk-1
7517,60,nojhgejb-1
7518,60,jjicbkjf-1
7519,60,mpigiacl-1
7520,60,bgjlgdjg-1
7521,60,npebfnnk-1
7522,60,nnimfjah-1
7523,60,gdafclnp-1
7524,60,jlmnfplo-1
7525,60,aflmdpha-1
7526,60,bgpinkln-1
7527,60,oeaocgpm-1
7528,60,bcpfbijc-1
7529,60,ifaldjgl-1
7530,60,fpiikfmf-1
7531,60,npbpflfe-1
7532,60,jnlemcad-1
7533,60,jkhmkmdk-1
7534,60,ngebahlb-1
7535,60,ajhjngnk-1
7536,60,mpciijje-1
7537,60,jjmlnfgk-1
7538,60,fhkebkmf-1
7539,60,ohipadem-1
7540,60,nhclkpgi-1
7541,60,lohkifcn-1
7542,60,ijklfemk-1
7543,60,bcidkkgb-1
7544,60,jlkkfidf-1
7545,60,jhifihbc-1
7546,60,joollpgc-1
7547,60,ifeakpib-1
7548,60,ifioamaf-1
7549,60,nepfnlgk-1
7550,60,ikbgdgmb-1
7551,60,nnmdejmh-1
7552,60,akmhngam-1
7553,60,gcmebdge-1
7554,60,gcknhlho-1
7555,60,bgofinkl-1
7556,60,bcpdmedm-1
7557,60,ildfllfj-1
7558,60,amkcamgg-1
7559,60,jipdamdi-1
7560,60,mpibhoag-1
7561,60,gcknfkab-1
7562,60,gcocddjg-1
7563,60,ajndflek-1
7564,60,looagcmo-1
7565,60,jhmlkeop-1
7566,60,gadieond-1
7567,60,gcleoink-1
7568,60,lpjipdac-1
7569,60,algiffai-1
7570,60,bcpddckj-1
7571,60,nnmccfnd-1
7572,60,jjpgklme-1
7573,60,nhdakklf-1
7574,60,bgjikhfb-1
7575,60,mccbplad-1
7576,60,mnoicinh-1
7577,60,bgnfeoba-1
7578,60,jiomhdgd-1
7579,60,jlidpdbl-1
7580,60,ijmphgee-1
7581,60,moiiblma-1
7582,60,obedpijc-1
7583,60,jhjnojga-1
7584,60,mpcnifjp-1
7585,60,jnkhfgbo-1
7586,60,jegnjpna-1
7587,60,lpdemnia-1
7588,60,nnlfdbbl-1
7589,60,ijjcdjmh-1
7590,60,npfigljl-1
7591,60,jlkogcnc-1
7592,60,jjnecffi-1
7593,60,npffkmkd-1
7594,60,aoalebni-1
7595,60,jkipbgma-1
7596,60,fgibiikc-1
7597,60,lolklbke-1
7598,60,bhandjln-1
7599,60,mbofchmp-1
7600,60,jijfikkb-1
7601,60,ijmhlejo-1
7602,60,mpapcogh-1
7603,60,lpdnimom-1
7604,60,jelmahfk-1
7605,60,ijnihgjn-1
7606,60,fhmlgjhp-1
7607,60,ahekjefg-1
7608,60,nnnhbdda-1
7609,60,naeghndi-1
7610,60,jiondpec-1
7611,60,aheinnhk-1
7612,60,jcbjfape-1
7613,60,afhgdcag-1
7614,60,jehgaodj-1
7615,60,jjmbfhga-1
7616,60,mpegpinn-1
7617,60,jmpfiboj-1
7618,60,iflcjmdg-1
7619,60,gdbagnlm-1
7620,60,npdddjkl-1
7621,60,logpnblf-1
7622,60,aficgefc-1
7623,60,fopggfjk-1
7624,60,moemeddo-1
7625,60,nhdamgpp-1
7626,60,fiaobppm-1
7627,60,ijcoijid-1
7628,60,ikagonie-1
7629,60,jehajiai-1
7630,60,oipbbdom-1
7631,60,nacbhbkf-1
7632,60,jmdogche-1
7633,60,jlmcogif-1
7634,60,npdcgkal-1
7635,60,ngfjgbge-1
7636,60,jhkmfcbg-1
7637,60,bgkkpeak-1
7638,60,ijoljpnj-1
7639,60,fhffijde-1
7640,60,ahdmogla-1
7641,60,jhjcninb-1
7642,60,jmjokdhi-1
7643,60,lpljnebm-1
7644,60,ajhknonk-1
7645,60,fhpficfb-1
7646,60,naaaoncp-1
7647,60,jlllgjbk-1
7648,60,nokmeggl-1
7649,60,jjjdamno-1
7650,60,bgipbefn-1
7651,60,fpeeffjp-1
7652,60,jehgojkb-1
7653,60,jlgcefbd-1
7654,60,ojbcpehg-1
7655,60,jemdiahf-1
7656,60,gcnbkmbp-1
7657,60,gcpfhffh-1
7658,60,afjjogjk-1
7659,60,jjflbaaj-1
7660,60,ikaaheae-1
7661,60,mnoaapeb-1
7662,60,lohnhnan-1
7663,60,nfikdgel-1
7664,60,gaeofmjg-1
7665,60,ildjgbjo-1
7666,60,jmiodhaj-1
7667,60,nfillihk-1
7668,60,jenglika-1
7669,60,nhhdnobg-1
7670,60,allobnbh-1
7671,60,jjnmpgao-1
7672,60,bgindfnb-1
7673,60,fphdiogg-1
7674,60,jnfejkei-1
7675,60,mphpbgeh-1
7676,60,loomjkph-1
7677,60,jbbcjgno-1
7678,60,jhldlema-1
7679,60,jipdfkgn-1
7680,60,ilfbjidc-1
7681,60,afmggnfm-1
7682,60,lonncplm-1
7683,60,aocgiiin-1
7684,60,mdjmjjlk-1
7685,60,gdbdegam-1
7686,60,mpagegdn-1
7687,60,mcbpnmbb-1
7688,60,allmmcpj-1
7689,60,fhmlhddg-1
7690,60,alibahbn-1
7691,60,ijeballn-1
7692,60,jhijgegh-1
7693,60,jmnpephn-1
7694,60,jjchhobj-1
7695,60,jendnjch-1
7696,60,jbkiofbe-1
7697,60,mphlgjnn-1
7698,60,fiajcdmh-1
7699,60,jjekpjll-1
7700,60,jookepfg-1
7701,60,gcobfjbe-1
7702,60,nabhfmij-1
7703,60,jjnjjmdh-1
7704,60,gaemflnb-1
7705,60,jkahpekn-1
7706,60,nnmjapck-1
7707,60,jomlkfcl-1
7708,60,jjokkbik-1
7709,60,nfiemdpg-1
7710,60,logoaooo-1
7711,60,jmiknncf-1
7712,60,jeiahmaf-1
7713,60,jmfjhcbc-1
7714,60,jenagaca-1
7715,60,mbpabkfm-1
7716,60,jjhgkecj-1
7717,60,jjkjihkh-1
7718,60,fhlcfome-1
7719,60,fpjglmhp-1
7720,60,lopcpapc-1
7721,60,mdepgbbh-1
7722,60,bgoionol-1
7723,60,jlnogepc-1
7724,60,nacfkpoo-1
7725,60,ifldmjfl-1
7726,60,fhhglmml-1
7727,60,joomkdoa-1
7728,60,jlijfggo-1
7729,60,jkcdmonm-1
7730,60,lohhkpfi-1
7731,60,mpcigndd-1
7732,60,gchgjgnb-1
7733,60,lpcnebgc-1
7734,60,jhkmhlki-1
7735,60,jnfhjaoh-1
7736,60,nogjccme-1
7737,60,jopapkpa-1
7738,60,mcbnomka-1
7739,60,obcekmdd-1
7740,60,ifejjnfj-1
7741,60,obbchbfb-1
7742,60,mpbcfohf-1
7743,60,gacpljla-1
7744,60,bgkmgeco-1
7745,60,looeldim-1
7746,60,gcidlppp-1
7747,60,ildagefi-1
7748,60,ifekgioj-1
7749,60,jjdcdmbe-1
7750,60,mccjdpjh-1
7751,60,mdegcohi-1
7752,60,almjchab-1
7753,60,nnhoajpb-1
7754,60,ifefnbkm-1
7755,60,jneecnia-1
7756,60,jhkmibjn-1
7757,60,jmgeefcj-1
7758,60,mpfbcohc-1
7759,60,mohmigch-1
7760,60,moefinoh-1
7761,60,ojgkaglk-1
7762,60,jmklbgka-1
7763,60,ohiallgc-1
7764,60,jhmiachc-1
7765,60,mcacpdom-1
7766,60,bhbclpol-1
7767,60,jmpcdckm-1
7768,60,jmmhphfp-1
7769,60,jjccgdka-1
7770,60,nakomfjn-1
7771,60,bgkdakom-1
7772,60,jmmknfpm-1
7773,60,bgoefhga-1
7774,60,jhmncehk-1
7775,60,afhpoomc-1
7776,60,jlckcdmk-1
7777,60,lohaikef-1
7778,60,jkiagmmc-1
7779,60,mppcjfap-1
7780,60,nnkajicc-1
7781,60,fhmcngdn-1
7782,60,gcpklpah-1
7783,60,fpebdgih-1
7784,60,mbpjkbgk-1
7785,60,lokamgcj-1
7786,60,bgkgjoff-1
7787,60,jjdmfnoa-1
7788,60,nhkbnlja-1
7789,60,jjmldfin-1
7790,60,jkiekbfg-1
7791,60,lopneclb-1
7792,60,lnkllcba-1
7793,60,nfigmemh-1
7794,60,mokjagjp-1
7795,60,lofopekf-1
7796,60,jhlallfi-1
7797,60,bgoamhnf-1
7798,60,fokfabhm-1
7799,60,mopljhim-1
7800,60,gaedmcha-1
7801,60,ilcecfal-1
7802,60,jcaknppo-1
7803,60,nhkfemop-1
7804,60,jmhlkego-1
7805,60,jjeigkfm-1
7806,60,ikhbkbdn-1
7807,60,afinmagf-1
7808,60,nnianmam-1
7809,60,gcibhmpm-1
7810,60,fiaoaanh-1
7811,60,ifkeagdf-1
7812,60,ijcnkcle-1
7813,60,alloejla-1
7814,60,jehapcak-1
7815,60,moifeeam-1
7816,60,ifilifmk-1
7817,60,iffadjog-1
7818,60,gcjjcldp-1
7819,60,mofbkdcl-1
7820,60,jekemgdb-1
7821,60,gcmgbmgl-1
7822,60,ijfcllho-1
7823,60,bgjgccba-1
7824,60,moiclnba-1
7825,60,mpokhpbk-1
7826,60,jmllknej-1
7827,60,gcmnpmpo-1
7828,60,jhijoglo-1
7829,60,jcaeagjn-1
7830,60,bgnakfaa-1
7831,60,ijjfdkmi-1
7832,60,mdkmdpjc-1
7833,60,jnkkcilc-1
7834,60,jbpmdhjc-1
7835,60,ikilobei-1
7836,60,jjnimmnl-1
7837,60,moddgobe-1
7838,60,lpfcbkjl-1
7839,60,nohhbchn-1
7840,60,afmcjpil-1
7841,60,jhleebhj-1
7842,60,ikhpglno-1
7843,60,jllefemf-1
7844,60,lollijfn-1
7845,60,fibhmcno-1
7846,60,jkhbchbb-1
7847,60,fhoopgdm-1
7848,60,oedphccb-1
7849,60,nhkbgpli-1
7850,60,aofmaffd-1
7851,60,npcjeefa-1
7852,60,fpijimcj-1
7853,60,fokdackh-1
7854,60,bgncggnf-1
7855,60,jnefnkol-1
7856,60,ajijhkcb-1
7857,60,jmiaiiok-1
7858,60,jjnmdhei-1
7859,60,mbpgoegj-1
7860,60,aheoiddc-1
7861,60,ikbcgfln-1
7862,60,fhkaghdd-1
7863,60,lpdojcgm-1
7864,60,jbkalhdd-1
7865,60,ifneicgb-1
7866,60,gcpoidig-1
7867,60,mpnjiikm-1
7868,60,jiphaibe-1
7869,60,nnkliehi-1
7870,60,jndpekgd-1
7871,60,jegfpheo-1
7872,60,johiaalb-1
7873,60,ngdonngb-1
7874,60,ijoaooad-1
7875,60,npcbgmap-1
7876,60,gachekjf-1
7877,60,jjpllibk-1
7878,60,ijddekec-1
7879,60,nnibhlol-1
7880,60,fiaoaedg-1
7881,60,ifkjlhad-1
7882,60,jjmakfdi-1
7883,60,bhaidled-1
7884,60,bgkmmimb-1
7885,60,ijlmmkii-1
7886,60,fhekohei-1
7887,60,jmnnkdak-1
7888,60,ifilnhbd-1
7889,60,nofbigmf-1
7890,60,jmlclnhn-1
7891,60,mpajahja-1
7892,60,jembmnjj-1
7893,60,jjieecen-1
7894,60,ilcjmhjc-1
7895,60,logiecbp-1
7896,60,lpjdfidj-1
7897,60,mopaopoh-1
7898,60,fpmbfohm-1
7899,60,nnognghm-1
7900,60,loopccen-1
7901,60,mboeocfg-1
7902,60,jjidlkig-1
7903,60,jokkdooc-1
7904,60,gaepfppf-1
7905,60,mooigofm-1
7906,60,jbklabpl-1
7907,60,alnejfam-1
7908,60,ildeonip-1
7909,60,bgkncdmh-1
7910,60,jomhlnno-1
7911,60,fphalbel-1
7912,60,ahehkgmo-1
7913,60,jooeidpf-1
7914,60,jhmlgoff-1
7915,60,jmmnepoe-1
7916,60,ijodnmbg-1
7917,60,ojfaceen-1
7918,60,nadbljcl-1
7919,60,ijoapjkh-1
7920,60,moibiedm-1
7921,60,gabncnen-1
7922,60,npffclje-1
7923,60,gabmlebp-1
7924,60,ikbaknjp-1
7925,60,aflggojp-1
7926,60,ijkcdmmh-1
7927,60,nabfomob-1
7928,60,fhldfkag-1
7929,60,fhlkkoio-1
7930,60,aoelmjgl-1
7931,60,jkalkhnc-1
7932,60,jhmohpam-1
7933,60,jelabnoc-1
7934,60,fopkkdhh-1
7935,60,jeloajpp-1
7936,60,bibjlinb-1
7937,60,fpgaifjl-1
7938,60,iffnglfa-1
7939,60,nnneljek-1
7940,60,nnmnaagl-1
7941,60,lokpfiel-1
7942,60,lohpkdof-1
7943,60,nogoihbm-1
7944,60,mdfbmidp-1
7945,60,mppfabcc-1
7946,60,mcacogca-1
7947,60,ikgpcpdf-1
7948,60,bgipjgcn-1
7949,60,ijnoplfd-1
7950,60,mbpcngja-1
7951,60,gaednodh-1
7952,60,naepipmn-1
7953,60,jmlafbhk-1
7954,60,mpacmnhp-1
7955,60,ijkjopcg-1
7956,60,nakncohp-1
7957,60,lpeoocal-1
7958,60,mcaagopc-1
7959,60,lpdnmagm-1
7960,60,ikafhdjo-1
7961,60,jmggblie-1
7962,60,jldhidhc-1
7963,60,jmlklmbd-1
7964,60,mbmacddh-1
7965,60,akmofici-1
7966,60,naempgjb-1
7967,60,ildjgfcc-1
7968,60,afjlleob-1
7969,60,jljnhpao-1
7970,60,fphbgblg-1
7971,60,iflefjab-1
7972,60,npdkmhla-1
7973,60,fhhcjagj-1
7974,60,mpdhpffl-1
7975,60,jmhaland-1
7976,60,mpokdcpg-1
7977,60,bgoffief-1
7978,60,naampepn-1
7979,60,afkglcoc-1
7980,60,nokjfjel-1
7981,60,ahelopfm-1
7982,60,bhbdnceh-1
7983,60,akojcega-1
7984,60,nokfihid-1
7985,60,jhlmbiid-1
7986,60,gacjojdi-1
7987,60,afieaggk-1
7988,60,gchemldd-1
7989,60,nnmiklpg-1
7990,60,ifehmpig-1
7991,60,jljamnbo-1
7992,60,npdognjd-1
7993,60,moegcnkd-1
7994,60,fopgkfhb-1
7995,60,apccccok-1
7996,60,jihmcohb-1
7997,60,iflhnedc-1
7998,60,ahepobgp-1
7999,60,mpblclef-1
8000,60,bhaaihoj-1
8001,60,jjfnblio-1
8002,60,jmgnbgjc-1
8003,60,gcnhnfie-1
8004,60,jndhekdc-1
8005,60,ijjbphkp-1
8006,60,jkbgfdjf-1
8007,60,jmhdhkji-1
8008,60,aoepigcd-1
8009,60,lpgckcjh-1
8010,60,mccdjknn-1
8011,60,jomgijkh-1
8012,60,jnemjjka-1
8013,60,odimmiog-1
8014,60,moidnfni-1
8015,60,mohmbfbm-1
8016,60,jjmbnllc-1
8017,60,lpjgabmj-1
8018,60,jbaoinfa-1
8019,60,nhhbecma-1
8020,60,jokaplbl-1
8021,60,bgoncgki-1
8022,60,jbnfkhgd-1
8023,60,jhihhgme-1
8024,60,ijojonbi-1
8025,60,jmjgbdok-1
8026,60,gaenlkio-1
8027,60,bcipeigb-1
8028,60,fibcgkmb-1
8029,60,mpagbeja-1
8030,60,jegepefg-1
8031,60,ijpidmal-1
8032,60,fpihiccc-1
8033,60,jldobken-1
8034,60,nojjcipm-1
8035,60,gchecide-1
8036,60,mnodpmnb-1
8037,60,mceimglo-1
8038,60,gablokej-1
8039,60,jmjhgidg-1
8040,60,nnobgmpd-1
8041,60,mppigmjb-1
8042,60,npcmapec-1
8043,60,jloaggfh-1
8044,60,jjngeheh-1
8045,60,npcklpbc-1
8046,60,lpgajknk-1
8047,60,fpjejckn-1
8048,60,mocfdiio-1
8049,60,mcdmolch-1
8050,60,nnkcnlnp-1
8051,60,mpakeomh-1
8052,60,npdkjakl-1
8053,60,mcbihgal-1
8054,60,gcinoefn-1
8055,60,ifdmidgh-1
8056,60,nnnlafeh-1
8057,60,mpjddpbc-1
8058,60,jegklgda-1
8059,60,ohiffdkl-1
8060,60,jeiflndd-1
8061,60,jeknlnnl-1
8062,60,ifdpegal-1
8063,60,gcpcibni-1
8064,60,foinnmce-1
8065,60,nakekeko-1
8066,60,logpfeoh-1
8067,60,fheojgfh-1
8068,60,jjpfpgpa-1
8069,60,aogcbgkm-1
8070,60,mcblkdhn-1
8071,60,nohoclgc-1
8072,60,lohbohap-1
8073,60,ijknhgoa-1
8074,60,fpghbbpc-1
8075,60,jllmlhbb-1
8076,60,apcfdflg-1
8077,60,fhmofoma-1
8078,60,fhhheckl-1
8079,60,mceiekbc-1
8080,60,ijfcplhl-1
8081,60,nacjkckp-1
8082,60,oednheoc-1
8083,60,fphadmik-1
8084,60,jolfjpja-1
8085,60,fhppnlnm-1
8086,60,mcdaagbj-1
8087,60,gablhkij-1
8088,60,hhkcekbm-1
8089,60,jkjcnmff-1
8090,60,jjgfafcc-1
8091,60,jhkhhiap-1
8092,60,fibbjjjf-1
8093,60,jejmcehc-1
8094,60,mnpflalb-1
8095,60,lokclfed-1
8096,60,afnppdpd-1
8097,60,loplfkmm-1
8098,60,nokcjphm-1
8099,60,bbdabbfc-1
8100,60,jjepoacl-1
8101,60,fghoacen-1
8102,60,jhnmnokf-1
8103,60,johjibab-1
8104,60,fhmggojg-1
8105,60,jljabghn-1
8106,60,mnodbcnj-1
8107,60,fhkhoaao-1
8108,60,jmkppmaj-1
8109,60,jkicbohd-1
8110,60,ifikceep-1
8111,60,jjebjjnh-1
8112,60,jldmaepe-1
8113,60,ikbaahcj-1
8114,60,nhhjdkld-1
8115,60,bhbfocck-1
8116,60,nnnpopkb-1
8117,60,ijdlaahi-1
8118,60,mboobhih-1
8119,60,gcoedmhe-1
8120,60,jegfgicb-1
8121,60,ifmkflib-1
8122,60,mceeaabh-1
8123,60,jlnamifc-1
8124,60,nfhliefp-1
8125,60,jehdblmm-1
8126,60,jiifolcg-1
8127,60,bbbbcfma-1
8128,60,moebocbe-1
8129,60,jmidjclo-1
8130,60,mdefghcf-1
8131,60,jhlmgfah-1
8132,60,iffceikd-1
8133,60,fibfdgog-1
8134,60,jeloaahn-1
8135,60,lpjiiccc-1
8136,60,ikhnlmjh-1
8137,60,jmgeblpj-1
8138,60,ijclljpd-1
8139,60,ohlbkejb-1
8140,60,ijjecppa-1
8141,60,oedejfbf-1
8142,60,jeggbong-1
8143,60,lokhbcjb-1
8144,60,lnlhhlkg-1
8145,60,jhmoghnc-1
8146,60,gaacklfp-1
8147,60,fibfjpen-1
8148,60,jihkceac-1
8149,60,mojkgfbn-1
8150,60,gcmfanag-1
8151,60,jkidndjh-1
8152,60,fpilplld-1
8153,60,oebinlig-1
8154,60,jjnfdenb-1
8155,60,ijbpjkid-1
8156,60,mpeokaeh-1
8157,60,bgkbcjcg-1
8158,60,loofbphn-1
8159,60,jhjpaoep-1
8160,60,jjpmajmb-1
8161,60,jjnjchal-1
8162,60,jemmhdmj-1
8163,60,jeioampo-1
8164,60,jkgjjhei-1
8165,60,lolakeof-1
8166,60,mpiejfag-1
8167,60,bgpkhbnl-1
8168,60,ikianhni-1
8169,60,loinkgml-1
8170,60,fhooecnj-1
8171,60,ijleekek-1
8172,60,akkpoboo-1
8173,60,mocndamp-1
8174,60,looglfka-1
8175,60,jlnceffm-1
8176,60,mccaeegj-1
8177,60,bbcggibf-1
8178,60,bchbbnio-1
8179,60,logekehn-1
8180,60,jjlngfie-1
8181,60,jjlingbd-1
8182,60,ifbhfign-1
8183,60,jlfpmeog-1
8184,60,ifkhehdd-1
8185,60,jijjanjj-1
8186,60,noffkcbm-1
8187,60,fpjomhda-1
8188,60,nhicbnpd-1
8189,60,mboknkno-1
8190,60,akoikopm-1
8191,60,gcncpcom-1
8192,60,gdafcbpp-1
8193,60,ikaboncg-1
8194,60,lnlbgicb-1
8195,60,nennoboo-1
8196,60,bddegfeh-1
8197,60,jkhmcjgc-1
8198,60,jndgmjgh-1
8199,60,fhkkggkb-1
8200,60,mopnmfmb-1
8201,60,ifmmmdgp-1
8202,60,jkipgegg-1
8203,60,gcibcdii-1
8204,60,jiiggakf-1
8205,60,nhkcgkjg-1
8206,60,jmkogcil-1
8207,60,jjlkikbm-1
8208,60,fpkhiiad-1
8209,60,jmodfbpc-1
8210,60,ijodjpmm-1
8211,60,iffhpppg-1
8212,60,bcpeahil-1
8213,60,fghogdli-1
8214,60,jlklcmnh-1
8215,60,jehogmkg-1
8216,60,akmlhcmp-1
8217,60,afmffngp-1
8218,60,jelffofa-1
8219,60,ajilboio-1
8220,60,bginmomi-1
8221,60,npbggaji-1
8222,60,jokimbgm-1
8223,60,nhhbabha-1
8224,60,bdddnjai-1
8225,60,jopaofcm-1
8226,60,jlmkclag-1
8227,60,npbfojck-1
8228,60,ikhbkjdb-1
8229,60,lpjonomk-1
8230,60,fpmaoafe-1
8231,60,nnkffcmn-1
8232,60,ojahkdfe-1
8233,60,jhmnmljn-1
8234,60,nakocmke-1
8235,60,odllidcg-1
8236,60,lojlmicj-1
8237,60,bhbacicj-1
8238,60,ijibbdaj-1
8239,60,jmnlnddm-1
8240,60,ijkdbhea-1
8241,60,nakfcfma-1
8242,60,ifelllja-1
8243,60,jmfkglek-1
8244,60,nablghfg-1
8245,60,jmgjjcmc-1
8246,60,jmhiofca-1
8247,60,bgoempcc-1
8248,60,lokfkfbh-1
8249,60,jmmggajl-1
8250,60,mpaofcnp-1
8251,60,ifdllfmh-1
8252,60,jomolcge-1
8253,60,mcdblbpe-1
8254,60,nofeehod-1
8255,60,bhabkamh-1
8256,60,lpfcgipn-1
8257,60,jmlikdgi-1
8258,60,iffgcink-1
8259,60,bgodadjd-1
8260,60,loiepnob-1
8261,60,jkekbfdh-1
8262,60,nalcanoe-1
8263,60,jehdeldd-1
8264,60,jmhgonhm-1
8265,60,akokenfo-1
8266,60,jjkakplh-1
8267,60,ngegapda-1
8268,60,afhnegdl-1
8269,60,almjokbd-1
8270,60,oeehallo-1
8271,60,jmhlkidk-1
8272,60,ifkddooi-1
8273,60,afblipgf-1
8274,60,ohiehmlo-1
8275,60,ijjaafbd-1
8276,60,fhlaeopc-1
8277,60,jeiaaklc-1
8278,60,fpkjneon-1
8279,60,jhnaomfl-1
8280,60,jlndklif-1
8281,60,lpjhoaan-1
8282,60,nabpjadl-1
8283,60,jmdnljak-1
8284,60,mpcilfkp-1
8285,60,lohfmnpp-1
8286,60,gcneihej-1
8287,60,ijmlfcjd-1
8288,60,lpceopml-1
8289,60,mdeeenji-1
8290,60,jlfjhlol-1
8291,60,gchgjpkn-1
8292,60,lpjlepop-1
8293,60,amkbapak-1
8294,60,npfajhaj-1
8295,60,jekdaheb-1
8296,60,jnlckbel-1
8297,60,fpiihcge-1
8298,60,ijecekoa-1
8299,60,ahepifcf-1
8300,60,jhlgjkbm-1
8301,60,jonllnkl-1
8302,60,jkbndlkn-1
8303,60,afjhahhk-1
8304,60,ijmnfcla-1
8305,60,ijbegdgg-1
8306,60,jejdjgmn-1
8307,60,jljhpbal-1
8308,60,akjkeeal-1
8309,60,ifkohkpb-1
8310,60,mpadoncc-1
8311,60,jmopjacl-1
8312,60,nokfboga-1
8313,60,npejcnpi-1
8314,60,bchgcgee-1
8315,60,loomlcdd-1
8316,60,jjfoapmc-1
8317,60,fpgffbik-1
8318,60,joiiikdb-1
8319,60,nackoojg-1
8320,60,bddejdlj-1
8321,60,ijeolmij-1
8322,60,oecenehb-1
8323,60,ifnbgiam-1
8324,60,mpiglikd-1
8325,60,mpjdhkoc-1
8326,60,moegmeka-1
8327,60,oagfnkni-1
8328,60,ijkgboak-1
8329,60,jefdokch-1
8330,60,nniajdki-1
8331,60,aocmanmc-1
8332,60,jmhaekkh-1
8333,60,nokhngjp-1
8334,60,ahbnboki-1
8335,60,jlkaabch-1
8336,60,jmobnbdn-1
8337,60,naciijfi-1
8338,60,gcjffgkk-1
8339,60,loipoigo-1
8340,60,lnmdobpp-1
8341,60,moidimia-1
8342,60,ikhpenja-1
8343,60,jnfefmkf-1
8344,60,bhaommpj-1
8345,60,jmmllimh-1
8346,60,joobmlah-1
8347,60,npdlelnm-1
8348,60,gcncicdm-1
8349,60,jmpbbkfo-1
8350,60,mnmokbnl-1
8351,60,jnfkdimo-1
8352,60,fpheknpg-1
8353,60,afjoomje-1
8354,60,modabamp-1
8355,60,jjdbcefe-1
8356,60,ildgnhnl-1
8357,60,lpdoefkc-1
8358,60,afkdlhie-1
8359,60,jkhefhie-1
8360,60,mbphmhnk-1
8361,60,mphlnbbc-1
8362,60,mpeobdik-1
8363,60,jjcfinbf-1
8364,60,jcaidbec-1
8365,60,nohoilla-1
8366,60,gcmlcfbm-1
8367,60,lnknalik-1
8368,60,ijlbjehi-1
8369,60,jlmodinm-1
8370,60,afikhnlb-1
8371,60,oeceeoml-1
8372,60,nogkeoof-1
8373,60,ilcimndg-1
8374,60,bgomhhen-1
8375,60,afldigho-1
8376,60,jkhhimbc-1
8377,60,afimbgol-1
8378,60,ojhgnflp-1
8379,60,npbpnoao-1
8380,60,allldojg-1
8381,60,modnmnbg-1
8382,60,fheedkmm-1
8383,60,jmgjdncc-1
8384,60,ijboamje-1
8385,60,jkackpeo-1
8386,60,jolblihh-1
8387,60,nhhahaef-1
8388,60,ilafglae-1
8389,60,jkgjbgnc-1
8390,60,jipcamij-1
8391,60,loligbke-1
8392,60,fhljklnn-1
8393,60,jhkoijle-1
8394,60,foikikll-1
8395,60,mcdpojki-1
8396,60,jeljmpef-1
8397,60,nhcpegdj-1
8398,60,jmogpcaj-1
8399,60,npdbaonn-1
8400,60,jmlnmdip-1
8401,60,nnkgembj-1
8402,60,jkahnfkb-1
8403,60,nhkekfji-1
8404,60,bcloghba-1
8405,60,nakclipb-1
8406,60,bglmjgna-1
8407,60,ijmjgjme-1
8408,60,ifdpmjfb-1
8409,60,jloendde-1
8410,60,lpbcecjm-1
8411,60,aljoofae-1
8412,60,logkgham-1
8413,60,mnoffmad-1
8414,60,npclphim-1
8415,60,nolakcoj-1
8416,60,aoedcmjb-1
8417,60,gadjejdd-1
8418,60,jjdakkfe-1
8419,60,iffampgf-1
8420,60,jjpodihh-1
8421,60,modllamc-1
8422,60,lpjfgjdm-1
8423,60,gchkckpf-1
8424,60,jjolmkgf-1
8425,60,aofbjppe-1
8426,60,jondmegc-1
8427,60,fpjlgahp-1
8428,60,lopnhfci-1
8429,60,ijjlllkd-1
8430,60,ifknplnk-1
8431,60,lnladkpl-1
8432,60,bcpginoe-1
8433,60,oeaggkga-1
8434,60,jkhnepcb-1
8435,60,ajlpopma-1
8436,60,fhpmblhf-1
8437,60,afmakoik-1
8438,60,mpeoohlk-1
8439,60,nnojnbod-1
8440,60,lomabpko-1
8441,60,fpilneco-1
8442,60,ijcnlbdj-1
8443,60,jcbbbfdf-1
8444,60,nnlofoce-1
8445,60,jejckcpg-1
8446,60,loimpdbi-1
8447,60,jjomlaem-1
8448,60,jjhckdnd-1
8449,60,bchcamld-1
8450,60,moebaihl-1
8451,60,moondocm-1
8452,60,jjhidhjo-1
8453,60,iflhcjje-1
8454,60,jeljgedf-1
8455,60,fhmpoifa-1
8456,60,jonjoajm-1
8457,60,jhlpcoaj-1
8458,60,fpgahnif-1
8459,60,ikfgedmo-1
8460,60,fphcpchf-1
8461,60,jjlcgilj-1
8462,60,nnlecokb-1
8463,60,bcihhndc-1
8464,60,jhjmlmek-1
8465,60,afibajap-1
8466,60,mppllmpl-1
8467,60,jcaekele-1
8468,60,jjeekbkg-1
8469,60,fhnfipgn-1
8470,60,mnnekgkj-1
8471,60,ijpnmcmm-1
8472,60,jolbeckg-1
8473,60,ikaeihpe-1
8474,60,mnnclafd-1
8475,60,jkcanmgo-1
8476,60,jjobbooe-1
8477,60,apcgkdhp-1
8478,60,jkhkdeid-1
8479,60,bgjhaoog-1
8480,60,akkodkoo-1
8481,60,jhmohfph-1
8482,60,ilecdaff-1
8483,60,ijoojlcl-1
8484,60,mcdlfopj-1
8485,60,ijokpein-1
8486,60,jmdmloof-1
8487,60,mcclmdkf-1
8488,60,npbkfdng-1
8489,60,modjdkcn-1
8490,60,fpgcgmjf-1
8491,60,npfkmolk-1
8492,60,gcoagdbg-1
8493,60,lnlbdfce-1
8494,60,naoejbhp-1
8495,60,fgiaofpg-1
8496,60,jkjbhjpm-1
8497,60,mohogkea-1
8498,60,loojkkaf-1
8499,60,jcgjdoom-1
8500,60,bdicgdnn-1
8501,60,gaennmhk-1
8502,60,fhmgpecm-1
8503,60,odknelpb-1
8504,60,aogikihk-1
8505,60,aogipamk-1
8506,60,ohkloljh-1
8507,60,jkiemkdh-1
8508,60,nafemmjh-1
8509,60,jojkhjba-1
8510,60,jnegecdd-1
8511,60,jjppegid-1
8512,60,obbejegf-1
8513,60,jhmfnoml-1
8514,60,nhhfedcm-1
8515,60,jpaohmbd-1
8516,60,jnecikfk-1
8517,60,jkbgadnn-1
8518,60,ahdjggkb-1
8519,60,aflbmbld-1
8520,60,aogbilge-1
8521,60,npehbcph-1
8522,60,npehcnoe-1
8523,60,jjippclc-1
8524,60,jjfbajkp-1
8525,60,ifbgebpe-1
8526,60,afmfghij-1
8527,60,npckkeaa-1
8528,60,afhmpiho-1
8529,60,jjpchaff-1
8530,60,jmjfmgbo-1
8531,60,jmloeicp-1
8532,60,jnahplce-1
8533,60,jijmiphk-1
8534,60,bhbamool-1
8535,60,jejkinjp-1
8536,60,jmggohfa-1
8537,60,logglcbb-1
8538,60,ifapkldo-1
8539,60,ifldacah-1
8540,60,lokbflif-1
8541,60,fhpfhajl-1
8542,60,jnejpejg-1
8543,60,jhjhphig-1
8544,60,nnocacnd-1
8545,60,lojbbhfl-1
8546,60,mblojhda-1
8547,60,ijpcdjph-1
8548,60,mpdfbdlo-1
8549,60,ijkkedem-1
8550,60,bglfiamg-1
8551,60,oebkmpae-1
8552,60,ohjekpmk-1
8553,60,bchgnfib-1
8554,60,ijiomini-1
8555,60,alngdbja-1
8556,60,fhpafeif-1
8557,60,lpdpfemn-1
8558,60,lojjbhdd-1
8559,60,jmnlojng-1
8560,60,gaebmnob-1
8561,60,jmndlblk-1
8562,60,gafbmgia-1
8563,60,namgankm-1
8564,60,jjohjdio-1
8565,60,bdicloed-1
8566,60,ahdgbbck-1
8567,60,npcmnacp-1
8568,60,ijngapmc-1
8569,60,lpfniphf-1
8570,60,akmnlani-1
8571,60,mbpneeng-1
8572,60,jlnoogcc-1
8573,60,fhgnpbbg-1
8574,60,jkjcakhm-1
8575,60,ilccppml-1
8576,60,aheeiefk-1
8577,60,bclogkeo-1
8578,60,jhikehmm-1
8579,60,bcphbfpj-1
8580,60,nabcocje-1
8581,60,jjfhojgb-1
8582,60,afinakdo-1
8583,60,ikanhbbg-1
8584,60,mdemkokk-1
8585,60,mcejccdb-1
8586,60,npcbnndk-1
8587,60,fiakamim-1
8588,60,gcndlcma-1
8589,60,jkbhcded-1
8590,60,ifalncmc-1
8591,60,bgkckone-1
8592,60,lolocbpl-1
8593,60,ildbnnln-1
8594,60,aoecaloi-1
8595,60,mnphglgp-1
8596,60,fiafheej-1
8597,60,fphicgai-1
8598,60,jjlloknj-1
8599,60,jkhomkbg-1
8600,60,afkcjgik-1
8601,60,jjlenpch-1
8602,60,afmdmgji-1
8603,60,jeldffpe-1
8604,60,jjpdhbjm-1
8605,60,gdaiimhd-1
8606,60,jjcnnpnk-1
8607,60,fpcfmdoc-1
8608,60,ijlbchlp-1
8609,60,jnljjjno-1
8610,60,nnnhbogf-1
8611,60,gafbjhpg-1
8612,60,bgnhlcdl-1
8613,60,lonoaloj-1
8614,60,jehhmgcn-1
8615,60,jhjnpobg-1
8616,60,bgnhchop-1
8617,60,jhkbpkhm-1
8618,60,npcmlpoa-1
8619,60,mpacnmjn-1
8620,60,nnmanjbi-1
8621,60,mojnecjb-1
8622,60,ifempbfi-1
8623,60,ildacdlf-1
8624,60,jcadjkgc-1
8625,60,oagbappf-1
8626,60,akkhppbp-1
8627,60,gcpdbifb-1
8628,60,jjdpgjmp-1
8629,60,alkcjmdf-1
8630,60,jmmnokaa-1
8631,60,jcakamjj-1
8632,60,nnmbiafj-1
8633,60,allchplm-1
8634,60,ajikggad-1
8635,60,ijnhnagi-1
8636,60,mbpmalfm-1
8637,60,mocggjnp-1
8638,60,jmkfjkha-1
8639,60,npdcjfgm-1
8640,60,jkcfilid-1
8641,60,mpokikic-1
8642,60,fiallhkm-1
8643,60,npalmgdf-1
8644,60,jhmcolgm-1
8645,60,mcedjdcn-1
8646,60,fopfhhke-1
8647,60,jmnlhgoe-1
8648,60,mnomnflp-1
8649,60,aflgnlen-1
8650,60,jmmdbdha-1
8651,60,ngecabjm-1
8652,60,jjmaghdh-1
8653,60,fhmfhnkk-1
8654,60,nnkmnoph-1
8655,60,nafdodkb-1
8656,60,mpibfkfm-1
8657,60,jbpndedj-1
8658,60,mpblddal-1
8659,60,jhjpinbi-1
8660,60,jkinlein-1
8661,60,gadndebf-1
8662,60,npbgaaoa-1
8663,60,gcihfgap-1
8664,60,nfihkgbd-1
8665,60,jekmofbf-1
8666,60,ajhjfjlj-1
8667,60,fhoiopdb-1
8668,60,fpkkiclp-1
8669,60,jejinelh-1
8670,60,mpadkgpj-1
8671,60,nakniogg-1
8672,60,foiieiio-1
8673,60,fpkjghhk-1
8674,60,afkkppem-1
8675,60,bhblmlmf-1
8676,60,jjofblmh-1
8677,60,nnijkcgh-1
8678,60,johiajkk-1
8679,60,mohpnobk-1
8680,60,jkgalkpk-1
8681,60,naapbfea-1
8682,60,mocbhmni-1
8683,60,mppamnal-1
8684,60,fopfihih-1
8685,60,mcdneocc-1
8686,60,gdamiojf-1
8687,60,ifkaleld-1
8688,60,lpcpkaaa-1
8689,60,ijcmcpcg-1
8690,60,jjdfgacj-1
8691,60,ajhkggph-1
8692,60,ohjffikl-1
8693,60,fhmofald-1
8694,60,fpgmfldp-1
8695,60,gcppneao-1
8696,60,jiomjacb-1
8697,60,jlmoebpm-1
8698,60,akkidfpi-1
8699,60,jjioifge-1
8700,60,mpiphcml-1
8701,60,ajmagmdc-1
8702,60,loikjnjj-1
8703,60,jonfmcod-1
8704,60,ilebkfpn-1
8705,60,ikbjjgpn-1
8706,60,jijimjec-1
8707,60,jijihhen-1
8708,60,nojjgngd-1
8709,60,mojokodf-1
8710,60,nadeaipi-1
8711,60,jnlaiedo-1
8712,60,gcicbnpn-1
8713,60,jnafaplj-1
8714,60,nojhaijm-1
8715,60,jjpioenn-1
8716,60,jkgnijcc-1
8717,60,fhkenaoc-1
8718,60,bcikcjci-1
8719,60,gcljelhn-1
8720,60,mokfjjmn-1
8721,60,ijkkainj-1
8722,60,afhhahol-1
8723,60,ikhbanee-1
8724,60,mohggphm-1
8725,60,nfikgpmo-1
8726,60,bgohlela-1
8727,60,jemeabfc-1
8728,60,jenaddnh-1
8729,60,jpbhjhcd-1
8730,60,lpjnnnml-1
8731,60,mcdjbeip-1
8732,60,ngebnnnm-1
8733,60,nnlakkkp-1
8734,60,jlmggnnh-1
8735,60,ojbbaena-1
8736,60,mohhedmd-1
8737,60,ijjiappb-1
8738,60,logaengm-1
8739,60,mcckjceb-1
8740,60,afjpcjlp-1
8741,60,ileakgnk-1
8742,60,jmheaghn-1
8743,60,jbklgfpg-1
8744,60,jkhcmgbf-1
8745,60,amkeafpg-1
8746,60,afkkcecp-1
8747,60,lplhjbbd-1
8748,60,gafhhoif-1
8749,60,jihllbnf-1
8750,60,jkgkphka-1
8751,60,loljnaep-1
8752,60,jejfpmme-1
8753,60,afnooeic-1
8754,60,jnhohakl-1
8755,60,moigbgap-1
8756,60,ifliplhp-1
8757,60,jekbjlhf-1
8758,60,jnfbceap-1
8759,60,jmjochhp-1
8760,60,bgofolip-1
8761,60,jpaoncep-1
8762,60,lojeogdo-1
8763,60,bgkaghpe-1
8764,60,mpcnbhch-1
8765,60,mpcmokpn-1
8766,60,ngfmcenj-1
8767,60,jbkgccik-1
8768,60,apckbefl-1
8769,60,gdbeamlp-1
8770,60,jcbanbci-1
8771,60,gcmeaien-1
8772,60,fpibmflm-1
8773,60,obemeond-1
8774,60,ilabhjie-1
8775,60,mceklabj-1
8776,60,foihmael-1
8777,60,lojhfgao-1
8778,60,ngehoeep-1
8779,60,fhmhjjfm-1
8780,60,jiofagjh-1
8781,60,jhjmpgib-1
8782,60,mpagbfnl-1
8783,60,mbmmanah-1
8784,60,jjhokkgj-1
8785,60,afnnmooe-1
8786,60,jeldgdld-1
8787,60,jhjfdjgb-1
8788,60,fhmboppf-1
8789,60,mohnagbg-1
8790,60,jegigmjc-1
8791,60,afcgpccf-1
8792,60,jjkgobof-1
8793,60,ajhlmmlf-1
8794,60,mpccnoda-1
8795,60,fibnlapk-1
8796,60,alljmmcl-1
8797,60,odikahep-1
8798,60,akmdcapp-1
8799,60,fiakgojl-1
8800,60,jnebjkmm-1
8801,60,nfgdfifc-1
8802,60,bcimepme-1
8803,60,bgkdndae-1
8804,60,bciphjem-1
8805,60,bgkkgfei-1
8806,60,nhkgebmi-1
8807,60,jlkoickj-1
8808,60,mdliedgn-1
8809,60,foijepfo-1
8810,60,jonboalo-1
8811,60,jlfikeei-1
8812,60,fhdnofej-1
8813,60,jkbepncd-1
8814,60,iffpdadn-1
8815,60,mpollkln-1
8816,60,nojdoeic-1
8817,60,afjbnlfn-1
8818,60,gaecflke-1
8819,60,jcmfodem-1
8820,60,mojokjeb-1
8821,60,jlodomaa-1
8822,60,ifffjjpp-1
8823,60,gcofojhh-1
8824,60,lpbbkmjo-1
8825,60,afklhgci-1
8826,60,apceeioc-1
8827,60,ikbfkpdh-1
8828,60,obbgnlda-1
8829,60,jmpgccfl-1
8830,60,nhhjgldg-1
8831,60,aofldfpb-1
8832,60,jemalaib-1
8833,60,jelkhmjl-1
8834,60,naccpplf-1
8835,60,fhnacimg-1
8836,60,bciijiic-1
8837,60,jmgflcgj-1
8838,60,fhkbhcok-1
8839,60,fpgodfkp-1
8840,60,jmfipone-1
8841,60,iflenacf-1
8842,60,jjhpafdd-1
8843,60,mcekfipe-1
8844,60,jkgfkkkf-1
8845,60,ahdehhca-1
8846,60,jijkpfkn-1
8847,60,jhmkimip-1
8848,60,lpmaegad-1
8849,60,jjepehhc-1
8850,60,jhlebgii-1
8851,60,bhaoccla-1
8852,60,mphpodoi-1
8853,60,jehmgbjb-1
8854,60,mpplmhmd-1
8855,60,mohojplf-1
8856,60,fojcaijl-1
8857,60,lpjnlhkd-1
8858,60,anehmnik-1
8859,60,aodaoejp-1
8860,60,jjihljni-1
8861,60,ikbfejne-1
8862,60,joihnfok-1
8863,60,lojeacbc-1
8864,60,nennilgo-1
8865,60,bchddkjo-1
8866,60,mcdpfcnd-1
8867,60,mopoccfm-1
8868,60,mcceamof-1
8869,60,ohlehdcl-1
8870,60,lpgajnmb-1
8871,60,jbpmnnib-1
8872,60,aoffoakk-1
8873,60,ifeehdhc-1
8874,60,lplmfkmo-1
8875,60,nnofnemp-1
8876,60,fopfbfgo-1
8877,60,fpjfoolg-1
8878,60,ilaegaip-1
8879,60,nabcabcl-1
8880,60,ifffpffa-1
8881,60,hhkhdhlb-1
8882,60,jkifgjed-1
8883,60,jipepkkn-1
8884,60,nhieihbo-1
8885,60,jndjofcb-1
8886,60,ijnndpok-1
8887,60,lpjigibf-1
8888,60,jcggeicd-1
8889,60,jndmchef-1
8890,60,ijlnabma-1
8891,60,fhgpolmh-1
8892,60,gaepepfe-1
8893,60,aoglmdhh-1
8894,60,mofaalbn-1
8895,60,bgkhkckb-1
8896,60,jjchjgli-1
8897,60,nhhhjnpb-1
8898,60,ilckmmdn-1
8899,60,mpddmnij-1
8900,60,ijlobpbk-1
8901,60,jljmeaad-1
8902,60,ijjgmlai-1
8903,60,modhjhpj-1
8904,60,jjgcfnmb-1
8905,60,jkaflfac-1
8906,60,jijaflli-1
8907,60,joofbeao-1
8908,60,oecbgdom-1
8909,60,jllpncgi-1
8910,60,gabmmpij-1
8911,60,oecbggjp-1
8912,60,loghkkfk-1
8913,60,jjdmoodf-1
8914,60,nokejkoe-1
8915,60,ilepcnam-1
8916,60,fhopcafn-1
8917,60,mdldkojb-1
8918,60,fhkokpmn-1
8919,60,ilaenkif-1
8920,60,algljgek-1
8921,60,fhkhalna-1
8922,60,fpjollop-1
8923,60,aknaghpi-1
8924,60,afbmojen-1
8925,60,lookncgh-1
8926,60,jiidpjoa-1
8927,60,jmgehdda-1
8928,60,ijcpdomo-1
8929,60,jkbbnhgb-1
8930,60,jlmjkbei-1
8931,60,npdhhkaj-1
8932,60,mpokfmhj-1
8933,60,odldkgkf-1
8934,60,jkbigjod-1
8935,60,ildobpgn-1
8936,60,gafpeffa-1
8937,60,jehhbodo-1
8938,60,bcnlacjb-1
8939,60,gaecdkno-1
8940,60,mofcblnl-1
8941,60,fhljaiki-1
8942,60,iflbohbp-1
8943,60,jjgfecjc-1
8944,60,fhkdbecd-1
8945,60,mofelogk-1
8946,60,jkcceblj-1
8947,60,mccmkbda-1
8948,60,lpfjdflb-1
8949,60,npbfkfig-1
8950,60,npbdendh-1
8951,60,ifjamccc-1
8952,60,naajjlga-1
8953,60,ijfheabh-1
8954,60,mdebekhk-1
8955,60,mokkfoij-1
8956,60,npdfjcbp-1
8957,60,aflmiaan-1
8958,60,fhmbokko-1
8959,60,fhmkbppf-1
8960,60,gcimfibl-1
8961,60,ikafpgjj-1
8962,60,jhiegige-1
8963,60,odkpcldj-1
8964,60,fpjfmfml-1
8965,60,ifildepp-1
8966,60,ijciclfi-1
8967,60,jjoilmgg-1
8968,60,nnldkinb-1
8969,60,jmoffdgn-1
8970,60,jejbhnaa-1
8971,60,moohegoj-1
8972,60,lpjeabfo-1
8973,60,ijfggmim-1
8974,60,jjmpnnec-1
8975,60,jcbhmioc-1
8976,60,oebpheoe-1
8977,60,jeghaand-1
8978,60,ikbfjnaa-1
8979,60,hhkaoeac-1
8980,60,apcgcgdb-1
8981,60,mceemdbb-1
8982,60,mopcmmjb-1
8983,60,fpkjbklg-1
8984,60,ijmhjeib-1
8985,60,aflimiji-1
8986,60,nfildpoo-1
8987,60,nnhngnac-1
8988,60,ijdecdpi-1
8989,60,npfjokfl-1
8990,60,jeiodnbg-1
8991,60,mokdghll-1
8992,60,gdcngffe-1
8993,60,jmoogand-1
8994,60,jmhlneon-1
8995,60,bgjkijkc-1
8996,60,jljbhbnf-1
8997,60,mphmpijg-1
8998,60,fokfcnip-1
8999,60,jojkeeom-1
9000,60,jkbefiea-1
9001,60,bchnaahl-1
9002,60,jligmgjh-1
9003,60,loojeiof-1
9004,60,fhndggac-1
9005,60,jpaiobgb-1
9006,60,ijdappga-1
9007,60,mpepmiab-1
9008,60,fhhkaehj-1
9009,60,mokjldid-1
9010,60,jnecnabl-1
9011,60,afkdbnip-1
9012,60,jkhehaad-1
9013,60,lnkokndb-1
9014,60,jjcpoajl-1
9015,60,ijjaccbk-1
9016,60,jnfgjhnk-1
9017,60,jniehcnm-1
9018,60,jkidahke-1
9019,60,bcinelki-1
9020,60,mnnpplkp-1
9021,60,mbokoojk-1
9022,60,mcdhlhci-1
9023,60,jolckelc-1
9024,60,naffpcfh-1
9025,60,mbpefmeg-1
9026,60,mbmpnajp-1
9027,60,jjngijii-1
9028,60,jeijbgon-1
9029,60,loghmmba-1
9030,60,gcicmeho-1
9031,60,ijonfdon-1
9032,60,jkglnbip-1
9033,60,nhckbdjo-1
9034,60,jopfniad-1
9035,60,ojepaldj-1
9036,60,jonancjl-1
9037,60,jenenhec-1
9038,60,jeifgpai-1
9039,60,nnkmngpi-1
9040,60,bcnmhamg-1
9041,60,fhlpgkal-1
9042,60,afkebpem-1
9043,60,joodmkgk-1
9044,60,nnmajifi-1
9045,60,jjkfnadn-1
9046,60,ijdmelii-1
9047,60,jjkacgil-1
9048,60,ajiopccn-1
9049,60,jnhfmnah-1
9050,60,ifknomcc-1
9051,60,ifbfmili-1
9052,60,mcefhimk-1
9053,60,fpbiaaid-1
9054,60,jmmdeonj-1
9055,60,modilaao-1
9056,60,fpefofoh-1
9057,60,jhlkfkff-1
9058,60,ngecblje-1
9059,60,jioegjld-1
9060,60,bgokpiod-1
9061,60,moohhbbp-1
9062,60,nabijlfa-1
9063,60,obefpili-1
9064,60,ifmkdpfb-1
9065,60,mpipnhmp-1
9066,60,foikmekb-1
9067,60,fhmkeaco-1
9068,60,jnliaaam-1
9069,60,fghpegaf-1
9070,60,gdaodghg-1
9071,60,jlikefla-1
9072,60,bcoblgkk-1
9073,60,fpjbpgfe-1
9074,60,jlmgjgop-1
9075,60,jkcennhe-1
9076,60,mpifboch-1
9077,60,jjmmfgjh-1
9078,60,mdlckoje-1
9079,60,ikinemjo-1
9080,60,mcbnhdli-1
9081,60,obcdhpem-1
9082,60,bgnabfbk-1
9083,60,fhkknnee-1
9084,60,jkimgkjm-1
9085,60,jnhcnfnj-1
9086,60,ijbokbpp-1
9087,60,logfinop-1
9088,60,jndfnheb-1
9089,60,mopehnep-1
9090,60,jkgflepp-1
9091,60,mbnalkkb-1
9092,60,mcdnlngm-1
9093,60,nadblggb-1
9094,60,bcmliope-1
9095,60,moicpgok-1
9096,60,mphmelfp-1
9097,60,nakfeifm-1
9098,60,fhkjofhf-1
9099,60,ikikpoab-1
9100,60,jkbgamjl-1
9101,60,fhlmjgdo-1
9102,60,lopnklic-1
9103,60,jehphpkh-1
9104,60,mpihnelk-1
9105,60,lpbaeike-1
9106,60,mpendaje-1
9107,60,npbpgmkb-1
9108,60,ijlngnjg-1
9109,60,obbbnkmc-1
9110,60,lpdhdhib-1
9111,60,nnojehhc-1
9112,60,aocobkla-1
9113,60,jhkkdmnj-1
9114,60,nhdbgejm-1
9115,60,mcddnaff-1
9116,60,gcnahafa-1
9117,60,jjfijhgb-1
9118,60,jkhfofdk-1
9119,60,nokbmnop-1
9120,60,lohbodhg-1
9121,60,gdagimjj-1
9122,60,jmllpnnm-1
9123,60,jjpcgcbk-1
9124,60,lolchjcn-1
9125,60,nabiipck-1
9126,60,jmihfibd-1
9127,60,jjpcecdf-1
9128,60,bhboaaln-1
9129,60,nnneiplg-1
9130,60,bbddcodl-1
9131,60,gcmojlpf-1
9132,60,fopbjbib-1
9133,60,nhkcjecg-1
9134,60,jnkghodb-1
9135,60,ahbkjkhn-1
9136,60,mojpemop-1
9137,60,lpjgbhen-1
9138,60,fhhkkihi-1
9139,60,nnmbimha-1
9140,60,npcdjphp-1
9141,60,jmnlafia-1
9142,60,jehmiefb-1
9143,60,moclnomc-1
9144,60,jjciocgf-1
9145,60,jhlcmgae-1
9146,60,jjieihan-1
9147,60,nnmfkggh-1
9148,60,jjcleokm-1
9149,60,jlmoffnd-1
9150,60,mpobnlij-1
9151,60,mopigjni-1
9152,60,nnhkkcfm-1
9153,60,ahigldnd-1
9154,60,jhjnacfg-1
9155,60,jlmbmkam-1
9156,60,jhmlopoj-1
9157,60,ifhdhile-1
9158,60,jekbbeha-1
9159,60,ijiabgij-1
9160,60,jjkfjgpe-1
9161,60,jooifdfk-1
9162,60,jmdlfida-1
9163,60,mbmflgim-1
9164,60,mcebmnop-1
9165,60,jjfijfpe-1
9166,60,mcdcamle-1
9167,60,jljoigfg-1
9168,60,bgpnkedc-1
9169,60,bbapnnfh-1
9170,60,ahdhbgjm-1
9171,60,jejgpikg-1
9172,60,ikaakcco-1
9173,60,alianoao-1
9174,60,allkddke-1
9175,60,afipdook-1
9176,60,jejdgpmj-1
9177,60,ikhlghch-1
9178,60,afkpkknf-1
9179,60,algkbbnl-1
9180,60,jjmingkk-1
9181,60,mocbngil-1
9182,60,jjkjbmgo-1
9183,60,aocodddn-1
9184,60,fpkgcabe-1
9185,60,jjehpdon-1
9186,60,iflbnilg-1
9187,60,fpegpjil-1
9188,60,fheakecl-1
9189,60,ijibcjfm-1
9190,60,bcifjhfh-1
9191,60,mcbijmcg-1
9192,60,ngeiphga-1
9193,60,nnjhheem-1
9194,60,nohnnnbj-1
9195,60,nhcojobi-1
9196,60,fhecpimd-1
9197,60,nnknabfa-1
9198,60,gcodgbia-1
9199,60,jjpmbcdj-1
9200,60,nojmfomn-1
9201,60,jonnoijp-1
9202,60,fpggmkdl-1
9203,60,mbmpengl-1
9204,60,mdlamfdi-1
9205,60,jelcmhcc-1
9206,60,jkgmljhk-1
9207,60,bhajnlpb-1
9208,60,jmhogigj-1
9209,60,fpjaoali-1
9210,60,jndodkpm-1
9211,60,jmmplgem-1
9212,60,mdeffofb-1
9213,60,fhkbkdgp-1
9214,60,anfomkeb-1
9215,60,johjbibf-1
9216,60,bbaogdhf-1
9217,60,mcdjblpd-1
9218,60,jkceoljl-1
9219,60,ijcpkefn-1
9220,60,jmhgijda-1
9221,60,ijcbgpam-1
9222,60,jjdamcja-1
9223,60,bgpfedfh-1
9224,60,moegpdka-1
9225,60,fpbcpncg-1
9226,60,mpcnldmf-1
9227,60,jjkbbknk-1
9228,60,gcindcpd-1
9229,60,aljpbmbp-1
9230,60,moedooph-1
9231,60,gcndinog-1
9232,60,joifmbio-1
9233,60,ijkodnkf-1
9234,60,obbilnkn-1
9235,60,nacckfjj-1
9236,60,ijnhnnig-1
9237,60,oebefkfd-1
9238,60,moijmafj-1
9239,60,mpibikbm-1
9240,60,lpjpbgfe-1
9241,60,nadamdga-1
9242,60,ijkkobgl-1
9243,60,ohipohio-1
9244,60,nnmfkbae-1
9245,60,fpgjnnii-1
9246,60,jcgglfpg-1
9247,60,jelmjkkp-1
9248,60,fpeacpln-1
9249,60,mccppaof-1
9250,60,bgkmgmhl-1
9251,60,mphibmnm-1
9252,60,mopgkkma-1
9253,60,jhnnmfnh-1
9254,60,nojnampo-1
9255,60,jbmbhpno-1
9256,60,mpbbijkk-1
9257,60,ijojeccd-1
9258,60,jnfgignk-1
9259,60,jnlaklnh-1
9260,60,moidiggk-1
9261,60,bgoemeom-1
9262,60,jmijbdod-1
9263,60,gchfkbeb-1
9264,60,jmibldhd-1
9265,60,ngednepk-1
9266,60,ngfmdeom-1
9267,60,npbjjppo-1
9268,60,fhepecba-1
9269,60,jbppeoji-1
9270,60,jejpjmlc-1
9271,60,lpedajce-1
9272,60,nnnofjeg-1
9273,60,ijcgjknk-1
9274,60,mbmnkapc-1
9275,60,jokajkeb-1
9276,60,jpahmpoc-1
9277,60,aogfllch-1
9278,60,nacdkhke-1
9279,60,bbbamjkp-1
9280,60,ifmngaep-1
9281,60,bhakefgi-1
9282,60,gadpbcgh-1
9283,60,jjkpcmgh-1
9284,60,bgjcannh-1
9285,60,nfikcgfo-1
9286,60,jjfhffpk-1
9287,60,nnoicjnf-1
9288,60,gddbjjaf-1
9289,60,jjgmpjlm-1
9290,60,fhdnigpe-1
9291,60,jjhmlacj-1
9292,60,aliagjdh-1
9293,60,jhjaakpa-1
9294,60,jcabamii-1
9295,60,jjdpdgfo-1
9296,60,fhhfhnep-1
9297,60,ijkiigcj-1
9298,60,jjpnbfek-1
9299,60,ifilgbmk-1
9300,60,jiilkpnj-1
9301,60,jmmegdcl-1
9302,60,jkbmkjcn-1
9303,60,jjfoogbj-1
9304,60,jmmiijjn-1
9305,60,gachlapd-1
9306,60,naakicbm-1
9307,60,bccebiao-1
9308,60,gcldhpfd-1
9309,60,moohhmnp-1
9310,60,bgpdpphe-1
9311,60,fhgkpmeg-1
9312,60,jjipmonc-1
9313,60,jiinefce-1
9314,60,ilfelmmh-1
9315,60,gdalhcoj-1
9316,60,jjloglpl-1
9317,60,ngfjbhgp-1
9318,60,jmiojbpn-1
9319,60,ijlgjfhp-1
9320,60,fhldjhea-1
9321,60,jcbhnknh-1
9322,60,afkiddea-1
9323,60,jcbafpdc-1
9324,60,mpanjcnf-1
9325,60,ijmfeghp-1
9326,60,ijdgefib-1
9327,60,ijopojgk-1
9328,60,jjlkpnah-1
9329,60,aoglpeca-1
9330,60,bbdblahk-1
9331,60,ilaecpii-1
9332,60,aofcbdbk-1
9333,60,bcocaaaj-1
9334,60,mdeogddm-1
9335,60,gdagkcem-1
9336,60,neodcdfj-1
9337,60,alkbfojd-1
9338,60,allddoed-1
9339,60,jijjdlpd-1
9340,60,gcmgejap-1
9341,60,fopnkjob-1
9342,60,jmjfenbk-1
9343,60,loopjnme-1
9344,60,afjefhpa-1
9345,60,bhamllig-1
9346,60,ikhedamj-1
9347,60,gdajkkkd-1
9348,60,mpnjehlf-1
9349,60,fhehildi-1
9350,60,nnjackap-1
9351,60,iffkohdb-1
9352,60,afkmoiib-1
9353,60,oeapjbfm-1
9354,60,gcngmpdc-1
9355,60,mcdbdnlg-1
9356,60,ohieppng-1
9357,60,jmjfambi-1
9358,60,nnifnlmf-1
9359,60,nofdbckl-1
9360,60,nacpgnjh-1
9361,60,fhljpdgf-1
9362,60,odilgaih-1
9363,60,jmlkdfnm-1
9364,60,ijpbgimk-1
9365,60,jempdelj-1
9366,60,jeinbimh-1
9367,60,lpfoceff-1
9368,60,naenapjp-1
9369,60,nolpjahb-1
9370,60,jcbjhmlg-1
9371,60,jbmgadaj-1
9372,60,mpfahfal-1
9373,60,gcmobbjj-1
9374,60,mbpeagpn-1
9375,60,bbcnnlme-1
9376,60,jomnamio-1
9377,60,fhpfhchg-1
9378,60,nojpbpne-1
9379,60,gcnhbbkm-1
9380,60,jbkdpakc-1
9381,60,lnlffndo-1
9382,60,allkndhc-1
9383,60,jehbjcek-1
9384,60,fphacfkf-1
9385,60,gckmopmo-1
9386,60,mcdcgdhk-1
9387,60,mbogmmmg-1
9388,60,jkbchhdf-1
9389,60,jlmihmca-1
9390,60,jmoedcdi-1
9391,60,jonlcdco-1
9392,60,jkholeem-1
9393,60,mopadnba-1
9394,60,fghmnjpj-1
9395,60,gcpogkce-1
9396,60,gaagfkcc-1
9397,60,mbnfdpog-1
9398,60,lolncoon-1
9399,60,jlnpolen-1
9400,60,logopaob-1
9401,60,apdamkeo-1
9402,60,nnjbkmlb-1
9403,60,mpdnhbik-1
9404,60,fheglbgg-1
9405,60,mochacme-1
9406,60,fhdckpmo-1
9407,60,mpbcbffh-1
9408,60,jhlnkepc-1
9409,60,ahdncihb-1
9410,60,fibdhjih-1
9411,60,jjheffmp-1
9412,60,gaepbddh-1
9413,60,mnnlmjna-1
9414,60,lplhbaol-1
9415,60,mohmnpko-1
9416,60,foiobmga-1
9417,60,ikakpnni-1
9418,60,mccjgime-1
9419,60,jcaofmfa-1
9420,60,gchngebe-1
9421,60,mohmgbmh-1
9422,60,jjjcokme-1
9423,60,bgpogoji-1
9424,60,mdefhbon-1
9425,60,fojmeolb-1
9426,60,lpdpamah-1
9427,60,ijmdedjc-1
9428,60,jnligadg-1
9429,60,fhekidef-1
9430,60,jjemjdpb-1
9431,60,jbkdjped-1
9432,60,jmonbjmn-1
9433,60,fokebeni-1
9434,60,mcbkjpdp-1
9435,60,jmkajjkn-1
9436,60,jbddiopn-1
9437,60,jemdjkdn-1
9438,60,ijckobla-1
9439,60,gcnkejcl-1
9440,60,ildemldm-1
9441,60,mpdaoipa-1
9442,60,ikhkmdgf-1
9443,60,jjdkllal-1
9444,60,nnmehidd-1
9445,60,gclpnjaf-1
9446,60,fhhfjmle-1
9447,60,ikbefncm-1
9448,60,jonflpib-1
9449,60,fhldhfbk-1
9450,60,fpbemked-1
9451,60,ijcmkddm-1
9452,60,afinchmb-1
9453,60,jkjebaop-1
9454,60,alneckog-1
9455,60,ijfdogol-1
9456,60,gabpdcfn-1
9457,60,jmikbomi-1
9458,60,mpbmhfni-1
9459,60,lojegbah-1
9460,60,ijlblbcn-1
9461,60,gcnbgmkc-1
9462,60,ildkbaod-1
9463,60,ifefccmc-1
9464,60,loingjka-1
9465,60,mpcolnbb-1
9466,60,alkaoggn-1
9467,60,ohkpdlkc-1
9468,60,bhabmldh-1
9469,60,fhmnbpcd-1
9470,60,oebakkmo-1
9471,60,bgobkeed-1
9472,60,naaiojek-1
9473,60,mojmpogn-1
9474,60,logmgdoj-1
9475,60,mdlcbmjh-1
9476,60,npcgcepj-1
9477,60,bchcbpdh-1
9478,60,jhigimgl-1
9479,60,lokhoenf-1
9480,60,aoclpnci-1
9481,60,mpaphknh-1
9482,60,jkhioncl-1
9483,60,jelcedje-1
9484,60,jnledjna-1
9485,60,iffnobof-1
9486,60,ilecbkoe-1
9487,60,ikhfajhi-1
9488,60,lolffkdc-1
9489,60,jhlhnnnj-1
9490,60,ifhiahlg-1
9491,60,mcejpiah-1
9492,60,jcbjldng-1
9493,60,ilehkcbb-1
9494,60,ohjalilc-1
9495,60,bbdbcilg-1
9496,60,ifbceloj-1
9497,60,ilfbanmb-1
9498,60,ildokdgk-1
9499,60,ngefhebd-1
9500,60,ifbanffo-1
9501,60,ijofnboo-1
9502,60,ijdanmdd-1
9503,60,ahabhcem-1
9504,60,alkbdbho-1
9505,60,ifkmmmae-1
9506,60,jcadlaag-1
9507,60,jlmgmmal-1
9508,60,gchfephf-1
9509,60,ahajlned-1
9510,60,jehikhpk-1
9511,60,lojpecgm-1
9512,60,jelapafe-1
9513,60,akmlnabf-1
9514,60,nnjeckpj-1
9515,60,ifbdnbbj-1
9516,60,npdlnjca-1
9517,60,akkglmlo-1
9518,60,moegffhl-1
9519,60,gcmomkpc-1
9520,60,gcpgaifi-1
9521,60,fhlnnmmo-1
9522,60,jmhomojn-1
9523,60,bhablndg-1
9524,60,bgpljhoj-1
9525,60,mdjncaoa-1
9526,60,mnoepcej-1
9527,60,oebegjfm-1
9528,60,jmkgdici-1
9529,60,loibfilb-1
9530,60,ahdioiah-1
9531,60,ifkfccil-1
9532,60,lojdjfhe-1
9533,60,nhjonnkm-1
9534,60,nnkdifdf-1
9535,60,mpajnnhg-1
9536,60,mcceghan-1
9537,60,jollmmbi-1
9538,60,jkbkcjbc-1
9539,60,joiafiio-1
9540,60,ileepofb-1
9541,60,jelbabcj-1
9542,60,iflhkhfh-1
9543,60,akkgglia-1
9544,60,fhkgeljj-1
9545,60,gackkmif-1
9546,60,nofffdea-1
9547,60,angjmacd-1
9548,60,jjnplpfn-1
9549,60,jhknphbk-1
9550,60,jellmkln-1
9551,60,ijkijoef-1
9552,60,jmmnphka-1
9553,60,nnocgcbh-1
9554,60,jligohkg-1
9555,60,nacbolhf-1
9556,60,aflgphig-1
9557,60,lnkobdla-1
9558,60,nofcdcbc-1
9559,60,ifiolkpj-1
9560,60,jeiofohb-1
9561,60,fphjmpfc-1
9562,60,fpgpnoeg-1
9563,60,gafabafm-1
9564,60,nakifhbn-1
9565,60,npfengfm-1
9566,60,nohgmleb-1
9567,60,ifepjfme-1
9568,60,jekkalen-1
9569,60,aofggmae-1
9570,60,jjpcfndm-1
9571,60,jmnpkkec-1
9572,60,nhjpgnej-1
9573,60,fhllcbnb-1
9574,60,afjbgdbg-1
9575,60,mocfaidp-1
9576,60,modfjadm-1
9577,60,jkiplphe-1
9578,60,ildccpbo-1
9579,60,oedifomo-1
9580,60,jiigemnj-1
9581,60,allmdbim-1
9582,60,jjmepfhf-1
9583,60,jkjdpkjk-1
9584,60,jmiclibg-1
9585,60,aoggajbd-1
9586,60,obefpdlg-1
9587,60,jbkanifk-1
9588,60,ojgjnnpf-1
9589,60,gcpojhff-1
9590,60,npapeglf-1
9591,60,lojeebak-1
9592,60,lpfpaagf-1
9593,60,jjdboipi-1
9594,60,oaggclho-1
9595,60,akmbdpmi-1
9596,60,ijdcieeh-1
9597,60,nollocko-1
9598,60,nhcoahel-1
9599,60,ilaenief-1
9600,60,bgnhoiak-1
9601,60,gchnacmk-1
9602,60,jlmidlek-1
9603,60,mbnocilh-1
9604,60,ilaeidfh-1
9605,60,nabibomk-1
9606,60,fhmnobem-1
9607,60,nnmamfpa-1
9608,60,jijlaanh-1
9609,60,ijmknioo-1
9610,60,ijopgeae-1
9611,60,jhkdhhgn-1
9612,60,jjkabkae-1
9613,60,iflajmfo-1
9614,60,fhempofd-1
9615,60,moopljek-1
9616,60,ikidgmoi-1
9617,60,gafhcagm-1
9618,60,nnoapgpe-1
9619,60,ijdhkdmm-1
9620,60,lpfbfnpi-1
9621,60,ilcedjca-1
9622,60,jmlijijd-1
9623,60,bbcibeao-1
9624,60,mnnoohdp-1
9625,60,foopooof-1
9626,60,jlkoknne-1
9627,60,lokcchmh-1
9628,60,ohlglekf-1
9629,60,lokdhflf-1
9630,60,jcbffigd-1
9631,60,jmihnpkm-1
9632,60,ifhiecio-1
9633,60,fhmhbobl-1
9634,60,ifajcgij-1
9635,60,jcbcobak-1
9636,60,fhmnodjm-1
9637,60,jekopebc-1
9638,60,jjnaodpc-1
9639,60,lokhgnhj-1
9640,60,jhmpgmia-1
9641,60,jmodoomk-1
9642,60,nfhmkdhm-1
9643,60,jhodbmnc-1
9644,60,jmhpfgpa-1
9645,60,bhainfbn-1
9646,60,ifilciim-1
9647,60,lpmaljka-1
9648,60,fpfoffdg-1
9649,60,bgnbihhj-1
9650,60,lohnakph-1
9651,60,gadafaac-1
9652,60,gcnbblkf-1
9653,60,mpenahfk-1
9654,60,mnoimehk-1
9655,60,bciahbno-1
9656,60,ijobeklg-1
9657,60,ifamcknn-1
9658,60,ildpncpf-1
9659,60,npeglcfi-1
9660,60,fpganhkf-1
9661,60,jeglkdkg-1
9662,60,mpbkepcl-1
9663,60,nhjipcjh-1
9664,60,npdfmofm-1
9665,60,mcegaeik-1
9666,60,mogpegbb-1
9667,60,jkceldid-1
9668,60,jjfkjjei-1
9669,60,aofgnagm-1
9670,60,ifjompjk-1
9671,60,jonhkehj-1
9672,60,jonoakaj-1
9673,60,fpjcogjf-1
9674,60,fhhghldj-1
9675,60,bhajamjh-1
9676,60,nhkfhmkb-1
9677,60,naldaifj-1
9678,60,mpobmbjj-1
9679,60,bchfjjjn-1
9680,60,gclilcje-1
9681,60,mpiliffh-1
9682,60,afjoapdk-1
9683,60,fhmcolme-1
9684,60,gdaahcnc-1
9685,60,jkgldfff-1
9686,60,ilfecmel-1
9687,60,obbhcdll-1
9688,60,fhmglfmm-1
9689,60,ileobgia-1
9690,60,mbpnknkh-1
9691,60,lpdmnhnj-1
9692,60,nokhohbe-1
9693,60,gcpkloee-1
9694,60,jneeceih-1
9695,60,fhpemood-1
9696,60,odieppeh-1
9697,60,mpecdhah-1
9698,60,mcbkklcb-1
9699,60,jjnmngii-1
9700,60,nolaphpc-1
9701,60,afilgmnm-1
9702,60,jhlfelcf-1
9703,60,afmfonkm-1
9704,60,jnlhhonb-1
9705,60,gddbkifp-1
9706,60,lnkkibgh-1
9707,60,mopncoea-1
9708,60,gcppgjmj-1
9709,60,jiojecea-1
9710,60,mcdgdane-1
9711,60,aheekdji-1
9712,60,jjgiiekn-1
9713,60,ijehllma-1
9714,60,bgkjaiph-1
9715,60,ikaialla-1
9716,60,jcmifkcc-1
9717,60,fhepimbn-1
9718,60,aoecbjoh-1
9719,60,moholgjc-1
9720,60,ileangdc-1
9721,60,jelfbegc-1
9722,60,akkhpdam-1
9723,60,gdaljhpd-1
9724,60,jjeefklo-1
9725,60,jkbcdgmf-1
9726,60,jmjodenj-1
9727,60,alibfngc-1
9728,60,mbmkkbck-1
9729,60,jhofoeip-1
9730,60,gcidplnc-1
9731,60,jhoaafcn-1
9732,60,jemcahhb-1
9733,60,mcdjiphc-1
9734,60,ijfcjjna-1
9735,60,afjodgbm-1
9736,60,odknjbgc-1
9737,60,ijlifmal-1
9738,60,afhmjill-1
9739,60,fhldoocd-1
9740,60,ifngdnfh-1
9741,60,bhahkbne-1
9742,60,jlfoknpo-1
9743,60,lolbpofa-1
9744,60,jmnngfbc-1
9745,60,jnkjghdc-1
9746,60,jlngnpfe-1
9747,60,jmgcpgoo-1
9748,60,jndgfboh-1
9749,60,fpeflfph-1
9750,60,ajijilfc-1
9751,60,npdgfikh-1
9752,60,gaeoijab-1
9753,60,gcnminkn-1
9754,60,fhpikbea-1
9755,60,jjfjelgg-1
9756,60,jmonkiae-1
9757,60,fiajfgkh-1
9758,60,ijohkbak-1
9759,60,jjokchib-1
9760,60,nnhpmfjo-1
9761,60,bgmijbpj-1
9762,60,fhncoibi-1
9763,60,nnohlnmo-1
9764,60,ojhinmma-1
9765,60,lopfnogk-1
9766,60,ijmbndlj-1
9767,60,mcbdflkc-1
9768,60,jlmnmgdl-1
9769,60,lpecncjf-1
9770,60,lpilmjgh-1
9771,60,jjlbakid-1
9772,60,fopcdail-1
9773,60,ikbdjhpk-1
9774,60,jlklcaob-1
9775,60,jnepcmfk-1
9776,60,jbmdenoi-1
9777,60,ijfbkpeb-1
9778,60,jlnjnbac-1
9779,60,jjdlhjfo-1
9780,60,nabnpifp-1
9781,60,nfgjhdnb-1
9782,60,ijdlnpmo-1
9783,60,afnoiehi-1
9784,60,mcemeccp-1
9785,60,nakmpflc-1
9786,60,looihakg-1
9787,60,jmnogicf-1
9788,60,jokijagc-1
9789,60,bchinbhp-1
9790,60,jjgmflmd-1
9791,60,nhihbfcg-1
9792,60,bchbakkn-1
9793,60,gaciennf-1
9794,60,ifmliflf-1
9795,60,aochkjic-1
9796,60,ijngongo-1
9797,60,ijimgkib-1
9798,60,jmhcjlog-1
9799,60,fpggcjbn-1
9800,60,jjojcljl-1
9801,60,naffdghf-1
9802,60,jonglpnm-1
9803,60,apdaabfj-1
9804,60,nakcmcli-1
9805,60,lnmejcpb-1
9806,60,ifbdclcf-1
9807,60,lojefkhe-1
9808,60,nepfhjlp-1
9809,60,jmkcdobe-1
9810,60,gadpfblf-1
9811,60,bchlohkp-1
9812,60,aocdmokk-1
9813,60,jmhkmjcd-1
9814,60,ifmoknmg-1
9815,60,afjifmge-1
9816,60,mnnboajh-1
9817,60,jmhckahk-1
9818,60,jkhigbff-1
9819,60,nakfgnok-1
9820,60,nhhjgkkb-1
9821,60,gdcphjed-1
9822,60,bgnnihog-1
9823,60,jolccehn-1
9824,60,ojaglkfb-1
9825,60,jcaekpeh-1
9826,60,jkalopfn-1
9827,60,jcbibbkd-1
9828,60,jmidgani-1
9829,60,jkifooif-1
9830,60,nolipcdf-1
9831,60,ngeemjlg-1
9832,60,jjckhdbi-1
9833,60,gcnoahab-1
9834,60,npalaebn-1
9835,60,ifhnpfic-1
9836,60,jhjemnkh-1
9837,60,jkhkccim-1
9838,60,bgoclchi-1
9839,60,mpchmbln-1
9840,60,nacjmjli-1
9841,60,jkcpcnol-1
9842,60,mpbgljlo-1
9843,60,ifbapeoc-1
9844,60,jhljlaol-1
9845,60,jlmaibdi-1
9846,60,lonpbnjd-1
9847,60,jjkaopib-1
9848,60,mcccipgg-1
9849,60,nhhccakk-1
9850,60,jipcbeih-1
9851,60,ahegehdm-1
9852,60,jmiohcom-1
9853,60,fpjeoijo-1
9854,60,jekiefoa-1
9855,60,gafkppaj-1
9856,60,nafdcljk-1
9857,60,alibjjej-1
9858,60,bddekhcn-1
9859,60,ahejleja-1
9860,60,jlfpceic-1
9861,60,ifbdcipp-1
9862,60,mopibgbb-1
9863,60,jnakdgcb-1
9864,60,afkehgkl-1
9865,60,gaeahjmd-1
9866,60,bgngcnpa-1
9867,60,lnklpdnf-1
9868,60,jljenlli-1
9869,60,mpabeofo-1
9870,60,bcijnmkc-1
9871,60,jojkoggl-1
9872,60,jkhmnlpn-1
9873,60,ilcgfbgc-1
9874,60,bgoaocec-1
9875,60,gdbahekh-1
9876,60,bcnofjpo-1
9877,60,ohkolfim-1
9878,60,bciohdoj-1
9879,60,oedpkeaj-1
9880,60,ohipgdpk-1
9881,60,ijeeblbp-1
9882,60,jenbinfm-1
9883,60,npbgapmf-1
9884,60,jmidkegb-1
9885,60,nfggenbl-1
9886,60,bhbnpcbn-1
9887,60,jjmibenb-1
9888,60,fibcdnfh-1
9889,60,bddaifip-1
9890,60,jbbeokon-1
9891,60,lopficjb-1
9892,60,bbapnadd-1
9893,60,ajincdho-1
9894,60,jlmafblf-1
9895,60,mphpflmo-1
9896,60,fpbeiidg-1
9897,60,fhffnlok-1
9898,60,jjlgdgdd-1
9899,60,ijggkjof-1
9900,60,lpdbfghf-1
9901,60,fhpndlbj-1
9902,60,lojcpgeb-1
9903,60,nalccilj-1
9904,60,lpenooio-1
9905,60,lnkpbihg-1
9906,60,jkbalnbc-1
9907,60,bhaddkia-1
9908,60,fhlfobaa-1
9909,60,moejjdib-1
9910,60,bhaoigha-1
9911,60,nacbnjnc-1
9912,60,mpbmfngj-1
9913,60,afhgfgpk-1
9914,60,jokngeaa-1
9915,60,fhokdmlp-1
9916,60,nnjegijj-1
9917,60,jjocenil-1
9918,60,jnkijckh-1
9919,60,jijneapm-1
9920,60,jndffoop-1
9921,60,jjffgnef-1
9922,60,ifanbldf-1
9923,60,aocjpafa-1
9924,60,npbilimp-1
9925,60,aocpobpa-1
9926,60,jkgofeke-1
9927,60,lpdfnjpf-1
9928,60,lpgdfnfm-1
9929,60,ijecaofb-1
9930,60,jhlpjfnk-1
9931,60,jcbdfbfi-1
9932,60,ijjfanof-1
9933,60,jlnlicop-1
9934,60,ijpdlhjg-1
9935,60,ikhnkdmf-1
9936,60,lpimhijn-1
9937,60,jndhnnib-1
9938,60,bfnfpfmf-1
9939,60,nniemlna-1
9940,60,jmingpbp-1
9941,60,nojpnbfb-1
9942,60,mccidabo-1
9943,60,johofepj-1
9944,60,nofaandi-1
9945,60,ijndlmol-1
9946,60,jhnpbkea-1
9947,60,jjoplogb-1
9948,60,jiooiicd-1
9949,60,jmpeffaf-1
9950,60,lofpplbb-1
9951,60,mpoglmcm-1
9952,60,bfngifom-1
9953,60,jcgeobok-1
9954,60,naemlppb-1
9955,60,jomnekii-1
9956,60,nnidkjgh-1
9957,60,jkcmflln-1
9958,60,nojanhik-1
9959,60,bchfmjad-1
9960,60,mokkhmio-1
9961,60,lnkmeond-1
9962,60,jjkmjnbl-1
9963,60,nojconol-1
9964,60,bcnlmmke-1
9965,60,jmldiehb-1
9966,60,bgnflajl-1
9967,60,fpicojnf-1
9968,60,akmkplih-1
9969,60,ikadpgla-1
9970,60,jlninjai-1
9971,60,bgjcgeen-1
9972,60,modmenhi-1
9973,60,jlkpgmgg-1
9974,60,mccbcfla-1
9975,60,mpfdnfjg-1
9976,60,nhigekem-1
9977,60,gckokmcl-1
9978,60,gcphjaia-1
9979,60,jjledejc-1
9980,60,mcbpiild-1
9981,60,moolejfb-1
9982,60,jholljkc-1
9983,60,jlilceja-1
9984,60,gdcojkgo-1
9985,60,logfmkoi-1
9986,60,jeiclane-1
9987,60,gcnhjejg-1
9988,60,ahamomla-1
9989,60,fhpfikoa-1
9990,60,jjmfekdi-1
9991,60,jbanhmbl-1
9992,60,jhncflom-1
9993,60,mdfhaldc-1
9994,60,jjphdnho-1
9995,60,mbmponaf-1
9996,60,ifefdhkh-1
9997,60,npfhkpba-1
9998,60,jekmnjlb-1
9999,60,nakkceep-1
10000,60,lokahael-1
10001,60,jmoigbpf-1
10002,60,nhjlleea-1
10003,60,mochpimo-1
10004,100,aobmoomk-1
10005,100,bholkidj-1
10006,100,foomfkaa-1
10007,100,bdgfljci-1
10008,100,kdchgkkg-1
10009,100,flgjkiog-1
10010,100,iepdkbgc-1
10011,100,bbmljchk-1
10012,100,gciphkim-1
10013,100,ngdeacgi-1
10014,100,ngfeaili-1
10015,100,kaecoagl-1
10016,100,jnmliiin-1
10017,100,mddfoilo-1
10018,100,capiikgn-1
10019,100,fimoeajg-1
10020,100,iiipddep-1
10021,100,ngdlcopn-1
10022,100,bdachchh-1
10023,100,nhglmogo-1
10024,100,fgbdmoge-1
10025,100,jngpblnn-1
10026,100,ddbkknga-1
10027,100,loebkiec-1
10028,100,fomchjme-1
10029,100,bialcblg-1
10030,100,jpccdnnb-1
10031,100,ohnaccle-1
10032,100,caodjbal-1
10033,100,gdcjohei-1
10034,100,cbgjnnkj-1
10035,100,afniaghd-1
10036,100,flfpfjhg-1
10037,100,jklopcch-1
10038,100,cbgldojb-1
10039,100,kdclpndi-1
10040,100,gcikdmma-1
10041,100,obcffkni-1
10042,100,bcpaebbi-1
10043,100,jpooefmf-1
10044,100,jioamcbn-1
10045,100,dcgidiln-1
10046,100,nbcdofac-1
10047,100,nodldcpm-1
10048,100,fgljpdag-1
10049,100,bgmnmdmp-1
10050,100,kabnmngi-1
10051,100,ahjhhpel-1
10052,100,dcblgjin-1
10053,100,ddkodbfi-1
10054,100,kdddcinp-1
10055,100,mdognlpn-1
10056,100,lpbolmnn-1
10057,100,mdejjacc-1
10058,100,jiefeoni-1
10059,100,lpbdkpcc-1
10060,100,gdfcegoj-1
10061,100,fikbeocp-1
10062,100,dcbnaeid-1
10063,100,bcnaadje-1
10064,100,jiniaihd-1
10065,100,jiekhhff-1
10066,100,jkobbaog-1
10067,100,nodcodcm-1
10068,100,ikmbdnlg-1
10069,100,lpcclnjb-1
10070,100,keejiapc-1
10071,100,gdbmhmgj-1
10072,100,cbgiljcn-1
10073,100,bcndhdnl-1
10074,100,bcebimhh-1
10075,100,jjcbcjfk-1
10076,100,dbnhohmk-1
10077,100,keblpema-1
10078,100,beipkkkh-1
10079,100,nfdjaaeo-1
10080,100,bidaldbp-1
10081,100,nihggkoc-1
10082,100,jefnkoma-1
10083,100,neojecad-1
10084,100,nekpljke-1
10085,100,joclphgd-1
10086,100,kaibmlpa-1
10087,100,igfkamnp-1
10088,100,neogepic-1
10089,100,almpcchb-1
10090,100,odjbdoma-1
10091,100,jipkkcgl-1
10092,100,bfmlgkfd-1
10093,100,nnoldmem-1
10094,100,bfjpnljk-1
10095,100,afnbmklh-1
10096,100,nodfdlge-1
10097,100,jkofaeaa-1
10098,100,nijcehge-1
10099,100,ikjcaeeo-1
10100,100,afmmkgic-1
10101,100,bidgcell-1
10102,100,nbdjiomo-1
10103,100,jkedeoej-1
10104,100,gdddibpa-1
10105,100,filijaba-1
10106,100,dgjjcjpj-1
10107,100,noopehaf-1
10108,100,npjciipo-1
10109,100,jpilbdnb-1
10110,100,ddbmdkcj-1
10111,100,lnljnbmf-1
10112,100,fijnoncg-1
10113,100,joafhamp-1
10114,100,mndoggnk-1
10115,100,ganfejmm-1
10116,100,mneenlhf-1
10117,100,bcmjnfbn-1
10118,100,mefadmkb-1
10119,100,jcoeodbp-1
10120,100,nkplbgak-1
10121,100,igdfmiog-1
10122,100,fgmoheab-1
10123,100,flaaidgf-1
10124,100,ijbgdeee-1
10125,100,gdgologj-1
10126,100,jefelhbn-1
10127,100,dcklfgcb-1
10128,100,nhafgbeh-1
10129,100,dchmgdkc-1
10130,100,fhhnfdlb-1
10131,100,fhcacfmg-1
10132,100,bcagahlm-1
10133,100,nookeiop-1
10134,100,nhalmilj-1
10135,100,naofmpke-1
10136,100,oafmpldn-1
10137,100,jennflep-1
10138,100,mdjloofo-1
10139,100,dbejdcla-1
10140,100,dghcggcl-1
10141,100,jjbjlogm-1
10142,100,jpiooedh-1
10143,100,nfcbdgeb-1
10144,100,mdbmicog-1
10145,100,jolmignc-1
10146,100,gdcfagbm-1
10147,100,noomenfb-1
10148,100,fokgdnbh-1
10149,100,jchgnfcg-1
10150,100,ddlpfpdb-1
10151,100,obajmffl-1
10152,100,nelnkado-1
10153,100,meaebacl-1
10154,100,afleloef-1
10155,100,dcmnccbo-1
10156,100,noahkkod-1
10157,100,bfjgfldh-1
10158,100,odiehakb-1
10159,100,fgpgmmlf-1
10160,100,mdmfhjfi-1
10161,100,jknabdmc-1
10162,100,afbgeokl-1
10163,100,odjgdkpm-1
10164,100,ddbkedaj-1
10165,100,jenlnnbd-1
10166,100,jnhaadfk-1
10167,100,nniipffb-1
10168,100,igabgpbl-1
10169,100,jijmepgd-1
10170,100,nelmfahc-1
10171,100,nbamknoj-1
10172,100,dckdbfga-1
10173,100,ddcefoje-1
10174,100,cbgeffid-1
10175,100,nekimane-1
10176,100,gdbikjci-1
10177,100,jponcdhp-1
10178,100,jpjocnjo-1
10179,100,jlaelnff-1
10180,100,mdlbaebb-1
10181,100,dbnbjgcd-1
10182,100,nfcocijp-1
10183,100,aggahpmd-1
10184,100,fhcljagj-1
10185,100,nekpdcgn-1
10186,100,dblcpaoe-1
10187,100,nhaajokp-1
10188,100,nohcbbfd-1
10189,100,aghacpfm-1
10190,100,jopnmkep-1
10191,100,dgkmhhmb-1
10192,100,nekiaabj-1
10193,100,dgipmhpl-1
10194,100,afolggoo-1
10195,100,kahpciai-1
10196,100,agklghjk-1
10197,100,almgkdcl-1
10198,100,kcpommld-1
10199,100,jpjgjhgo-1
10200,100,obahggfp-1
10201,100,nhjbfbjp-1
10202,100,jiflcfmn-1
10203,100,igaclflg-1
10204,100,bfdfcgam-1
10205,100,bfhoencd-1
10206,100,fgmngdhb-1
10207,100,jigmipml-1
10208,100,jodjnmgb-1
10209,100,bbjpngcp-1
10210,100,keekmmbl-1
10211,100,jiccapma-1
10212,100,iijephpf-1
10213,100,bcfbnkgi-1
10214,100,ikkkmgcb-1
10215,100,nemjplmm-1
10216,100,nhghobgj-1
10217,100,jkfcapnk-1
10218,100,bhihegnd-1
10219,100,kakcnheb-1
10220,100,fiadjmpe-1
10221,100,lpamgbbn-1
10222,100,fhnkbhol-1
10223,100,kcpnbola-1
10224,100,ngfnlmbe-1
10225,100,dblbjddo-1
10226,100,jojgpmgb-1
10227,100,aepilpbj-1
10228,100,ilhlgmmh-1
10229,100,agekagfh-1
10230,100,ikgaggpf-1
10231,100,oejalakg-1
10232,100,jiicllaj-1
10233,100,bbkddafo-1
10234,100,jnjfdcgf-1
10235,100,jpoliimd-1
10236,100,dbmegjdn-1
10237,100,bffedafe-1
10238,100,ilihfmoc-1
10239,100,bbbpbpfd-1
10240,100,fojjfnol-1
10241,100,jfbcopcb-1
10242,100,nhjgmmhe-1
10243,100,dddhinkl-1
10244,100,almhkbih-1
10245,100,agjpibag-1
10246,100,nffghcjc-1
10247,100,fhiafiej-1
10248,100,jihpijnn-1
10249,100,jkkijnim-1
10250,100,naopfcgg-1
10251,100,mdkhjhfk-1
10252,100,nhhmcobi-1
10253,100,bdekcmcm-1
10254,100,fgjicpkp-1
10255,100,mdkkkgdn-1
10256,100,iggldmib-1
10257,100,mdonmhln-1
10258,100,capafmkc-1
10259,100,bcpnkboo-1
10260,100,fhaooakf-1
10261,100,lpbhfhff-1
10262,100,mnjljbmd-1
10263,100,mdamflib-1
10264,100,agfjmnoh-1
10265,100,jkelmnko-1
10266,100,igddkbop-1
10267,100,cagpnido-1
10268,100,jfdadcie-1
10269,100,fibohjlh-1
10270,100,kdcjkepi-1
10271,100,igeicejf-1
10272,100,ohnapgan-1
10273,100,jnhknjnh-1
10274,100,dboppoml-1
10275,100,iiipnnlj-1
10276,100,dcfeajnl-1
10277,100,fgfmdnjg-1
10278,100,keeagkaj-1
10279,100,ahjgpfhj-1
10280,100,mdkccbjm-1
10281,100,kdchhlcc-1
10282,100,jomfacgi-1
10283,100,iimejcgc-1
10284,100,iepbbloi-1
10285,100,nbbbifog-1
10286,100,nhimaped-1
10287,100,nbblcgmk-1
10288,100,bglndlaf-1
10289,100,biflipal-1
10290,100,iikfbaja-1
10291,100,oafplfgi-1
10292,100,agepaaah-1
10293,100,fikjikph-1
10294,100,nompeccn-1
10295,100,gdgefabf-1
10296,100,cafgpjdn-1
10297,100,fgocfmea-1
10298,100,kecfhahd-1
10299,100,necggjgl-1
10300,100,ojghheld-1
10301,100,jpnkbico-1
10302,100,oaekolpj-1
10303,100,aobhgann-1
10304,100,jnbjigab-1
10305,100,jnmmmckj-1
10306,100,jlhbbfeg-1
10307,100,dchflain-1
10308,100,obeocpai-1
10309,100,jkfmklff-1
10310,100,kdgnhelp-1
10311,100,kaiecfkk-1
10312,100,fhoeillb-1
10313,100,kaimldma-1
10314,100,lomgdbnl-1
10315,100,canofopj-1
10316,100,mdlpembm-1
10317,100,kdjenbdp-1
10318,100,nohekdnd-1
10319,100,jlbljflj-1
10320,100,dchgdhng-1
10321,100,jijblmai-1
10322,100,fhbmcmec-1
10323,100,loeklndb-1
10324,100,caijakoj-1
10325,100,ikjmahgb-1
10326,100,kebmfpnh-1
10327,100,nopanepi-1
10328,100,ikjgdmfb-1
10329,100,nbciedme-1
10330,100,niijkhgi-1
10331,100,dcfekddh-1
10332,100,nbbnignp-1
10333,100,neoammhh-1
10334,100,ngdcflnb-1
10335,100,ngomjegk-1
10336,100,galmmafj-1
10337,100,mdomdkkd-1
10338,100,kdgekjmf-1
10339,100,alodojng-1
10340,100,oafabhjn-1
10341,100,dgdialba-1
10342,100,foklcden-1
10343,100,dcmjcbfe-1
10344,100,fomllpnc-1
10345,100,afnjhjfk-1
10346,100,bcgeeeif-1
10347,100,bcponlmp-1
10348,100,nohfmepp-1
10349,100,jpdehcoj-1
10350,100,mdijmnfj-1
10351,100,dclkamcl-1
10352,100,fibicddp-1
10353,100,jngecgeh-1
10354,100,gdhbfhoa-1
10355,100,kcpageck-1
10356,100,nbckocdn-1
10357,100,igdembjf-1
10358,100,jomcmebf-1
10359,100,nhcbjhlo-1
10360,100,mdkmlegm-1
10361,100,oedcdeol-1
10362,100,dgifkanh-1
10363,100,cahaaido-1
10364,100,kajjhimn-1
10365,100,afmifbhg-1
10366,100,foolegck-1
10367,100,fhcogagm-1
10368,100,afcobdcm-1
10369,100,dbkhdfnp-1
10370,100,ajihpaib-1
10371,100,ifmienfn-1
10372,100,dcjmhdfb-1
10373,100,fgpmdcfa-1
10374,100,jimepnej-1
10375,100,jfdaphml-1
10376,100,cbgepkcd-1
10377,100,jojbfaao-1
10378,100,bcgcclcb-1
10379,100,mdakacon-1
10380,100,gaibgkkc-1
10381,100,cagjhjmg-1
10382,100,nfeobkbp-1
10383,100,napgeaji-1
10384,100,nongocfd-1
10385,100,ajihfabn-1
10386,100,ilgcnjmc-1
10387,100,nhgohnbm-1
10388,100,nobibiio-1
10389,100,ijbeefjc-1
10390,100,ikmmgbbj-1
10391,100,jcmenink-1
10392,100,nhddacfh-1
10393,100,oipmfldm-1
10394,100,jkpepdjb-1
10395,100,jojdbnnp-1
10396,100,bfnjnjfo-1
10397,100,anegekbp-1
10398,100,nlcdpobk-1
10399,100,fhokebhi-1
10400,100,mdooaigj-1
10401,100,kcpgldem-1
10402,100,bddpfihd-1
10403,100,jijphcbi-1
10404,100,jlhpkfcf-1
10405,100,fhcilajo-1
10406,100,jhnglckd-1
10407,100,jpcelljp-1
10408,100,bcclfaem-1
10409,100,nepadopk-1
10410,100,mdjjckcc-1
10411,100,jlacjaeo-1
10412,100,ddljciel-1
10413,100,mdokkhne-1
10414,100,loemndnl-1
10415,100,jimlpmik-1
10416,100,nbchlcfm-1
10417,100,dbfbiilf-1
10418,100,ijbbpnba-1
10419,100,nficnnbc-1
10420,100,nffefcbn-1
10421,100,jliihkeg-1
10422,100,jkjnmjgj-1
10423,100,jefkdkpg-1
10424,100,fgjdcjlc-1
10425,100,naagjnln-1
10426,100,dbkionlo-1
10427,100,jfdofgdj-1
10428,100,negimcbm-1
10429,100,gankiljo-1
10430,100,nfcninip-1
10431,100,ddbjamoc-1
10432,100,fhjfmiph-1
10433,100,foobnhlo-1
10434,100,jnlkomdl-1
10435,100,mdchaibd-1
10436,100,oaeplkhk-1
10437,100,fgjbhdoi-1
10438,100,ijbbfmlm-1
10439,100,jndefkec-1
10440,100,fhfhnkoh-1
10441,100,nidfghge-1
10442,100,bhjfnkde-1
10443,100,ikmlhflh-1
10444,100,jpombkfa-1
10445,100,aggadpce-1
10446,100,bcdgdplp-1
10447,100,bieldldn-1
10448,100,agfppalm-1
10449,100,bgllfkog-1
10450,100,medceiom-1
10451,100,mdjnlnjc-1
10452,100,johahjbc-1
10453,100,fhipcbmo-1
10454,100,agjegpnl-1
10455,100,calghdbe-1
10456,100,lpaeolcd-1
10457,100,dbpgnbnd-1
10458,100,fhihddjk-1
10459,100,fhcbcjpg-1
10460,100,nogdpahp-1
10461,100,gaoipick-1
10462,100,bfpohbpi-1
10463,100,nociohhg-1
10464,100,jibpdfpl-1
10465,100,gakkcbgd-1
10466,100,cbghlhcn-1
10467,100,jikaklak-1
10468,100,fhioebie-1
10469,100,afbjpchb-1
10470,100,afafenhk-1
10471,100,jkkhfhib-1
10472,100,fgfkmnlf-1
10473,100,bfdkhbic-1
10474,100,aliimplb-1
10475,100,jiigpkhd-1
10476,100,jenoakma-1
10477,100,bflndojo-1
10478,100,dcahgfgo-1
10479,100,joikmadd-1
10480,100,bclhlkhc-1
10481,100,cahcenck-1
10482,100,noambdej-1
10483,100,mofkobbk-1
10484,100,foknpmno-1
10485,100,caincpoa-1
10486,100,jcfnocnp-1
10487,100,igalkdcg-1
10488,100,kcjiebjg-1
10489,100,nhbbiphh-1
10490,100,dcfoopkf-1
10491,100,alockbbg-1
10492,100,lofoehlb-1
10493,100,jpklgfpg-1
10494,100,fgnopjcb-1
10495,100,nigehdbd-1
10496,100,moimhchl-1
10497,100,jkepkjmm-1
10498,100,hhkdeikd-1
10499,100,mneaeoaa-1
10500,100,nooeofhe-1
10501,100,jkjgaldo-1
10502,100,almmikdj-1
10503,100,kagcapof-1
10504,100,jodenioe-1
10505,100,jfbeahli-1
10506,100,noaemade-1
10507,100,fhgflloo-1
10508,100,agkjejhm-1
10509,100,gdeogbik-1
10510,100,gaihnnek-1
10511,100,joakagop-1
10512,100,nanpcbnd-1
10513,100,mdnbhnop-1
10514,100,bfddcfmh-1
10515,100,jigpcmkp-1
10516,100,kddbhkpj-1
10517,100,jnmacopm-1
10518,100,ddijakhg-1
10519,100,nbbmmblh-1
10520,100,nfgbpnja-1
10521,100,bdignklh-1
10522,100,bcdhimgh-1
10523,100,nooecmgl-1
10524,100,napcfiep-1
10525,100,nookddnf-1
10526,100,mdkigcde-1
10527,100,nhcdbnch-1
10528,100,jiepbelj-1
10529,100,bgjnglhh-1
10530,100,ikogdabn-1
10531,100,iilfbdaf-1
10532,100,fhahgnei-1
10533,100,ikfmaohm-1
10534,100,kdlbmgie-1
10535,100,ddbcmckh-1
10536,100,odinfmno-1
10537,100,ilincfbk-1
10538,100,oeckdfoa-1
10539,100,fojdpfoh-1
10540,100,gaekjlnc-1
10541,100,dbndbdfn-1
10542,100,jkfoldmo-1
10543,100,mebdmjhi-1
10544,100,dgkefkoh-1
10545,100,gdeonmph-1
10546,100,jpapdpag-1
10547,100,ddidefea-1
10548,100,ahakdjbg-1
10549,100,fgimikfe-1
10550,100,mdpphjji-1
10551,100,caihghkd-1
10552,100,odlbaebb-1
10553,100,ddecjpfo-1
10554,100,kdffekln-1
10555,100,nfdccoie-1
10556,100,bibgppmc-1
10557,100,ngdgjdfm-1
10558,100,gahjikhm-1
10559,100,dbkeklpg-1
10560,100,alkeciea-1
10561,100,foidndjo-1
10562,100,anfoaaje-1
10563,100,iflmghkj-1
10564,100,dcmipdha-1
10565,100,jfceoami-1
10566,100,mdmdklpm-1
10567,100,oanjdmoj-1
10568,100,nklobjae-1
10569,100,kdhjnabb-1
10570,100,dccekpdn-1
10571,100,fglnddam-1
10572,100,foonkbdi-1
10573,100,nbangimc-1
10574,100,jippijnm-1
10575,100,jliadbap-1
10576,100,fhbbledo-1
10577,100,jkpafido-1
10578,100,jkcgnkel-1
10579,100,bfmibpig-1
10580,100,jkdolehn-1
10581,100,kakkdjdm-1
10582,100,bhnibhod-1
10583,100,dccenkie-1
10584,100,nfebmihj-1
10585,100,jfdkefdn-1
10586,100,aoandmae-1
10587,100,gaoibaca-1
10588,100,bgmebchm-1
10589,100,gaihjghn-1
10590,100,gaidbcgn-1
10591,100,dblopmjm-1
10592,100,bfinlfjl-1
10593,100,dcbfliaj-1
10594,100,gdeaddhd-1
10595,100,ikgncogl-1
10596,100,bdaiibkm-1
10597,100,fhgdcpcc-1
10598,100,medfbkle-1
10599,100,gdejfjel-1
10600,100,mdbokefk-1
10601,100,noddoboj-1
10602,100,almofamf-1
10603,100,agjhfkhl-1
10604,100,fikijaaj-1
10605,100,kaklieef-1
10606,100,jlcfpbdh-1
10607,100,oedbfclg-1
10608,100,alocphic-1
10609,100,jppcoohj-1
10610,100,iilhbaea-1
10611,100,dbonieoc-1
10612,100,fhhdchdj-1
10613,100,fhicpjja-1
10614,100,nadmdlhf-1
10615,100,fpjhppbh-1
10616,100,jnlhedpn-1
10617,100,oiojijnb-1
10618,100,almmkbcd-1
10619,100,gajnnpgf-1
10620,100,keemdafm-1
10621,100,iepfofij-1
10622,100,nfccgbgo-1
10623,100,nhgioahb-1
10624,100,dboaglfl-1
10625,100,afbofncp-1
10626,100,jifamfln-1
10627,100,jefdafcj-1
10628,100,odoafbal-1
10629,100,ojdnjbmg-1
10630,100,jlhhgapg-1
10631,100,jkocicgn-1
10632,100,jlbehdpd-1
10633,100,bifdfjgh-1
10634,100,ihdfeaig-1
10635,100,mdfgnnel-1
10636,100,nengfiga-1
10637,100,ikgddckf-1
10638,100,dcldkkgp-1
10639,100,ngdiebkl-1
10640,100,jlcfdpgi-1
10641,100,bcnbmeab-1
10642,100,kckdkbmm-1
10643,100,kdlmcnbh-1
10644,100,mdlebpjh-1
10645,100,igahpfld-1
10646,100,oafachci-1
10647,100,mdimknim-1
10648,100,ikpieoaa-1
10649,100,jkfafddl-1
10650,100,kcpemehl-1
10651,100,bfnlojmj-1
10652,100,mdooalgm-1
10653,100,jpbdjhbi-1
10654,100,gdgjkeoi-1
10655,100,kdneokbf-1
10656,100,fgkhicgc-1
10657,100,igblkhoc-1
10658,100,cafllcgm-1
10659,100,jlblgfda-1
10660,100,gahkkgob-1
10661,100,igciegda-1
10662,100,dbjmfjff-1
10663,100,foipaalh-1
10664,100,fooijmji-1
10665,100,ddmpmoml-1
10666,100,kajoknog-1
10667,100,lnlldghe-1
10668,100,kachcbcg-1
10669,100,jjbpfdak-1
10670,100,afcmedcp-1
10671,100,afajbhha-1
10672,100,gddimpad-1
10673,100,jfbngekd-1
10674,100,jpjhckcg-1
10675,100,cbfaaoci-1
10676,100,fomaoglh-1
10677,100,jfahagaf-1
10678,100,bhilhdip-1
10679,100,fikkcnlm-1
10680,100,cbbcoeai-1
10681,100,iflnbchm-1
10682,100,cbfnnhmm-1
10683,100,aofdlcni-1
10684,100,gakmaako-1
10685,100,kaaacijb-1
10686,100,mdkkokcp-1
10687,100,kafhmaha-1
10688,100,jlbehiaf-1
10689,100,caibhkmj-1
10690,100,jjjdjfdb-1
10691,100,bhilldio-1
10692,100,kcpdilod-1
10693,100,fhfmhace-1
10694,100,fhcngdbe-1
10695,100,jkminlji-1
10696,100,jocjoece-1
10697,100,ohhpmmkg-1
10698,100,ihdenjcg-1
10699,100,nhilakld-1
10700,100,dghmonfe-1
10701,100,aliimopc-1
10702,100,fgfnddng-1
10703,100,bbapefon-1
10704,100,gdcmafjj-1
10705,100,biebabcg-1
10706,100,igappdjc-1
10707,100,nkphejfc-1
10708,100,dcbfklll-1
10709,100,ngdhlojj-1
10710,100,jppmobpi-1
10711,100,alnjeebm-1
10712,100,biamcnch-1
10713,100,nepedhdo-1
10714,100,bfehpanp-1
10715,100,ohnpiele-1
10716,100,fhgiggkj-1
10717,100,bfmofgmo-1
10718,100,fhjcpibc-1
10719,100,fpkdaiip-1
10720,100,dcjhmobh-1
10721,100,kdclpccl-1
10722,100,ficcldpl-1
10723,100,ikeailfm-1
10724,100,jnbklfdh-1
10725,100,ighhlbab-1
10726,100,kdflclpl-1
10727,100,foknafnj-1
10728,100,jiiidail-1
10729,100,bhoddlco-1
10730,100,mohfbokc-1
10731,100,jpdhhkck-1
10732,100,nfcnknfg-1
10733,100,ojbmljob-1
10734,100,bfjjiaaa-1
10735,100,mdchchmk-1
10736,100,jplfkdjb-1
10737,100,loncenog-1
10738,100,mdnliiae-1
10739,100,jfbhmndh-1
10740,100,bhofhanp-1
10741,100,gambffcn-1
10742,100,bcnfaecl-1
10743,100,meailaad-1
10744,100,bfengmch-1
10745,100,mdchaifn-1
10746,100,ojekipgb-1
10747,100,dcaimaen-1
10748,100,lhcgepkf-1
10749,100,fhcgonmo-1
10750,100,caimgona-1
10751,100,nbdaagla-1
10752,100,ahjlkcdk-1
10753,100,caneajmo-1
10754,100,kdgccgap-1
10755,100,jomechfi-1
10756,100,afbiadaa-1
10757,100,mdmponmh-1
10758,100,jbkndjme-1
10759,100,jpcjabio-1
10760,100,dchjehmp-1
10761,100,bcnjpcbo-1
10762,100,dbkikhdi-1
10763,100,jblacdbk-1
10764,100,jilidgoa-1
10765,100,niihacne-1
10766,100,mkkojiek-1
10767,100,fhgijinp-1
10768,100,lodopokd-1
10769,100,jefmbmgm-1
10770,100,keaglpfn-1
10771,100,jkmcdjae-1
10772,100,gakcgfep-1
10773,100,ijbfnbgd-1
10774,100,jkolijcn-1
10775,100,bhnkfafn-1
10776,100,fikccghd-1
10777,100,dcjlbhmp-1
10778,100,bickbhfm-1
10779,100,jnbpofif-1
10780,100,igffcffp-1
10781,100,mdliojbf-1
10782,100,ddmaaocn-1
10783,100,fgmiejeg-1
10784,100,ikomlofj-1
10785,100,bcmcfhjb-1
10786,100,flglgjdj-1
10787,100,dcfeehni-1
10788,100,gamhgaap-1
10789,100,bhgkbbla-1
10790,100,fhjcmbma-1
10791,100,gbahnbin-1
10792,100,bcpnfpde-1
10793,100,igcomimb-1
10794,100,fokocomp-1
10795,100,cagcdein-1
10796,100,jiagdemf-1
10797,100,nnijcmnf-1
10798,100,mnffejlo-1
10799,100,dgjgibci-1
10800,100,ddbfhlia-1
10801,100,igbkmafp-1
10802,100,jkcahegj-1
10803,100,foldgaaa-1
10804,100,kdbipbki-1
10805,100,igcjmiep-1
10806,100,kaeldhpf-1
10807,100,fginjflo-1
10808,100,ikfmagcn-1
10809,100,oafjfmpj-1
10810,100,ddfleadm-1
10811,100,gbaicphe-1
10812,100,mecdlocl-1
10813,100,kckfgjhf-1
10814,100,kaihhcdd-1
10815,100,mnidjkca-1
10816,100,dbmccnkh-1
10817,100,ngonhcej-1
10818,100,kakofkbk-1
10819,100,kamcfbim-1
10820,100,iijhipjm-1
10821,100,jiljmjne-1
10822,100,kabnnkna-1
10823,100,afmneffa-1
10824,100,kddhekdm-1
10825,100,meakgipo-1
10826,100,ngcnmdeh-1
10827,100,jiignmhc-1
10828,100,jihfcpjc-1
10829,100,fimbmbki-1
10830,100,jedkclao-1
10831,100,iijkjaca-1
10832,100,ikkpckgi-1
10833,100,napemhab-1
10834,100,jkkjnjlm-1
10835,100,joabggkp-1
10836,100,jhnnaeek-1
10837,100,nemiclkn-1
10838,100,oafdfffh-1
10839,100,dcjgnbgj-1
10840,100,gddjepmp-1
10841,100,dcalafcp-1
10842,100,ddcaimcn-1
10843,100,filicbge-1
10844,100,jnjmbjkp-1
10845,100,moiodgpa-1
10846,100,ngenfcbk-1
10847,100,jkkfeoip-1
10848,100,nhcdfppp-1
10849,100,bgookidb-1
10850,100,kagbhokj-1
10851,100,fhadbmgi-1
10852,100,mebngfao-1
10853,100,nobcngec-1
10854,100,ikkgnmlb-1
10855,100,amdfefgj-1
10856,100,gdcflbce-1
10857,100,dcflohlf-1
10858,100,jiclknjc-1
10859,100,mdndaeon-1
10860,100,fljflbde-1
10861,100,iklogbjk-1
10862,100,dcmalbdo-1
10863,100,jpkhekap-1
10864,100,ngdkijop-1
10865,100,mojabpnc-1
10866,100,noppgpae-1
10867,100,jolaolfi-1
10868,100,dbolncad-1
10869,100,jiplciph-1
10870,100,joeidjbe-1
10871,100,jilmmgag-1
10872,100,jimfppip-1
10873,100,fgjdagdh-1
10874,100,jlchkndj-1
10875,100,ahanndig-1
10876,100,mdlggcmf-1
10877,100,cbgjhlop-1
10878,100,jjcalpio-1
10879,100,nenenlff-1
10880,100,bcmfleam-1
10881,100,joleaepf-1
10882,100,nbcpijmg-1
10883,100,obcpbjfj-1
10884,100,dboaobom-1
10885,100,kdbddgng-1
10886,100,ikpijing-1
10887,100,fhnihkfo-1
10888,100,jilfkkin-1
10889,100,bcbpfbof-1
10890,100,bhpoeipj-1
10891,100,fgidfdoj-1
10892,100,mnehlppm-1
10893,100,fgibdiin-1
10894,100,nemiaceg-1
10895,100,nhjaegmi-1
10896,100,kagblbgh-1
10897,100,ilhhemao-1
10898,100,fgjbpapn-1
10899,100,mdalgmab-1
10900,100,ngblgmeo-1
10901,100,lpcinhbm-1
10902,100,jkpnbhhn-1
10903,100,jeekplgh-1
10904,100,calbeicb-1
10905,100,fgncolbe-1
10906,100,jolhekok-1
10907,100,fiaaohkp-1
10908,100,gdhbapko-1
10909,100,jkepfpol-1
10910,100,gdbeodel-1
10911,100,jielfnha-1
10912,100,gdfbbmlp-1
10913,100,dcagoino-1
10914,100,bconciba-1
10915,100,fhonhgbf-1
10916,100,bhfgklbc-1
10917,100,jpocakid-1
10918,100,nogdlpnf-1
10919,100,fhgajbpa-1
10920,100,lnmacllg-1
10921,100,nnpecfad-1
10922,100,mdnpbhcc-1
10923,100,neccphnl-1
10924,100,bcmbfohm-1
10925,100,kdepojfd-1
10926,100,jchcpjcb-1
10927,100,jpjddgjj-1
10928,100,mdakdfeb-1
10929,100,jofkhhii-1
10930,100,fgjknkag-1
10931,100,igfcjjno-1
10932,100,npakfhhh-1
10933,100,jinoigle-1
10934,100,dcjhpjbm-1
10935,100,jfeblgnl-1
10936,100,jiijomfe-1
10937,100,ngpiipjn-1
10938,100,bhikmbnc-1
10939,100,iflkjlfc-1
10940,100,kaajgpjj-1
10941,100,ddbfbeok-1
10942,100,igehhpff-1
10943,100,lpbondmp-1
10944,100,mohgaabc-1
10945,100,ddfmbodl-1
10946,100,caohfjbo-1
10947,100,ikjjaalg-1
10948,100,johdhcmm-1
10949,100,kedngbaa-1
10950,100,nklpbjgg-1
10951,100,foifdcie-1
10952,100,fhajhdaf-1
10953,100,kaimbidj-1
10954,100,nedkobma-1
10955,100,dgjebdgf-1
10956,100,bidkchld-1
10957,100,jippcpbl-1
10958,100,jkldgcgg-1
10959,100,dcjcofdl-1
10960,100,fhhmhbed-1
10961,100,ageipjkn-1
10962,100,nbcenjka-1
10963,100,fhaijdag-1
10964,100,ikdilcjl-1
10965,100,jlhfkkef-1
10966,100,dgihnjlp-1
10967,100,bibjhebc-1
10968,100,noncacea-1
10969,100,jchjgfdj-1
10970,100,jjbceabd-1
10971,100,lpbkdhcb-1
10972,100,bfdmkmgb-1
10973,100,ikmfpnko-1
10974,100,agjmpgfj-1
10975,100,obaioobe-1
10976,100,cbbcejbh-1
10977,100,jplpajke-1
10978,100,oafgpagc-1
10979,100,dcmhfioc-1
10980,100,mdnpknca-1
10981,100,nnplclok-1
10982,100,dbjoaeab-1
10983,100,nbbenhec-1
10984,100,jimddedd-1
10985,100,afablnil-1
10986,100,mngemefe-1
10987,100,fhbnheoa-1
10988,100,ngclmlon-1
10989,100,jeiicocm-1
10990,100,fhdpfiaf-1
10991,100,bialkeea-1
10992,100,fhcnhdnp-1
10993,100,jkpcnjgi-1
10994,100,mneahmkh-1
10995,100,gakfcdbm-1
10996,100,iimhcjap-1
10997,100,ilgdgkjo-1
10998,100,nobememn-1
10999,100,nednijkh-1
11000,100,jfdiiaim-1
11001,100,biebdpnp-1
11002,100,fhfjlhnl-1
11003,100,fiaebddj-1
11004,100,lpcjhcji-1
11005,100,cafooloc-1
11006,100,iepdhamp-1
11007,100,ahjjeoab-1
11008,100,igaiogkh-1
11009,100,kdjcfgja-1
11010,100,aljcbkaf-1
11011,100,kaljflhc-1
11012,100,jkonegem-1
11013,100,noepkphk-1
11014,100,agjgfbmp-1
11015,100,cagldmcp-1
11016,100,jfahgalg-1
11017,100,mdnjkdom-1
11018,100,keahcgom-1
11019,100,nfcfnbng-1
11020,100,bcphidig-1
11021,100,agjhogab-1
11022,100,bfobegfo-1
11023,100,fhnllpke-1
11024,100,jockajfm-1
11025,100,camggkol-1
11026,100,kajkeide-1
11027,100,nobmhkan-1
11028,100,nbcimmck-1
11029,100,gdblbfio-1
11030,100,ngapoaji-1
11031,100,kebgfohp-1
11032,100,jnhibfkj-1
11033,100,jnfplckm-1
11034,100,bejdgphp-1
11035,100,naokcahk-1
11036,100,fgcbnlaf-1
11037,100,jlahhefn-1
11038,100,nhcjppdk-1
11039,100,kajphmec-1
11040,100,nedielpm-1
11041,100,ddkdkbpc-1
11042,100,fgkbgldm-1
11043,100,ngpjmabn-1
11044,100,alipeddg-1
11045,100,mcemkgfo-1
11046,100,fkpmnhei-1
11047,100,fgbfcfgp-1
11048,100,gdfijlld-1
11049,100,dbnocofo-1
11050,100,gamlibkm-1
11051,100,bfhfmcai-1
11052,100,dcjekdpp-1
11053,100,jkobblkj-1
11054,100,jfdjnngp-1
11055,100,bfhokghj-1
11056,100,afofhcfj-1
11057,100,dckaheeo-1
11058,100,bgjnlgll-1
11059,100,algchmgk-1
11060,100,kddljdnf-1
11061,100,napcbmpd-1
11062,100,oioigfhg-1
11063,100,ddmplmnn-1
11064,100,jkdifmmn-1
11065,100,nembmgph-1
11066,100,nembklla-1
11067,100,jncohjpb-1
11068,100,jngmblpp-1
11069,100,jhopfcgp-1
11070,100,ikdojpaf-1
11071,100,kcpdplep-1
11072,100,anegnlen-1
11073,100,mdagikid-1
11074,100,mniodbfi-1
11075,100,kaihlbik-1
11076,100,fooemmdo-1
11077,100,jfdijgbb-1
11078,100,ilimihom-1
11079,100,fhjgmfoe-1
11080,100,bdglfnnl-1
11081,100,fikdhlkb-1
11082,100,kajdgddb-1
11083,100,dbkgkmpk-1
11084,100,fhabekeo-1
11085,100,ihdefpja-1
11086,100,nhbndoed-1
11087,100,afbjmdhp-1
11088,100,fpjhmbeb-1
11089,100,kdijoamn-1
11090,100,fokoninp-1
11091,100,gaeepdcl-1
11092,100,jpomkabj-1
11093,100,fhjjcmnc-1
11094,100,kdgkmpja-1
11095,100,nofhfiia-1
11096,100,foofgmjl-1
11097,100,bfjcobba-1
11098,100,ikjbpljm-1
11099,100,fhcglcei-1
11100,100,jkdnajea-1
11101,100,neognded-1
11102,100,nfcgaikg-1
11103,100,ddmljljo-1
11104,100,jiglmjdo-1
11105,100,dchpfelh-1
11106,100,aepkklhf-1
11107,100,moghdadk-1
11108,100,igbbpcad-1
11109,100,jklbdfgc-1
11110,100,bcpjioej-1
11111,100,fglijgcm-1
11112,100,dddllchn-1
11113,100,bbanheab-1
11114,100,ifkbhpnb-1
11115,100,napjfalf-1
11116,100,oiokcdif-1
11117,100,jkpdnmmg-1
11118,100,noemaple-1
11119,100,fhnjdcao-1
11120,100,jpkaijhg-1
11121,100,dbpjeana-1
11122,100,ddenejbm-1
11123,100,jjaclmmk-1
11124,100,alnnpjan-1
11125,100,loflldag-1
11126,100,jefnopbg-1
11127,100,jpjgjggh-1
11128,100,fimbocan-1
11129,100,mddmghcc-1
11130,100,nhimpjbc-1
11131,100,bhojhpnc-1
11132,100,nffcafaa-1
11133,100,mnehmnip-1
11134,100,jhogicek-1
11135,100,gdebpplh-1
11136,100,ngdjmghn-1
11137,100,gapoalpc-1
11138,100,iijkcbpa-1
11139,100,aklnjnoi-1
11140,100,nnpbnhga-1
11141,100,bcdofeli-1
11142,100,agdickph-1
11143,100,gdfdfcnp-1
11144,100,noeokpob-1
11145,100,dccgfdep-1
11146,100,ilhlffmj-1
11147,100,ddbliahf-1
11148,100,alnkmlmi-1
11149,100,gaihoaif-1
11150,100,iepaoagd-1
11151,100,ddeibkbl-1
11152,100,flgccgpb-1
11153,100,igdjemdo-1
11154,100,dcbdoffe-1
11155,100,jfdnajhj-1
11156,100,dblfaldl-1
11157,100,ngpobgjd-1
11158,100,nnpcnadi-1
11159,100,jpommhjo-1
11160,100,fhbidkcb-1
11161,100,jpplcoon-1
11162,100,dbkecpdb-1
11163,100,iikfmapd-1
11164,100,obfaecke-1
11165,100,fikhhaco-1
11166,100,bfjfcali-1
11167,100,kedblgio-1
11168,100,jpmmfoka-1
11169,100,fomfhgec-1
11170,100,ikmagjen-1
11171,100,ddfdbjfb-1
11172,100,naeadbbe-1
11173,100,kajgmbba-1
11174,100,jieidnda-1
11175,100,mddbihpg-1
11176,100,nedlbboe-1
11177,100,obamadkb-1
11178,100,nenpbenn-1
11179,100,afaiidmb-1
11180,100,fhbkdobk-1
11181,100,fhgfdfpg-1
11182,100,bhpablio-1
11183,100,ajnfaonm-1
11184,100,kdgdkfem-1
11185,100,ganaohlh-1
11186,100,jblpgglg-1
11187,100,nejhiacd-1
11188,100,cbhfdpcf-1
11189,100,bdagdffe-1
11190,100,nghnclpl-1
11191,100,npbfjecb-1
11192,100,fggnlafl-1
11193,100,kckdladk-1
11194,100,necbcmib-1
11195,100,jbmgndmd-1
11196,100,jeffbpie-1
11197,100,ddkkbjpj-1
11198,100,aljjnoll-1
11199,100,kedggbde-1
11200,100,nenaoaji-1
11201,100,fhchbfkl-1
11202,100,jpmmfjbc-1
11203,100,ikdbhgnn-1
11204,100,cbfpffke-1
11205,100,igcmfecb-1
11206,100,jkjfgkff-1
11207,100,ngpoijhc-1
11208,100,bglofgmf-1
11209,100,iflnjoig-1
11210,100,iepmmbod-1
11211,100,kdjlobba-1
11212,100,bbbklpdc-1
11213,100,mohckhcm-1
11214,100,afgpnoci-1
11215,100,afnkphci-1
11216,100,fijnohad-1
11217,100,mdmbimap-1
11218,100,bibjligm-1
11219,100,jklpnapb-1
11220,100,nfdlphjo-1
11221,100,bclpfmec-1
11222,100,fologmkm-1
11223,100,npippman-1
11224,100,oaegfnac-1
11225,100,bdedlfdo-1
11226,100,kcopgaon-1
11227,100,ijbifpmi-1
11228,100,dcbjfdeh-1
11229,100,jppkpbho-1
11230,100,dcengnde-1
11231,100,nnonjgpg-1
11232,100,bfelhjja-1
11233,100,ikkogpio-1
11234,100,oeembjca-1
11235,100,ngiemiam-1
11236,100,jplkiogb-1
11237,100,foknapda-1
11238,100,anehheak-1
11239,100,mdjfgklh-1
11240,100,meciomdg-1
11241,100,jlgmkaip-1
11242,100,fhddbpfm-1
11243,100,joljbjnl-1
11244,100,nlajmkim-1
11245,100,jockekcb-1
11246,100,mneoggbc-1
11247,100,jfaaahce-1
11248,100,ddmnmllm-1
11249,100,dgkcdbdc-1
11250,100,ifacaejf-1
11251,100,gdfjjigj-1
11252,100,bfnfhfli-1
11253,100,gakhejik-1
11254,100,bibpihch-1
11255,100,cagopabg-1
11256,100,bdejknfn-1
11257,100,gdgimbeh-1
11258,100,jplojlgd-1
11259,100,almbknin-1
11260,100,jhohebej-1
11261,100,nhabefjb-1
11262,100,dcleaddb-1
11263,100,ikgjobod-1
11264,100,dcgcmbge-1
11265,100,fijmaaec-1
11266,100,iganhmjd-1
11267,100,nekepnka-1
11268,100,jfdefcpc-1
11269,100,jiobheeh-1
11270,100,bgafgicd-1
11271,100,ddeonnjc-1
11272,100,nhabfhca-1
11273,100,gciofoem-1
11274,100,jpahdkjl-1
11275,100,aoblkiog-1
11276,100,fgmomieg-1
11277,100,iimgiiam-1
11278,100,mebfcjgh-1
11279,100,bclnengf-1
11280,100,afleclaj-1
11281,100,cbffjdld-1
11282,100,fhnldikc-1
11283,100,npagpeaf-1
11284,100,nghnbima-1
11285,100,dcaoofak-1
11286,100,kajljojn-1
11287,100,aepekoef-1
11288,100,nhcnaidp-1
11289,100,nodnejoi-1
11290,100,jpkljdkp-1
11291,100,bcnbdmci-1
11292,100,dcabonni-1
11293,100,jimeanim-1
11294,100,mdbnjoil-1
11295,100,afgchmfl-1
11296,100,jpkgmgak-1
11297,100,fhiddapa-1
11298,100,kcopdoli-1
11299,100,bejaonai-1
11300,100,bcfpeajc-1
11301,100,bclemnkg-1
11302,100,ilfcdppo-1
11303,100,kdeolkeg-1
11304,100,jfcdmbpi-1
11305,100,fhiahbmh-1
11306,100,mojhjhna-1
11307,100,ngdkkikp-1
11308,100,bibmmnbf-1
11309,100,jkfbgeke-1
11310,100,gamfjkej-1
11311,100,mdbefgdh-1
11312,100,igcphhai-1
11313,100,lpcfeddl-1
11314,100,ilbpfgkc-1
11315,100,ngejipne-1
11316,100,gaggkgob-1
11317,100,lpbdhbmp-1
11318,100,jplhiddn-1
11319,100,kddpfble-1
11320,100,lopoaekl-1
11321,100,ikmaneig-1
11322,100,mndmehci-1
11323,100,bccbcane-1
11324,100,jpojffpi-1
11325,100,mdlnlmgn-1
11326,100,ikfhkghm-1
11327,100,fghloenp-1
11328,100,niindepf-1
11329,100,djpjdhpg-1
11330,100,joclpmkg-1
11331,100,obafnfco-1
11332,100,ddceogoa-1
11333,100,dbfahngc-1
11334,100,kcpppgpg-1
11335,100,dghofkna-1
11336,100,jfclfnjo-1
11337,100,dclhciii-1
11338,100,bgmibgdd-1
11339,100,bfhpdmal-1
11340,100,ahgcijgm-1
11341,100,nelicfnk-1
11342,100,bfidcpkc-1
11343,100,bbkajfim-1
11344,100,fhflkeai-1
11345,100,oeilbkkl-1
11346,100,dgkcjboa-1
11347,100,nemigebp-1
11348,100,flgamdkg-1
11349,100,jilnchnb-1
11350,100,dddjdmdm-1
11351,100,jihpghnp-1
11352,100,dddhglol-1
11353,100,dgdkphbk-1
11354,100,fojbfblc-1
11355,100,ficcfabc-1
11356,100,jiihinae-1
11357,100,napmajoc-1
11358,100,naoljafb-1
11359,100,biaemlcf-1
11360,100,fgankdap-1
11361,100,iimajiaf-1
11362,100,ikkcmpog-1
11363,100,ngciajob-1
11364,100,iklfkiak-1
11365,100,gdegfddn-1
11366,100,fhhieobh-1
11367,100,jibaomih-1
11368,100,bbboedid-1
11369,100,gdghhgfg-1
11370,100,jodcpbii-1
11371,100,bceidohh-1
11372,100,jnbnkgic-1
11373,100,bcmcpncd-1
11374,100,jfakfjhh-1
11375,100,jfaoohim-1
11376,100,dbpdegim-1
11377,100,fhdlmckc-1
11378,100,ikfmbimm-1
11379,100,joajaimo-1
11380,100,ilhnahcd-1
11381,100,fipgfhob-1
11382,100,dcfjaaen-1
11383,100,ikgffpah-1
11384,100,jimmokck-1
11385,100,gannfgdl-1
11386,100,alhokcpg-1
11387,100,jkoicdpf-1
11388,100,jhompnpp-1
11389,100,jnmdadal-1
11390,100,nadnciam-1
11391,100,iepajelg-1
11392,100,jibfmiel-1
11393,100,mogjbked-1
11394,100,nfdelfof-1
11395,100,ieooknof-1
11396,100,gdcfhbbm-1
11397,100,jnhkgglh-1
11398,100,mdkodoao-1
11399,100,fljhjeml-1
11400,100,nekgbdid-1
11401,100,fimaimeo-1
11402,100,nbdaamnn-1
11403,100,biboplci-1
11404,100,bbbloffh-1
11405,100,jedkdjko-1
11406,100,kalbkdia-1
11407,100,cagnjhdi-1
11408,100,ifjjdbmh-1
11409,100,dckkeika-1
11410,100,noehkpfa-1
11411,100,aljdjoja-1
11412,100,dcmfkjde-1
11413,100,flfllfdg-1
11414,100,dgdpbmjj-1
11415,100,jepildea-1
11416,100,iflkpoeh-1
11417,100,gafdjbji-1
11418,100,jkdfifah-1
11419,100,afgngldi-1
11420,100,dciilnkd-1
11421,100,nhjgkjbc-1
11422,100,afleepmg-1
11423,100,fhhlkhog-1
11424,100,bfpmkdjk-1
11425,100,nfhbjlif-1
11426,100,fhiglpnm-1
11427,100,iganeenj-1
11428,100,kdcfmjgo-1
11429,100,kdgemejm-1
11430,100,ighecibj-1
11431,100,ngpbifek-1
11432,100,kddceohp-1
11433,100,naagfhpc-1
11434,100,odiomkjg-1
11435,100,nfchcima-1
11436,100,bfjohabi-1
11437,100,mnepfgjc-1
11438,100,gaekance-1
11439,100,bgjmgpnc-1
11440,100,ahjngaip-1
11441,100,ddaihjln-1
11442,100,nekogfnk-1
11443,100,kecgeckg-1
11444,100,jijoiakj-1
11445,100,kdolbfll-1
11446,100,aoefieko-1
11447,100,ieoiaajc-1
11448,100,naohmcpj-1
11449,100,nodpbpmc-1
11450,100,jngamemi-1
11451,100,mdfcmoke-1
11452,100,jfchlamk-1
11453,100,bhfgibnk-1
11454,100,almkffkn-1
11455,100,jhoihkbl-1
11456,100,ahiianlf-1
11457,100,bibmlfbo-1
11458,100,cangilmm-1
11459,100,jnbhlifl-1
11460,100,nhcbimnn-1
11461,100,mdbbdlko-1
11462,100,kcppkjgl-1
11463,100,kdaiijgc-1
11464,100,agangkce-1
11465,100,bddgjnac-1
11466,100,mniompmn-1
11467,100,ngcieegl-1
11468,100,jefglbne-1
11469,100,mcaljcep-1
11470,100,johbhldb-1
11471,100,jknhidec-1
11472,100,ngdnncdl-1
11473,100,nadmchba-1
11474,100,jigeapej-1
11475,100,jlceglhk-1
11476,100,fhjfdjhm-1
11477,100,nocjmpaa-1
11478,100,bgmdngfc-1
11479,100,jjbmjlgi-1
11480,100,dckcmcgb-1
11481,100,bfebfpom-1
11482,100,cambmkli-1
11483,100,kdgodhna-1
11484,100,ighefgba-1
11485,100,aobhegbf-1
11486,100,jklnognp-1
11487,100,mdolehkn-1
11488,100,jiioemjf-1
11489,100,ijajpcil-1
11490,100,ijbhpdjk-1
11491,100,loeikicg-1
11492,100,mebnggpc-1
11493,100,almbpgpi-1
11494,100,bfgpnjin-1
11495,100,bfjaokoo-1
11496,100,jcmkbgbi-1
11497,100,mebmebnn-1
11498,100,fhhgmele-1
11499,100,bfdpoaal-1
11500,100,fonojgki-1
11501,100,bceeghfm-1
11502,100,afoedble-1
11503,100,cbhflpnl-1
11504,100,kdgeildj-1
11505,100,noofegkc-1
11506,100,jnjbjfni-1
11507,100,caffnpae-1
11508,100,cagfmajh-1
11509,100,fhikblea-1
11510,100,jiddjffo-1
11511,100,fhgkdpib-1
11512,100,fhhnobco-1
11513,100,caginnoo-1
11514,100,bbblhhlb-1
11515,100,bfpnfjkj-1
11516,100,npacmlgh-1
11517,100,jidjjkbd-1
11518,100,bbcgciih-1
11519,100,dckjfcgd-1
11520,100,flaeemii-1
11521,100,fonmgnak-1
11522,100,mnfccdnd-1
11523,100,kaamombh-1
11524,100,aobgjlam-1
11525,100,nlcakkcp-1
11526,100,bfkbelkb-1
11527,100,nobcfpne-1
11528,100,nmmlmhbn-1
11529,100,jcfnlhpo-1
11530,100,ilgmolph-1
11531,100,foockjnh-1
11532,100,jpkomnkf-1
11533,100,mdpfhdel-1
11534,100,afabdjeg-1
11535,100,dcmdaiji-1
11536,100,mdaliena-1
11537,100,jkkbcdbi-1
11538,100,napheple-1
11539,100,aljmneca-1
11540,100,gcgnipci-1
11541,100,ddmlefoa-1
11542,100,kaahfjjg-1
11543,100,dddcoonk-1
11544,100,jlbknaml-1
11545,100,dblobinf-1
11546,100,ddediogn-1
11547,100,bffdndjo-1
11548,100,nhaiomje-1
11549,100,calmohhn-1
11550,100,naobhocp-1
11551,100,bgkpeekc-1
11552,100,lonlkekd-1
11553,100,joehhhcl-1
11554,100,naeaofdl-1
11555,100,moipjkde-1
11556,100,dchfloko-1
11557,100,dcifljgb-1
11558,100,bfeihhlc-1
11559,100,dbmiejal-1
11560,100,bhhbpnai-1
11561,100,bfefcnbm-1
11562,100,nihbfagh-1
11563,100,ikjnfdgg-1
11564,100,nidfhlbd-1
11565,100,fhjmfmma-1
11566,100,alnnpaan-1
11567,100,nnpeambd-1
11568,100,bbbmnhij-1
11569,100,jchdnpbb-1
11570,100,agjgcpmd-1
11571,100,ddeojklg-1
11572,100,jlikpadm-1
11573,100,ikeblbjb-1
11574,100,gaheplle-1
11575,100,gaiaiecp-1
11576,100,mdpmgkco-1
11577,100,fikjimib-1
11578,100,mddpgilg-1
11579,100,bbohiclh-1
11580,100,jhnmbmig-1
11581,100,ijokonbn-1
11582,100,bfdfcadi-1
11583,100,dcfpacbl-1
11584,100,ajihoiem-1
11585,100,agfkadnf-1
11586,100,gdcnafcc-1
11587,100,nhbpckod-1
11588,100,igchjfcd-1
11589,100,jlhdgglm-1
11590,100,ohnmcacg-1
11591,100,fokhpcbh-1
11592,100,lpehocan-1
11593,100,canjaffi-1
11594,100,fgooflje-1
11595,100,negenmdb-1
11596,100,kdmeacdb-1
11597,100,dciggjfl-1
11598,100,dboioopp-1
11599,100,iklkmlki-1
11600,100,kealdhjd-1
11601,100,kdbdaeij-1
11602,100,nbaegpbk-1
11603,100,afofklaa-1
11604,100,dddinhpl-1
11605,100,nlakakie-1
11606,100,jefielfn-1
11607,100,igbgpkdi-1
11608,100,gdhcifmn-1
11609,100,nkmajble-1
11610,100,joipbici-1
11611,100,jidhojmf-1
11612,100,gdbicnmd-1
11613,100,ngalaehd-1
11614,100,mdpgojpd-1
11615,100,jibnjnii-1
11616,100,afafnleo-1
11617,100,kdaajgpd-1
11618,100,aflelfma-1
11619,100,kdcldmbn-1
11620,100,jkcmbhhi-1
11621,100,fphnlkla-1
11622,100,jjjnacpm-1
11623,100,ddbpceda-1
11624,100,fojbildk-1
11625,100,ilbnlaon-1
11626,100,ilinnkfh-1
11627,100,aocacamn-1
11628,100,mcanhkdh-1
11629,100,bdpbjokl-1
11630,100,bfogcbap-1
11631,100,bflnmnjn-1
11632,100,cbhadcpm-1
11633,100,kdglhgfo-1
11634,100,dclljfma-1
11635,100,jpiiehip-1
11636,100,ahbbkeoo-1
11637,100,lonaecfp-1
11638,100,mdmdjofj-1
11639,100,kdfmihpo-1
11640,100,nfcghjdg-1
11641,100,capldgli-1
11642,100,ngbbeccm-1
11643,100,jinlliam-1
11644,100,mdmhiaci-1
11645,100,afgmckpj-1
11646,100,meaeilgn-1
11647,100,mecheifj-1
11648,100,cbhfjkjd-1
11649,100,gaggffam-1
11650,100,jinhmhbe-1
11651,100,jpplicji-1
11652,100,fphnmllk-1
11653,100,dblhkbfi-1
11654,100,gananpka-1
11655,100,jeeojekp-1
11656,100,bfmjogaf-1
11657,100,nbafflbm-1
11658,100,foioonei-1
11659,100,fpiaahkk-1
11660,100,nklgmcbo-1
11661,100,jedmpkcj-1
11662,100,ikjflpoh-1
11663,100,nfhpcdhc-1
11664,100,igbjjkfm-1
11665,100,mecmmalc-1
11666,100,kdcjpgpf-1
11667,100,gamlfapg-1
11668,100,jkjfjmnh-1
11669,100,ddklafbc-1
11670,100,jkkojjdb-1
11671,100,jplablco-1
11672,100,afgcpodh-1
11673,100,ahghidpn-1
11674,100,aklnoean-1
11675,100,ikdlkien-1
11676,100,nlahaadm-1
11677,100,lonnajig-1
11678,100,lpaahoem-1
11679,100,bfekonek-1
11680,100,jibllpgc-1
11681,100,nfcclknl-1
11682,100,mdkmfndp-1
11683,100,nenigeco-1
11684,100,kacnejaf-1
11685,100,bfjciokg-1
11686,100,dbebfibo-1
11687,100,nonbdmok-1
11688,100,jninahae-1
11689,100,agfgmaji-1
11690,100,fhofbfgg-1
11691,100,nihpakil-1
11692,100,ikmdfdco-1
11693,100,jfedaolf-1
11694,100,keeanhni-1
11695,100,fombonnh-1
11696,100,lpahonpo-1
11697,100,jiapaaal-1
11698,100,kcpmmdmc-1
11699,100,jkkcndoc-1
11700,100,oejoghme-1
11701,100,bcgagpad-1
11702,100,kafpjlfd-1
11703,100,kaikkplb-1
11704,100,fhihgmda-1
11705,100,odldgmgl-1
11706,100,ikcfglil-1
11707,100,nbclbnbl-1
11708,100,jhpaadmh-1
11709,100,jeoogcnk-1
11710,100,noankojg-1
11711,100,camblemg-1
11712,100,nooegmcd-1
11713,100,aobliadh-1
11714,100,kaeegooi-1
11715,100,ddhbogcp-1
11716,100,jibklneb-1
11717,100,niiffhef-1
11718,100,kcojchaj-1
11719,100,mcenlknh-1
11720,100,nocfangm-1
11721,100,ddbbdikm-1
11722,100,kamafbef-1
11723,100,filcljlh-1
11724,100,meenbjip-1
11725,100,jnhfnlec-1
11726,100,jincoiem-1
11727,100,iimcpjlg-1
11728,100,gdeoggfm-1
11729,100,nlbkgdii-1
11730,100,jochmhgg-1
11731,100,dcidjaph-1
11732,100,lpbacecj-1
11733,100,kdmjpccl-1
11734,100,bfmmkblj-1
11735,100,jndehgdi-1
11736,100,napcliak-1
11737,100,dbolgfho-1
11738,100,jpkehnpg-1
11739,100,mdpmfcdg-1
11740,100,ngeohach-1
11741,100,jklpmlhp-1
11742,100,mdimbmlf-1
11743,100,cahpfpob-1
11744,100,dcemiiba-1
11745,100,jjbecggb-1
11746,100,jihhnpnn-1
11747,100,jimmbkmm-1
11748,100,kahhlllo-1
11749,100,bhfijdpe-1
11750,100,bholkibi-1
11751,100,dcghiaoa-1
11752,100,nonhbmie-1
11753,100,ifnfpbhn-1
11754,100,jnlmmhhn-1
11755,100,fggljcdg-1
11756,100,jnjkodmi-1
11757,100,fhimmaoi-1
11758,100,mdjlhjop-1
11759,100,jlhgpjal-1
11760,100,kakeijla-1
11761,100,nemghmdb-1
11762,100,npjhmjfp-1
11763,100,dcmcmhfj-1
11764,100,foklhlei-1
11765,100,gafimloc-1
11766,100,ifnkjaca-1
11767,100,kaambfkf-1
11768,100,kddmhiof-1
11769,100,fhobhgjb-1
11770,100,gaofflde-1
11771,100,loefocec-1
11772,100,dggpehjc-1
11773,100,ilhgfhpe-1
11774,100,bdehfpaj-1
11775,100,obajnpnn-1
11776,100,nbbpcpka-1
11777,100,cbbfecpc-1
11778,100,igdjipdm-1
11779,100,nklhknnn-1
11780,100,mdnakedi-1
11781,100,ilgpppjo-1
11782,100,lpahfllj-1
11783,100,bhoilbio-1
11784,100,kedlcenp-1
11785,100,mdklhmfc-1
11786,100,aljfnblj-1
11787,100,lpbioinj-1
11788,100,afbkkblg-1
11789,100,nfhpnnic-1
11790,100,jlaldkhi-1
11791,100,aghegbci-1
11792,100,dbpaaoka-1
11793,100,mngencgc-1
11794,100,fghffinj-1
11795,100,bfiahajj-1
11796,100,gdbloifc-1
11797,100,ikklmjgj-1
11798,100,nednojhp-1
11799,100,jopffedi-1
11800,100,nelhnamk-1
11801,100,jlakaleb-1
11802,100,ahjakfcl-1
11803,100,joclopgc-1
11804,100,moiobcgk-1
11805,100,jliaeepn-1
11806,100,gdfdfllp-1
11807,100,dgjlmeci-1
11808,100,jipikghi-1
11809,100,noajdceo-1
11810,100,gdbnlggi-1
11811,100,jnjcgfmd-1
11812,100,kcpcmidf-1
11813,100,ngdaelbe-1
11814,100,mdkidjpc-1
11815,100,niimmnbl-1
11816,100,meceocai-1
11817,100,mnibkobl-1
11818,100,ohingmcc-1
11819,100,cbfhnpcg-1
11820,100,filpaogh-1
11821,100,ikcfaaee-1
11822,100,dcikocnm-1
11823,100,noalenfk-1
11824,100,odjbfcma-1
11825,100,jnhgnjpb-1
11826,100,ighfekdl-1
11827,100,bbkidccn-1
11828,100,jiblphih-1
11829,100,oaegnpie-1
11830,100,bbnpoojb-1
11831,100,ndeifeoj-1
11832,100,jnmalage-1
11833,100,bbcofala-1
11834,100,foicjgen-1
11835,100,lomjmoeh-1
11836,100,ifjlibpp-1
11837,100,bcefeeni-1
11838,100,jkmookld-1
11839,100,ddbhiidf-1
11840,100,kaholpel-1
11841,100,ddchimbo-1
11842,100,ddeiionp-1
11843,100,aoelajgk-1
11844,100,foiboaco-1
11845,100,ahjhkaed-1
11846,100,fhaoljkk-1
11847,100,bcoekbag-1
11848,100,mcfpimpp-1
11849,100,dcgjaene-1
11850,100,lomlcagg-1
11851,100,lpcbeljm-1
11852,100,ganleald-1
11853,100,jpikjmcm-1
11854,100,mdnjhmfb-1
11855,100,ikcamdpd-1
11856,100,ahgdajhe-1
11857,100,fhjofpob-1
11858,100,afbeajjg-1
11859,100,nekeojci-1
11860,100,dggpkcoe-1
11861,100,nfeiaifd-1
11862,100,jnbepcba-1
11863,100,cagngmgf-1
11864,100,almindkd-1
11865,100,jidngcma-1
11866,100,ngpajakd-1
11867,100,ddkclhlg-1
11868,100,jiakabnk-1
11869,100,nhggenej-1
11870,100,noacebpp-1
11871,100,bcogjajd-1
11872,100,bianhfje-1
11873,100,nbanagnm-1
11874,100,bfjajchg-1
11875,100,almmbjka-1
11876,100,jodfdabg-1
11877,100,kdjloipn-1
11878,100,aggpceic-1
11879,100,ieoiccmn-1
11880,100,mogellci-1
11881,100,fikkgjhb-1
11882,100,kdbdaopc-1
11883,100,jpdnipbk-1
11884,100,fhjomcpd-1
11885,100,jncjkbec-1
11886,100,kddcijih-1
11887,100,foklegfk-1
11888,100,oebbookm-1
11889,100,igbhegnl-1
11890,100,obeonmip-1
11891,100,mdbgmfdn-1
11892,100,nniihkmg-1
11893,100,nobdolfo-1
11894,100,mdpfifpc-1
11895,100,dchagnba-1
11896,100,dcmeephb-1
11897,100,joekllba-1
11898,100,bfljopcl-1
11899,100,biepkgfp-1
11900,100,ilbpfehj-1
11901,100,cammlbmf-1
11902,100,becbkgej-1
11903,100,jidcebpo-1
11904,100,lodnpeel-1
11905,100,aglhmekp-1
11906,100,nnifafec-1
11907,100,kacgckng-1
11908,100,dccahnem-1
11909,100,ikkbnoik-1
11910,100,mddblmgp-1
11911,100,agigeogh-1
11912,100,nemkidpb-1
11913,100,ijaljmap-1
11914,100,ddbfajag-1
11915,100,fhdbkhih-1
11916,100,bffbnnnk-1
11917,100,jpkbchnn-1
11918,100,meaemdgg-1
11919,100,fhanhcfb-1
11920,100,kahlciec-1
11921,100,nhaifagd-1
11922,100,medhipmb-1
11923,100,nodhhmae-1
11924,100,mognfbom-1
11925,100,gamcmojp-1
11926,100,mohcpgfk-1
11927,100,mofjabaa-1
11928,100,ifmhiman-1
11929,100,oebcjabe-1
11930,100,fgpjdkcm-1
11931,100,bbmmmfmc-1
11932,100,bbncpmmn-1
11933,100,bfdepplo-1
11934,100,flkbbiif-1
11935,100,afobfjmg-1
11936,100,canjoeib-1
11937,100,lnloaolm-1
11938,100,dgkbbaai-1
11939,100,bfjphodd-1
11940,100,dcgfmggj-1
11941,100,ojfoifmg-1
11942,100,fgomdbld-1
11943,100,nhdcdihp-1
11944,100,bbccnjhj-1
11945,100,aoegoinb-1
11946,100,ikkjboih-1
11947,100,caoodief-1
11948,100,kdbjbjmf-1
11949,100,nlbnmmja-1
11950,100,mdahfeci-1
11951,100,fgioomej-1
11952,100,oiplfilm-1
11953,100,bbcmgekf-1
11954,100,fhbdlmfi-1
11955,100,jlhkplob-1
11956,100,kdoiafki-1
11957,100,nfhknhbh-1
11958,100,nbbfbopf-1
11959,100,ndeibpgj-1
11960,100,ikkbdiki-1
11961,100,jfacdbih-1
11962,100,jeppbkce-1
11963,100,loeideej-1
11964,100,jhnkplam-1
11965,100,cbfmlgjd-1
11966,100,bfhhdmjk-1
11967,100,lnloohje-1
11968,100,fikfnjao-1
11969,100,fimecinj-1
11970,100,ijppbafd-1
11971,100,ilficmjj-1
11972,100,fhbnkmdl-1
11973,100,gbafmpgk-1
11974,100,nnpjcmfb-1
11975,100,jimdamoo-1
11976,100,niidfhpn-1
11977,100,fgccdhng-1
11978,100,lofihpgl-1
11979,100,jiphofek-1
11980,100,gakdiaog-1
11981,100,bfefnile-1
11982,100,dbeackal-1
11983,100,jplkhhjo-1
11984,100,nompdhgd-1
11985,100,bcmicikc-1
11986,100,kddfcihn-1
11987,100,ngblibei-1
11988,100,nbdlbfcm-1
11989,100,aloanjah-1
11990,100,bfnfjkkd-1
11991,100,jnieloll-1
11992,100,nhchaeid-1
11993,100,fimoikln-1
11994,100,jineigac-1
11995,100,cbfkefom-1
11996,100,gdekgohg-1
11997,100,jlcdgmjg-1
11998,100,canjfbjf-1
11999,100,oaidhlem-1
12000,100,jiiajdda-1
12001,100,iepibjnd-1
12002,100,gaokhkge-1
12003,100,bicmlkhg-1
12004,100,bcnbfnpf-1
12005,100,jpdpconf-1
12006,100,cammndgm-1
12007,100,afhbcijh-1
12008,100,cagadngf-1
12009,100,ddlhpdea-1
12010,100,jiihmgan-1
12011,100,ngpmmhlb-1
12012,100,agamgpgi-1
12013,100,bclogpan-1
12014,100,jojbakbc-1
12015,100,gcgogamp-1
12016,100,jiliggac-1
12017,100,mdmgglbb-1
12018,100,jkenpflb-1
12019,100,djpfghao-1
12020,100,dcijlpgf-1
12021,100,jobcdopk-1
12022,100,nogfiiej-1
12023,100,bgpifjlp-1
12024,100,bcbgdend-1
12025,100,nedjpkli-1
12026,100,kaajnejl-1
12027,100,jcncooik-1
12028,100,bejabmjh-1
12029,100,ngbaimhg-1
12030,100,ddhdmagh-1
12031,100,kaaolcoa-1
12032,100,bgmeobne-1
12033,100,folmhgij-1
12034,100,aephhfah-1
12035,100,bgpkgpkg-1
12036,100,fgofhnde-1
12037,100,ifmdkoif-1
12038,100,dchjhmfa-1
12039,100,alibkkig-1
12040,100,caoghpkp-1
12041,100,bcpoiaab-1
12042,100,capjeahn-1
12043,100,lpcibiae-1
12044,100,bienhokb-1
12045,100,fgnamnmh-1
12046,100,mdjgfcfa-1
12047,100,fhgfoeig-1
12048,100,kdiklcik-1
12049,100,jiiidplp-1
12050,100,gdegjhmi-1
12051,100,jobcdoen-1
12052,100,aghdaabh-1
12053,100,agjgihjb-1
12054,100,igdbmpol-1
12055,100,jibodoli-1
12056,100,bhnhnpjh-1
12057,100,kaekkpln-1
12058,100,alofiafj-1
12059,100,meapikie-1
12060,100,ikmcmbhc-1
12061,100,iepiinni-1
12062,100,ijbehhmp-1
12063,100,bdgmdieb-1
12064,100,ddbhllkl-1
12065,100,kcjopdmo-1
12066,100,jilmchog-1
12067,100,alkdinen-1
12068,100,fghejkff-1
12069,100,kdmnbeml-1
12070,100,nfhkonii-1
12071,100,aglimeld-1
12072,100,igajidma-1
12073,100,jkccfegi-1
12074,100,mdoaoopl-1
12075,100,bhfdnocd-1
12076,100,jlcbkibb-1
12077,100,kdaphaoi-1
12078,100,dbelfdfc-1
12079,100,gafnnhjl-1
12080,100,alnhlljk-1
12081,100,bfjcckij-1
12082,100,caogaljf-1
12083,100,jnbcjmah-1
12084,100,jnblapbd-1
12085,100,jlbnpbcm-1
12086,100,gchbpbkn-1
12087,100,gbaakifg-1
12088,100,mnfofjdl-1
12089,100,jkejnikm-1
12090,100,cafkbnff-1
12091,100,nklpanfj-1
12092,100,igehdeai-1
12093,100,mogmbaaj-1
12094,100,bgmmiahi-1
12095,100,bfhafmkg-1
12096,100,lokjgppc-1
12097,100,cafedboa-1
12098,100,mdcdlmfa-1
12099,100,gdgbkgeo-1
12100,100,noeihnlh-1
12101,100,iggpdgki-1
12102,100,gddfmjph-1
12103,100,nhianphp-1
12104,100,niijopel-1
12105,100,bceaadfj-1
12106,100,dgjlbgae-1
12107,100,jklhelpk-1
12108,100,gdbngebk-1
12109,100,ahjbijka-1
12110,100,ikcajeek-1
12111,100,biffgjgj-1
12112,100,becinmho-1
12113,100,lhcefkcg-1
12114,100,fgjcjcfg-1
12115,100,cahnobno-1
12116,100,dcghgkha-1
12117,100,afaghacp-1
12118,100,jpkdhikg-1
12119,100,jnkafjma-1
12120,100,jieandkg-1
12121,100,bicmbole-1
12122,100,fooiaeng-1
12123,100,kabjbdfl-1
12124,100,fgglmhoh-1
12125,100,gdgdbbdh-1
12126,100,hhkciogf-1
12127,100,noemfkjn-1
12128,100,bclmhngc-1
12129,100,nihmgfjf-1
12130,100,bfkafepe-1
12131,100,calmadgk-1
12132,100,bejhfhcd-1
12133,100,dggjdpga-1
12134,100,oeigfili-1
12135,100,fhcldfbc-1
12136,100,cbffpcbm-1
12137,100,calmoeco-1
12138,100,bgmkonjd-1
12139,100,fimegakj-1
12140,100,kablkcoa-1
12141,100,ikkghibm-1
12142,100,fhhpacgo-1
12143,100,gahdbnhl-1
12144,100,nobpobin-1
12145,100,ojbilkej-1
12146,100,fljpnibp-1
12147,100,jlbebidi-1
12148,100,kdfibamh-1
12149,100,jpbjjkhp-1
12150,100,kdfeoffg-1
12151,100,ikmaagap-1
12152,100,dghfmpma-1
12153,100,fkplflhg-1
12154,100,noagiihd-1
12155,100,loekiddd-1
12156,100,dcjopmpd-1
12157,100,gdbhdngo-1
12158,100,jjaipjkc-1
12159,100,ikcfdked-1
12160,100,ifmimmpg-1
12161,100,fgjdaffg-1
12162,100,kdadfmlp-1
12163,100,nbcmnaah-1
12164,100,foomnagg-1
12165,100,jkkkjjac-1
12166,100,igcogakg-1
12167,100,nbcekkjn-1
12168,100,bfnfcnch-1
12169,100,ikfbpdhg-1
12170,100,keagdlio-1
12171,100,jiddmegi-1
12172,100,mnepolef-1
12173,100,ohnobcla-1
12174,100,dblcbceg-1
12175,100,bfmjikmb-1
12176,100,fgkhojnc-1
12177,100,ahjnmcap-1
12178,100,afcohmek-1
12179,100,jkjkkhon-1
12180,100,afoaomlo-1
12181,100,bidbgckl-1
12182,100,jobfpbmi-1
12183,100,jefkdeid-1
12184,100,mdlnhljg-1
12185,100,fhafnpke-1
12186,100,jpnnegnm-1
12187,100,bbceonmf-1
12188,100,aglnkbmj-1
12189,100,kdedbfaa-1
12190,100,dggjkgen-1
12191,100,gciokknf-1
12192,100,kaefcdnm-1
12193,100,jeebalpi-1
12194,100,gdcchmij-1
12195,100,ngpkbnoo-1
12196,100,dcmkgfgn-1
12197,100,bdidhmff-1
12198,100,ilgabacc-1
12199,100,mkkgjpog-1
12200,100,aglnfnel-1
12201,100,fghdccei-1
12202,100,kcphddlh-1
12203,100,dghceimj-1
12204,100,nggaceib-1
12205,100,jfdkejon-1
12206,100,ikekbehi-1
12207,100,ddmnkmgi-1
12208,100,iliconal-1
12209,100,ikkjoani-1
12210,100,dckodldg-1
12211,100,fijnhmjd-1
12212,100,bejeobjd-1
12213,100,nijdcikg-1
12214,100,jlhifjhl-1
12215,100,afchmklb-1
12216,100,jpjabpeh-1
12217,100,mdlnjcff-1
12218,100,fhiognaa-1
12219,100,ahjhpcpi-1
12220,100,ilionldf-1
12221,100,caiahibi-1
12222,100,lpcjjmok-1
12223,100,mnipanfk-1
12224,100,nlblifee-1
12225,100,kdhikhda-1
12226,100,alfoggpd-1
12227,100,jnbhhnfh-1
12228,100,jpmedbmc-1
12229,100,nbddgglh-1
12230,100,fiklmeen-1
12231,100,alkgieho-1
12232,100,galfndmj-1
12233,100,nihjfebe-1
12234,100,bddghemj-1
12235,100,bfpkmndf-1
12236,100,dcmabaeg-1
12237,100,nekgjehp-1
12238,100,jipopbih-1
12239,100,niigogdj-1
12240,100,fhbncago-1
12241,100,iilhagak-1
12242,100,afanndll-1
12243,100,naokepim-1
12244,100,bcojcmng-1
12245,100,jobcegfl-1
12246,100,bbcefeil-1
12247,100,nbblheea-1
12248,100,meembefm-1
12249,100,gafgfjmk-1
12250,100,fkpgmfii-1
12251,100,joaeblkp-1
12252,100,ganophao-1
12253,100,bcegffgh-1
12254,100,bfijljjo-1
12255,100,jodhocbh-1
12256,100,mdmamlgl-1
12257,100,filndiii-1
12258,100,dkaaejfk-1
12259,100,jlhfpbhj-1
12260,100,jkmjcilb-1
12261,100,ikmlghkp-1
12262,100,fhhlhpme-1
12263,100,mogccfig-1
12264,100,jeplfkea-1
12265,100,johepkdj-1
12266,100,npjbfbld-1
12267,100,dchjlgbb-1
12268,100,gamlabfj-1
12269,100,jpkjkmpa-1
12270,100,jkdmgdfb-1
12271,100,bdihfldf-1
12272,100,dcliekmb-1
12273,100,ddbecnln-1
12274,100,jkommkmf-1
12275,100,caimffki-1
12276,100,npjcpdpl-1
12277,100,jihaiflm-1
12278,100,kafmfnip-1
12279,100,ijbmbcgp-1
12280,100,mcacjedc-1
12281,100,napfcdbp-1
12282,100,meempafe-1
12283,100,jjapibkh-1
12284,100,jklcpafj-1
12285,100,agkbiojc-1
12286,100,ajmnnfpm-1
12287,100,iggipach-1
12288,100,nbckkfmo-1
12289,100,loefolfn-1
12290,100,anfmfclf-1
12291,100,kdebcepf-1
12292,100,gdeameap-1
12293,100,nbcnkgjj-1
12294,100,gcikllko-1
12295,100,bclcnpdi-1
12296,100,jpadnegp-1
12297,100,jpchbkci-1
12298,100,bccljckd-1
12299,100,agempjan-1
12300,100,ikfneaid-1
12301,100,mdfenahi-1
12302,100,jkppobpd-1
12303,100,caokmabi-1
12304,100,afmhgfic-1
12305,100,jijnhoed-1
12306,100,kcjiehjj-1
12307,100,lomhnobi-1
12308,100,niibpkkm-1
12309,100,jigoffle-1
12310,100,bfhlmcik-1
12311,100,mogkhpmj-1
12312,100,jegbnbhk-1
12313,100,gdfafdia-1
12314,100,ndeiimnm-1
12315,100,apcbenbj-1
12316,100,camhagmg-1
12317,100,bbcbclpe-1
12318,100,afhbjiob-1
12319,100,mkkiekfa-1
12320,100,almopcdb-1
12321,100,loecpghk-1
12322,100,nklnbeag-1
12323,100,ikfedppg-1
12324,100,kdffcmio-1
12325,100,agkpepbh-1
12326,100,mdblgcfl-1
12327,100,ngblapdk-1
12328,100,kalbckad-1
12329,100,niijfokl-1
12330,100,kdkcdhnm-1
12331,100,jhnlabmo-1
12332,100,bgllgdpm-1
12333,100,aocainlk-1
12334,100,aghdmljk-1
12335,100,cambejko-1
12336,100,jiglifoe-1
12337,100,jlidceok-1
12338,100,ojbjmmmc-1
12339,100,jpkfgolf-1
12340,100,kdbcepfe-1
12341,100,jnbfmmli-1
12342,100,noojjgba-1
12343,100,napbeiho-1
12344,100,dgiijoda-1
12345,100,bdekigpd-1
12346,100,nffmpemi-1
12347,100,igfaaojd-1
12348,100,kalpkfkj-1
12349,100,gaihilca-1
12350,100,bfdephla-1
12351,100,bfegjiag-1
12352,100,necodmhb-1
12353,100,jchlmpae-1
12354,100,fhgkoljk-1
12355,100,ifagempb-1
12356,100,fgbejfhp-1
12357,100,jpnadhie-1
12358,100,dbnhkkik-1
12359,100,jnmgbjie-1
12360,100,nfdocblc-1
12361,100,dgknomdo-1
12362,100,loekcfbc-1
12363,100,jlbjfcaf-1
12364,100,nigechfp-1
12365,100,bfepfdhj-1
12366,100,mdkkdifg-1
12367,100,bfkpgeap-1
12368,100,nhahgnai-1
12369,100,fijplcna-1
12370,100,ikiionak-1
12371,100,bhjglefk-1
12372,100,fogmcalh-1
12373,100,biccbdph-1
12374,100,ijainfbo-1
12375,100,dgimhaog-1
12376,100,jfckfekn-1
12377,100,obdfclgg-1
12378,100,bdedamai-1
12379,100,fgmdigok-1
12380,100,jpbjhjjg-1
12381,100,jibidbhk-1
12382,100,nbdhlhge-1
12383,100,joajlgjn-1
12384,100,jpnnmfnj-1
12385,100,nlbcpmld-1
12386,100,nopoajcc-1
12387,100,ohinolea-1
12388,100,bfedheoe-1
12389,100,mdcgbeia-1
12390,100,meadeicn-1
12391,100,anfoapdf-1
12392,100,dcandapa-1
12393,100,nffogeho-1
12394,100,lpbladhe-1
12395,100,gdbmgfhf-1
12396,100,nadpkpoa-1
12397,100,mdbbnnge-1
12398,100,oedbaoka-1
12399,100,kdepggng-1
12400,100,ddljngdh-1
12401,100,jiijagmp-1
12402,100,ikjlgeoa-1
12403,100,ohigmpff-1
12404,100,mecgonaj-1
12405,100,gdbialml-1
12406,100,nhadoplm-1
12407,100,fojkmklk-1
12408,100,kecmadpj-1
12409,100,lofaedoa-1
12410,100,nbachgbk-1
12411,100,jliafbpm-1
12412,100,jiejblpd-1
12413,100,fhblcadd-1
12414,100,jeichobk-1
12415,100,jkpiojkl-1
12416,100,bhnebgio-1
12417,100,jpckdgnl-1
12418,100,bdeefhjc-1
12419,100,kddlanap-1
12420,100,becjmffh-1
12421,100,jijcadae-1
12422,100,fhjcoeoe-1
12423,100,ikmmgpkd-1
12424,100,gbaifnib-1
12425,100,nhcedjnb-1
12426,100,fgnahgpp-1
12427,100,igcjabfd-1
12428,100,fhjafpoo-1
12429,100,nelofhgc-1
12430,100,mcepdnen-1
12431,100,naedhpik-1
12432,100,dgjhpnpl-1
12433,100,jkddjmdc-1
12434,100,nomjbhah-1
12435,100,aghipcjh-1
12436,100,joimkklj-1
12437,100,nodagche-1
12438,100,aoaobjkj-1
12439,100,bbokdjao-1
12440,100,ikjeljnf-1
12441,100,aoaleejm-1
12442,100,ikcjnmnn-1
12443,100,jokhkifa-1
12444,100,ddhnegch-1
12445,100,ojebcmfe-1
12446,100,bicapohm-1
12447,100,kaapfngj-1
12448,100,dcbnginf-1
12449,100,ahipomdp-1
12450,100,fhiifilg-1
12451,100,aepeikpf-1
12452,100,alnebhgm-1
12453,100,ilijkhdi-1
12454,100,meemfolf-1
12455,100,fhjaoljn-1
12456,100,kagcdaif-1
12457,100,jfcjocof-1
12458,100,nogefjlb-1
12459,100,ifjohhhl-1
12460,100,fingoejn-1
12461,100,jpnhjpjb-1
12462,100,findpndl-1
12463,100,fkpoaljn-1
12464,100,meccbkcc-1
12465,100,camhcimk-1
12466,100,jipmmncc-1
12467,100,jednmiki-1
12468,100,nadgdjkn-1
12469,100,mdcenbac-1
12470,100,jpnbihfn-1
12471,100,kalmfoca-1
12472,100,foielinn-1
12473,100,afagnkmj-1
12474,100,foigdmnb-1
12475,100,fonipaei-1
12476,100,mognfggc-1
12477,100,jkpcaodo-1
12478,100,afgefghp-1
12479,100,anfpacfa-1
12480,100,gdgbaeff-1
12481,100,ikdgpjcd-1
12482,100,dgdkpgge-1
12483,100,fganbclk-1
12484,100,jkdpaoco-1
12485,100,mdkhbbcc-1
12486,100,mdpcbjnl-1
12487,100,jchkhfdp-1
12488,100,ieonmgob-1
12489,100,igbnchbn-1
12490,100,oahpcbni-1
12491,100,nhchpljg-1
12492,100,nhdcambn-1
12493,100,fomjlnfj-1
12494,100,afccbnlm-1
12495,100,johandgb-1
12496,100,jkeiheab-1
12497,100,bdiiiljk-1
12498,100,bbknkejb-1
12499,100,galchomi-1
12500,100,keaaofjn-1
12501,100,bhobdgbi-1
12502,100,dgfgigee-1
12503,100,ngdlkakn-1
12504,100,gaiimkbd-1
12505,100,jkjibopb-1
12506,100,alnnjlce-1
12507,100,bfennihm-1
12508,100,kdjgeini-1
12509,100,npjcakkh-1
12510,100,igdhnkfj-1
12511,100,bcpobjcm-1
12512,100,nbalmglh-1
12513,100,kdfaehgj-1
12514,100,igfeecfm-1
12515,100,moghjgoe-1
12516,100,afbcidnn-1
12517,100,bfefomjl-1
12518,100,kdbneikf-1
12519,100,ddhninoo-1
12520,100,jhnjgleh-1
12521,100,ddmondkh-1
12522,100,nfhcmflm-1
12523,100,ddeikpep-1
12524,100,jngfhikb-1
12525,100,filgcgbg-1
12526,100,iepjabop-1
12527,100,cbfkjama-1
12528,100,naabkoge-1
12529,100,nadempjl-1
12530,100,jpihelhm-1
12531,100,bcgnileg-1
12532,100,fhakpkoe-1
12533,100,lpahnhkd-1
12534,100,kdfaiimp-1
12535,100,ilelhcbk-1
12536,100,mojblcop-1
12537,100,bhijiklo-1
12538,100,dcmnfkgg-1
12539,100,gbaadini-1
12540,100,afmincdj-1
12541,100,ngbifjli-1
12542,100,jjacfgag-1
12543,100,npafpgoh-1
12544,100,nooiepbl-1
12545,100,bbmldknj-1
12546,100,dcjnhdjo-1
12547,100,oaefjclh-1
12548,100,iliohead-1
12549,100,nodgagga-1
12550,100,agkomjoh-1
12551,100,jpddmoie-1
12552,100,ilibbpde-1
12553,100,bhgibmod-1
12554,100,ojfbkdja-1
12555,100,ddbcpegc-1
12556,100,bcmlidoc-1
12557,100,fgnmfkko-1
12558,100,gambokpa-1
12559,100,fhgjnobo-1
12560,100,nomlmppd-1
12561,100,bdkcplmb-1
12562,100,bidhepnc-1
12563,100,fhjhnljb-1
12564,100,jcmfchba-1
12565,100,ddfobodj-1
12566,100,jpdhkbgp-1
12567,100,jodkeacc-1
12568,100,jnapcnhp-1
12569,100,caidfnia-1
12570,100,mohakgdc-1
12571,100,nbacmpmc-1
12572,100,jngcpfba-1
12573,100,mdpdiebn-1
12574,100,gddpkgoi-1
12575,100,jicadhka-1
12576,100,nihilaag-1
12577,100,bgmgkojk-1
12578,100,kcjhefel-1
12579,100,jpjkecaa-1
12580,100,ngfndnlp-1
12581,100,dchoocbd-1
12582,100,fhgceepk-1
12583,100,jnpmcbea-1
12584,100,nonecakd-1
12585,100,mdnakcnk-1
12586,100,mbpmigbj-1
12587,100,bfighkll-1
12588,100,bhjchmgi-1
12589,100,afgeaaen-1
12590,100,jkmncooj-1
12591,100,nbdcfmgd-1
12592,100,dcjlbmmd-1
12593,100,nekkldjp-1
12594,100,dcacgojm-1
12595,100,jkokfjme-1
12596,100,ddknfpio-1
12597,100,igcjolon-1
12598,100,afaadlda-1
12599,100,ajncpgdc-1
12600,100,cbggighj-1
12601,100,jieecfed-1
12602,100,agkomnmb-1
12603,100,cahgjgci-1
12604,100,aghbiddf-1
12605,100,cainohpo-1
12606,100,fhoggjfe-1
12607,100,alhonkkl-1
12608,100,jidmfbcg-1
12609,100,jlhoniae-1
12610,100,lomifmjl-1
12611,100,jobgddaa-1
12612,100,jppchjpl-1
12613,100,jfdggapg-1
12614,100,bdemlopj-1
12615,100,bcbidjpf-1
12616,100,jefppcoh-1
12617,100,aghmfpoo-1
12618,100,mdpbgnmb-1
12619,100,igfcckkd-1
12620,100,mneajhgf-1
12621,100,fhhiedcp-1
12622,100,jifnggii-1
12623,100,bifoddaf-1
12624,100,nhiajbbj-1
12625,100,dchalhjl-1
12626,100,nopobbje-1
12627,100,jkjedebp-1
12628,100,nihelglm-1
12629,100,dggiaaph-1
12630,100,npjcllef-1
12631,100,lhcfhndm-1
12632,100,nofhhdad-1
12633,100,jibpfjop-1
12634,100,kdihmdaa-1
12635,100,ijbhnoma-1
12636,100,jidbmhdb-1
12637,100,fgmffpnj-1
12638,100,dbmlagki-1
12639,100,jefojoek-1
12640,100,jkoodjlb-1
12641,100,fljjgcgj-1
12642,100,nocfkjho-1
12643,100,kabenbca-1
12644,100,bcnkacio-1
12645,100,keblkcfl-1
12646,100,fhchacna-1
12647,100,fgjcbaob-1
12648,100,bbmoolpn-1
12649,100,oekbljbk-1
12650,100,fgnmigha-1
12651,100,bdjkokcb-1
12652,100,kdodijna-1
12653,100,bhpaefid-1
12654,100,fojdaepo-1
12655,100,kdfdppcf-1
12656,100,dcglgdjj-1
12657,100,lonkpmcl-1
12658,100,dbldghpo-1
12659,100,fhbliijb-1
12660,100,dbmbfbpp-1
12661,100,flgcmfdj-1
12662,100,iilhichm-1
12663,100,bccfglpf-1
12664,100,jocnlejk-1
12665,100,dcabclem-1
12666,100,jigmbnda-1
12667,100,kdhjjofe-1
12668,100,jilplmfn-1
12669,100,jlbfmndd-1
12670,100,mbnjpcnp-1
12671,100,kaiplkhh-1
12672,100,finddjok-1
12673,100,agmeacbl-1
12674,100,jlikigmb-1
12675,100,fgamcejd-1
12676,100,kcpelled-1
12677,100,npjcckja-1
12678,100,jnfnddgl-1
12679,100,jefbbkkp-1
12680,100,ikgomkjm-1
12681,100,jhnmgkdb-1
12682,100,jklocnhk-1
12683,100,ikfhlpnj-1
12684,100,joakmcnf-1
12685,100,ahgdfbbl-1
12686,100,ngaljffa-1
12687,100,bbkfooee-1
12688,100,kaimnpng-1
12689,100,noeilnbc-1
12690,100,bhngeclf-1
12691,100,bhikdijc-1
12692,100,jpjdlnel-1
12693,100,fhincfob-1
12694,100,jilhkgpn-1
12695,100,jpeapigp-1
12696,100,ilibbilg-1
12697,100,bfmnckih-1
12698,100,jojbaada-1
12699,100,fomkdlnn-1
12700,100,mnfhfmoe-1
12701,100,hgikodfd-1
12702,100,jkdcocek-1
12703,100,gdffnfgm-1
12704,100,dcmjhflp-1
12705,100,ijbgomhl-1
12706,100,jbloogcm-1
12707,100,meandeep-1
12708,100,fimfibfj-1
12709,100,noblfmga-1
12710,100,bibgbcij-1
12711,100,mdpmmgef-1
12712,100,igbaggmd-1
12713,100,bfmcocci-1
12714,100,jlcbengb-1
12715,100,nlappjpl-1
12716,100,bfjgmdef-1
12717,100,jnfpenfd-1
12718,100,bddeppjn-1
12719,100,bgmiikhl-1
12720,100,bhpjbbho-1
12721,100,ddkcnlim-1
12722,100,ikdmifmi-1
12723,100,mkkdfbfa-1
12724,100,mefenpbo-1
12725,100,necockhg-1
12726,100,jkecljjc-1
12727,100,jfcbmeje-1
12728,100,mndlajep-1
12729,100,dcglcpoj-1
12730,100,agjnednk-1
12731,100,kdgecjbf-1
12732,100,jlannifg-1
12733,100,ahiioakg-1
12734,100,bhpppdcm-1
12735,100,agibkmgk-1
12736,100,mebfjepg-1
12737,100,ficchgeg-1
12738,100,joaoigke-1
12739,100,bibebhgg-1
12740,100,bcekodnf-1
12741,100,camcmpfp-1
12742,100,kdpmneke-1
12743,100,bfncplga-1
12744,100,capkpcfg-1
12745,100,lnloncjb-1
12746,100,dbmolclo-1
12747,100,mnfeolep-1
12748,100,jnmacgme-1
12749,100,kdcffejk-1
12750,100,ddmfceke-1
12751,100,kaacfdnb-1
12752,100,bfnlcmhd-1
12753,100,jojffdip-1
12754,100,cafogngo-1
12755,100,nbdccnhc-1
12756,100,fhdjehhl-1
12757,100,jkeefelo-1
12758,100,jilminge-1
12759,100,cahakobi-1
12760,100,nemgmajb-1
12761,100,jknnapai-1
12762,100,ijbgkdjo-1
12763,100,fljppoba-1
12764,100,kaipgdep-1
12765,100,afihlemd-1
12766,100,jjbdcopl-1
12767,100,jpdmhikp-1
12768,100,gchlmohm-1
12769,100,finfjkdo-1
12770,100,nijamfei-1
12771,100,gdfaaifl-1
12772,100,kcpfjpmh-1
12773,100,niigffkp-1
12774,100,fpkejgpd-1
12775,100,kecjjook-1
12776,100,fggghdfd-1
12777,100,obcjiimk-1
12778,100,ikihokem-1
12779,100,dcbkjmbk-1
12780,100,obckppgi-1
12781,100,ilhgnndi-1
12782,100,bbnhhhoj-1
12783,100,fhbhepei-1
12784,100,ikkhefjn-1
12785,100,odjjaooa-1
12786,100,ikepcoln-1
12787,100,nbafcfmb-1
12788,100,findkjoc-1
12789,100,cagfahna-1
12790,100,dbngfmnp-1
12791,100,nbdedlhl-1
12792,100,jkchkgha-1
12793,100,niihpgpj-1
12794,100,iijifidh-1
12795,100,cbbcjled-1
12796,100,finimfhi-1
12797,100,afaofhip-1
12798,100,moilhcdc-1
12799,100,nfhdmldh-1
12800,100,mdkbljce-1
12801,100,noopiajj-1
12802,100,obdakdpo-1
12803,100,ngalhicm-1
12804,100,ikfilibl-1
12805,100,ngpaljdn-1
12806,100,kdfjdaig-1
12807,100,neldcgad-1
12808,100,jnpnlnio-1
12809,100,nogoebjd-1
12810,100,ilgdlcne-1
12811,100,camacdhg-1
12812,100,bbmmjfog-1
12813,100,gddnjabl-1
12814,100,jopnmiak-1
12815,100,fkpkagjp-1
12816,100,mopehjhg-1
12817,100,kdocnino-1
12818,100,ngomofpm-1
12819,100,fimhonhf-1
12820,100,bgmdomdf-1
12821,100,jiihlejk-1
12822,100,ngbfkijf-1
12823,100,foiffade-1
12824,100,nbdiiplg-1
12825,100,fooaoakd-1
12826,100,bcdkoehl-1
12827,100,fhahdobl-1
12828,100,bcplodjc-1
12829,100,dcllloid-1
12830,100,oekdibfd-1
12831,100,agljajmi-1
12832,100,jplcbllo-1
12833,100,mecdejmd-1
12834,100,cahhpbna-1
12835,100,aobjojkd-1
12836,100,bcmhhlco-1
12837,100,hgiliiek-1
12838,100,kddokpfi-1
12839,100,nemmkpmp-1
12840,100,bcbinook-1
12841,100,mdbhellm-1
12842,100,kcomapmk-1
12843,100,dcfhcbnb-1
12844,100,dcabdijl-1
12845,100,kdcncgbl-1
12846,100,necpgblp-1
12847,100,mdpjdpla-1
12848,100,capmepcl-1
12849,100,gaeflkgm-1
12850,100,jpcdfjph-1
12851,100,johgofcg-1
12852,100,bhphaddb-1
12853,100,ilfpkioe-1
12854,100,ahfompcm-1
12855,100,agdkmccb-1
12856,100,ddaofcgc-1
12857,100,gagppfai-1
12858,100,jnjmpmld-1
12859,100,bgpbgeoe-1
12860,100,bclckjjg-1
12861,100,igaadbjk-1
12862,100,gddohhpo-1
12863,100,ahjnhjfg-1
12864,100,aggmibom-1
12865,100,kaefabdb-1
12866,100,gaomejne-1
12867,100,jlhinifn-1
12868,100,mofiknne-1
12869,100,jiifhhcd-1
12870,100,bdaghajc-1
12871,100,jigkdnig-1
12872,100,dgiboaeh-1
12873,100,fgopmdih-1
12874,100,jlgggcpf-1
12875,100,ngpjakkj-1
12876,100,jinijhob-1
12877,100,caioelhj-1
12878,100,dblabaeg-1
12879,100,kaekejgh-1
12880,100,bhnnobjl-1
12881,100,nogjinmg-1
12882,100,dbkjfnab-1
12883,100,jidhmmck-1
12884,100,ikdjlihd-1
12885,100,ikmklpan-1
12886,100,jpomfelm-1
12887,100,dghcdgcp-1
12888,100,bidfnnmi-1
12889,100,obandkae-1
12890,100,bcbckfcp-1
12891,100,kakgdkbe-1
12892,100,ikoeccpo-1
12893,100,lhcehdgi-1
12894,100,afbccehd-1
12895,100,kakebjbc-1
12896,100,jiiihhep-1
12897,100,fibjoknh-1
12898,100,bfldljdb-1
12899,100,mdjfjdfl-1
12900,100,bgadhijf-1
12901,100,jpogecgg-1
12902,100,mdakdjig-1
12903,100,fgohfeha-1
12904,100,alofggbj-1
12905,100,kdoidnmn-1
12906,100,aoefpgmd-1
12907,100,ikdcgddi-1
12908,100,ikgmlnkg-1
12909,100,kddhnloa-1
12910,100,ifadijpe-1
12911,100,nemhoegm-1
12912,100,mnekkiej-1
12913,100,bfpmmnag-1
12914,100,caholepi-1
12915,100,bfgjpjan-1
12916,100,mdjnnhpm-1
12917,100,nhadoccg-1
12918,100,mcapkgdl-1
12919,100,bhjjfhgk-1
12920,100,bcanbalk-1
12921,100,kdpppebf-1
12922,100,nnokpopk-1
12923,100,biakjgok-1
12924,100,cainfldo-1
12925,100,jpohmlbg-1
12926,100,dcidggii-1
12927,100,jigpdlai-1
12928,100,ohicdefb-1
12929,100,afaijifh-1
12930,100,bcdkdjai-1
12931,100,jndeablc-1
12932,100,ilbmmenh-1
12933,100,fokjajnm-1
12934,100,gcipgeda-1
12935,100,bcegnija-1
12936,100,jnjgcfcd-1
12937,100,ikpjneci-1
12938,100,mdmnplbo-1
12939,100,caoamjec-1
12940,100,medfaedp-1
12941,100,ngbngdpk-1
12942,100,napgdnpj-1
12943,100,jpcmdoab-1
12944,100,jpmhbmnb-1
12945,100,dgjapcep-1
12946,100,oeipnibf-1
12947,100,bbnedpbi-1
12948,100,nednobfe-1
12949,100,ikdbkphf-1
12950,100,cagbidbd-1
12951,100,fimbccjh-1
12952,100,jolpohgo-1
12953,100,jefjcoga-1
12954,100,canjkfjd-1
12955,100,lnlmabbd-1
12956,100,ifndmamc-1
12957,100,bhfgfkmf-1
12958,100,ikcbamik-1
12959,100,kdapkaid-1
12960,100,ngopdked-1
12961,100,nenkncef-1
12962,100,cbbbalig-1
12963,100,nocpkago-1
12964,100,kdcmbbne-1
12965,100,ilghkccm-1
12966,100,nooghikg-1
12967,100,gdbniamm-1
12968,100,kedgneio-1
12969,100,kagaijjc-1
12970,100,fimjnoil-1
12971,100,oaeofpah-1
12972,100,fgphelij-1
12973,100,kecnapcl-1
12974,100,fhcehcie-1
12975,100,apcgefhd-1
12976,100,jidcadfa-1
12977,100,niiangjm-1
12978,100,dcjiemef-1
12979,100,dbjkpjfm-1
12980,100,nhjaegpe-1
12981,100,mdfeidgi-1
12982,100,bbjlfbch-1
12983,100,jpikcfih-1
12984,100,jkehgpib-1
12985,100,fhcmnoic-1
12986,100,dddhdopi-1
12987,100,ddljdoog-1
12988,100,gapmojil-1
12989,100,gdelcicd-1
12990,100,ilikgkjn-1
12991,100,jfdgheae-1
12992,100,kckdengk-1
12993,100,kdfblmhl-1
12994,100,nemabame-1
12995,100,fphkcgim-1
12996,100,mechikdd-1
12997,100,jlcflpko-1
12998,100,nelapdgk-1
12999,100,dggfphmk-1
13000,100,bifknhga-1
13001,100,dclmgola-1
13002,100,mdchgecg-1
13003,100,aggnnmaj-1
13004,100,oeelhfhc-1
13005,100,kebdepke-1
13006,100,bifdnfja-1
13007,100,nadedcig-1
13008,100,jieogdnj-1
13009,100,jeejeofn-1
13010,100,jfchpahc-1
13011,100,agdhkccp-1
13012,100,bcgibink-1
13013,100,jopnphjf-1
13014,100,lokkijno-1
13015,100,joppigfo-1
13016,100,fgihleol-1
13017,100,oekdfbjk-1
13018,100,bccacjjg-1
13019,100,kafmcjab-1
13020,100,fiadpjpf-1
13021,100,bbombmfb-1
13022,100,bdgimgak-1
13023,100,bfhajbdp-1
13024,100,gdfcihib-1
13025,100,igbhggbj-1
13026,100,jobedbfo-1
13027,100,kcpbcbfe-1
13028,100,lpagkngk-1
13029,100,mdooomic-1
13030,100,alnoocfm-1
13031,100,dcmddkoa-1
13032,100,gakpmlkc-1
13033,100,fghckmjk-1
13034,100,galhpiic-1
13035,100,kdhkjheo-1
13036,100,gahejodh-1
13037,100,nbdelmcl-1
13038,100,bffdoiji-1
13039,100,dcicmgoj-1
13040,100,fgmgpeaa-1
13041,100,bhilkfkm-1
13042,100,nemeapgl-1
13043,100,oafkeclk-1
13044,100,obddakkf-1
13045,100,caicpiam-1
13046,100,gdeeppnd-1
13047,100,jibanbkn-1
13048,100,ikfbfecd-1
13049,100,jpngokmp-1
13050,100,fgjldhkp-1
13051,100,kajmhjoi-1
13052,100,kcppbpil-1
13053,100,lpbfdeik-1
13054,100,ilifdlig-1
13055,100,mogbagga-1
13056,100,jilefghl-1
13057,100,bffcdcgl-1
13058,100,fhdkcebd-1
13059,100,meamabad-1
13060,100,kecnmkhc-1
13061,100,kcjpdcep-1
13062,100,kacogneb-1
13063,100,jidgekgo-1
13064,100,bhnmjgdm-1
13065,100,igafgool-1
13066,100,bifapeci-1
13067,100,kacceijf-1
13068,100,djpjncal-1
13069,100,bfhccomb-1
13070,100,jniegjag-1
13071,100,jefajmep-1
13072,100,medgioci-1
13073,100,jpbphomh-1
13074,100,igdinfoe-1
13075,100,nhibagdc-1
13076,100,joekpjkj-1
13077,100,kdjgnnfm-1
13078,100,noplckao-1
13079,100,dbmjciob-1
13080,100,jlagloel-1
13081,100,naadcigo-1
13082,100,fhcgknlj-1
13083,100,akliopip-1
13084,100,bdaaacci-1
13085,100,gddffbga-1
13086,100,nhbpdnjf-1
13087,100,bdkbplig-1
13088,100,oeiplkag-1
13089,100,bidjgjie-1
13090,100,jkfhhkkl-1
13091,100,jplejhbk-1
13092,100,jimlmgan-1
13093,100,calkkgdg-1
13094,100,jocjgmod-1
13095,100,dcgjmiep-1
13096,100,igdpmehf-1
13097,100,bdkffefm-1
13098,100,ddmfoodi-1
13099,100,nfdcbdjb-1
13100,100,fhhlehid-1
13101,100,ahgbmook-1
13102,100,amdhmjoa-1
13103,100,lnmadonf-1
13104,100,biaffjol-1
13105,100,gdckemeh-1
13106,100,nocgoabb-1
13107,100,ijbjddoa-1
13108,100,oaeffhac-1
13109,100,bcbpjhlp-1
13110,100,afmkkncd-1
13111,100,bbmnlgcn-1
13112,100,nhajfamo-1
13113,100,ihdnfcce-1
13114,100,ikdjddop-1
13115,100,kaljndlj-1
13116,100,jnhaggii-1
13117,100,mdjngabo-1
13118,100,bdhmmooi-1
13119,100,bhijkkbo-1
13120,100,bfmbbafi-1
13121,100,jiibmfjd-1
13122,100,nhaiemnk-1
13123,100,aglmamep-1
13124,100,jihdibeo-1
13125,100,jnjnfmne-1
13126,100,cafcpicl-1
13127,100,bflifmpi-1
13128,100,gakbpaoo-1
13129,100,jiiihipc-1
13130,100,kdhmdbon-1
13131,100,biaiagoa-1
13132,100,jimibcaj-1
13133,100,kabglaph-1
13134,100,jkfajjld-1
13135,100,filelncc-1
13136,100,ddkchloj-1
13137,100,mdmncmdn-1
13138,100,jcgdokjd-1
13139,100,flgapijh-1
13140,100,gdcgbamo-1
13141,100,galnpbdj-1
13142,100,dcengolh-1
13143,100,afckjadm-1
13144,100,ilcainbh-1
13145,100,gdgglapd-1
13146,100,mebabbaf-1
13147,100,oaeijbka-1
13148,100,dckipckg-1
13149,100,kdiljhie-1
13150,100,mecblfkf-1
13151,100,mppndkgc-1
13152,100,alnmoeeg-1
13153,100,jpcdgfho-1
13154,100,naocdhan-1
13155,100,jnjlpkfj-1
13156,100,kedebndh-1
13157,100,dbdpboga-1
13158,100,nhhmmaeh-1
13159,100,bhfgphed-1
13160,100,ddbokcjm-1
13161,100,jpadocfi-1
13162,100,fggnjoeb-1
13163,100,bfhkckim-1
13164,100,mdcbdhnp-1
13165,100,agfpbakg-1
13166,100,ikfkohbd-1
13167,100,nfgleali-1
13168,100,dcidbaok-1
13169,100,fhhdjacp-1
13170,100,fghalcpd-1
13171,100,ngbkckep-1
13172,100,igbknemp-1
13173,100,jiecebia-1
13174,100,fhofoeoc-1
13175,100,fonmofkj-1
13176,100,mdjfijhe-1
13177,100,kakmnidh-1
13178,100,bcbkdmla-1
13179,100,oagcjmoo-1
13180,100,naoebgce-1
13181,100,gdeapmje-1
13182,100,jliighck-1
13183,100,kdagbfnl-1
13184,100,kajehifp-1
13185,100,jfcpkfcn-1
13186,100,ddkiaeok-1
13187,100,fhiommmh-1
13188,100,jnmccood-1
13189,100,bifiimdd-1
13190,100,djplbhcc-1
13191,100,necjkana-1
13192,100,mdnomnec-1
13193,100,ngbfockn-1
13194,100,mngbbhaa-1
13195,100,nfeoedci-1
13196,100,fhjgodnk-1
13197,100,dcbingog-1
13198,100,meeppfmg-1
13199,100,jkfpmgmf-1
13200,100,ngbpifag-1
13201,100,jchknido-1
13202,100,jpbafnjc-1
13203,100,gahmbphg-1
13204,100,nnpfnbmp-1
13205,100,jfbkbjjd-1
13206,100,bhfehgah-1
13207,100,oaedpbpn-1
13208,100,gdcmdffp-1
13209,100,fggjache-1
13210,100,fgbfhpeg-1
13211,100,afolhhmj-1
13212,100,bbbphmeh-1
13213,100,dclkkena-1
13214,100,mdmlbhoh-1
13215,100,bbkmkiog-1
13216,100,ikgpbpko-1
13217,100,bhgmmjfj-1
13218,100,fkpjplkl-1
13219,100,ilgfbekl-1
13220,100,ganajfhp-1
13221,100,dclkbffg-1
13222,100,jlbpbfcb-1
13223,100,afapnalj-1
13224,100,aobbimjn-1
13225,100,kdgkcand-1
13226,100,iklcpnal-1
13227,100,kdolelfj-1
13228,100,lpbomnij-1
13229,100,bdiigmbe-1
13230,100,biainkcf-1
13231,100,dcgmfefb-1
13232,100,jnlmnbdb-1
13233,100,ikgpaefh-1
13234,100,nffndoij-1
13235,100,kdgcmopb-1
13236,100,jklmlpgn-1
13237,100,bcddnmii-1
13238,100,igbkcnce-1
13239,100,jimggana-1
13240,100,jfaeoajo-1
13241,100,nedkkiaf-1
13242,100,dclpidch-1
13243,100,ilfifckl-1
13244,100,noaclefl-1
13245,100,mdmejdlp-1
13246,100,nocpecim-1
13247,100,iepjkefe-1
13248,100,afmlnipg-1
13249,100,lpejcaji-1
13250,100,dghpkjpp-1
13251,100,jpnempod-1
13252,100,kebdinbd-1
13253,100,jlccckml-1
13254,100,bfojhdbo-1
13255,100,alodfilb-1
13256,100,dbpbdhof-1
13257,100,fhooammf-1
13258,100,nobjpkhg-1
13259,100,jinagfnm-1
13260,100,bfjbgoih-1
13261,100,kakdanio-1
13262,100,iggegaep-1
13263,100,mdoeglda-1
13264,100,ijpaengl-1
13265,100,gdfadakp-1
13266,100,jkoaphem-1
13267,100,canhoedn-1
13268,100,ikjobnjc-1
13269,100,dghbonio-1
13270,100,joaangde-1
13271,100,dcaoodmp-1
13272,100,mnehbnjj-1
13273,100,jikeoflb-1
13274,100,ahfdmijc-1
13275,100,dbeogbpi-1
13276,100,nadfpacp-1
13277,100,fonibcoj-1
13278,100,bfibjnmj-1
13279,100,fhfgagie-1
13280,100,ilghehng-1
13281,100,lhcjioeb-1
13282,100,nhaocboc-1
13283,100,fipclpfm-1
13284,100,ikdmpppc-1
13285,100,algekhap-1
13286,100,mojfimhk-1
13287,100,fgjllmha-1
13288,100,jildcicl-1
13289,100,bfekocda-1
13290,100,bfmehpnf-1
13291,100,napfgmfj-1
13292,100,dcbjjeim-1
13293,100,nfflmcnm-1
13294,100,dddbninh-1
13295,100,gaomdbek-1
13296,100,jlcdmdim-1
13297,100,bfhfiego-1
13298,100,biehmbgo-1
13299,100,jplkalio-1
13300,100,nfemigla-1
13301,100,obenoeab-1
13302,100,djpegoma-1
13303,100,lhcclhoa-1
13304,100,cbfdkodf-1
13305,100,dghgeobi-1
13306,100,ojbnhfel-1
13307,100,meaeojea-1
13308,100,ngbccddo-1
13309,100,jliaccde-1
13310,100,gchadmmf-1
13311,100,oebcannb-1
13312,100,bdhabola-1
13313,100,aoehpcoi-1
13314,100,bcebaapi-1
13315,100,moffofdg-1
13316,100,jfedmgpg-1
13317,100,jiingfml-1
13318,100,necmfjjm-1
13319,100,jfacdhel-1
13320,100,fgbioeha-1
13321,100,nffakpof-1
13322,100,noecailc-1
13323,100,fhfmaeho-1
13324,100,ngchamgo-1
13325,100,ddhemhkn-1
13326,100,jihnlomj-1
13327,100,aobdmgfb-1
13328,100,dbeihdnp-1
13329,100,lokkcife-1
13330,100,kdbjlgpd-1
13331,100,caoiechl-1
13332,100,cbgmaahm-1
13333,100,aoeihkfl-1
13334,100,jkfmimni-1
13335,100,jnhmjahp-1
13336,100,bbofalcf-1
13337,100,nklhpblj-1
13338,100,ddgmahil-1
13339,100,gaobiogj-1
13340,100,bfhkgkgd-1
13341,100,dbeebaaj-1
13342,100,fghilhmc-1
13343,100,moffamcf-1
13344,100,dcmimcpd-1
13345,100,fgmhlbhc-1
13346,100,jchinebl-1
13347,100,jpchohkb-1
13348,100,kdgjajfi-1
13349,100,kdjgldkn-1
13350,100,afiebdip-1
13351,100,bhojmdfb-1
13352,100,caomfnko-1
13353,100,gdggcbcn-1
13354,100,bialganb-1
13355,100,jefaifdg-1
13356,100,flflpkno-1
13357,100,mkkdcgkf-1
13358,100,djjongkg-1
13359,100,gahbgnfo-1
13360,100,jpdihedd-1
13361,100,dcjjgooe-1
13362,100,kecihfkp-1
13363,100,jnbkbome-1
13364,100,bcdobilp-1
13365,100,aobeknfl-1
13366,100,jnbncgon-1
13367,100,fgojjkog-1
13368,100,jkfepodp-1
13369,100,ddblnfda-1
13370,100,fojbgedh-1
13371,100,ilgknhoo-1
13372,100,bcpjhjgf-1
13373,100,jicmhcii-1
13374,100,alhfmfnh-1
13375,100,gcgpajlm-1
13376,100,mnhpfhjb-1
13377,100,jfbolfbe-1
13378,100,iilhlflb-1
13379,100,bcmpehbi-1
13380,100,fgpehicm-1
13381,100,iklcgije-1
13382,100,dbmmeell-1
13383,100,ijbkfehl-1
13384,100,fhiapmcn-1
13385,100,fgijpldn-1
13386,100,ngdhgeid-1
13387,100,mdlmcmde-1
13388,100,bbjmbcmg-1
13389,100,afbgnogm-1
13390,100,dcijahff-1
13391,100,jpnagola-1
13392,100,obanbccf-1
13393,100,kcolcmib-1
13394,100,bbomboip-1
13395,100,ngdmnnaf-1
13396,100,ikdhfnmk-1
13397,100,kdglelfm-1
13398,100,nbdglboh-1
13399,100,jofmgbok-1
13400,100,noolfkfl-1
13401,100,gakfhdih-1
13402,100,bgmanicf-1
13403,100,gangoici-1
13404,100,alioibhb-1
13405,100,gakbngnd-1
13406,100,gafddhpp-1
13407,100,oafepnia-1
13408,100,ijollpjd-1
13409,100,ikmkhjkh-1
13410,100,aoeggick-1
13411,100,lomcdgmi-1
13412,100,iimbgalm-1
13413,100,fghfcinn-1
13414,100,bgmbfgoj-1
13415,100,napfnmcc-1
13416,100,bfdpgodm-1
13417,100,gdgeejgp-1
13418,100,nhcnlegc-1
13419,100,bccklegd-1
13420,100,jppiiaij-1
13421,100,bhimleln-1
13422,100,bccbionj-1
13423,100,bhnmmkef-1
13424,100,jchddcgn-1
13425,100,locehipc-1
13426,100,bdboglgk-1
13427,100,kebcklmj-1
13428,100,jigdeoin-1
13429,100,caodpndd-1
13430,100,nigdofgo-1
13431,100,ikeoanab-1
13432,100,jipmmobp-1
13433,100,loniccpp-1
13434,100,nfdlekon-1
13435,100,gdhbaogc-1
13436,100,nohenlgl-1
13437,100,joajdjmb-1
13438,100,nogeglnk-1
13439,100,oeblcjcl-1
13440,100,bbnklbbl-1
13441,100,agiibhag-1
13442,100,jkdflebf-1
13443,100,afnlnhhj-1
13444,100,ikeojggp-1
13445,100,ikdelolb-1
13446,100,fimigmdf-1
13447,100,bclleejo-1
13448,100,alfooljj-1
13449,100,jliaiolb-1
13450,100,nadhmpmm-1
13451,100,mnfnfgda-1
13452,100,bfikindj-1
13453,100,fghabmdg-1
13454,100,bibdfnle-1
13455,100,kdihomhm-1
13456,100,ilijmchf-1
13457,100,jppbhppa-1
13458,100,oeenopic-1
13459,100,bdiibdon-1
13460,100,jpkkppnf-1
13461,100,jpdhonbn-1
13462,100,igaabhjk-1
13463,100,bibmobjc-1
13464,100,jiepiaml-1
13465,100,jpikmljf-1
13466,100,jpninoog-1
13467,100,nihibjbe-1
13468,100,mecolach-1
13469,100,ngdlfdhk-1
13470,100,fggdefok-1
13471,100,fibkfkjk-1
13472,100,necnkbpd-1
13473,100,jiakchak-1
13474,100,fokjhijd-1
13475,100,loanggfo-1
13476,100,alocdpma-1
13477,100,aobenfll-1
13478,100,nhckodhm-1
13479,100,keannkmo-1
13480,100,jilhgbgj-1
13481,100,fhodgemh-1
13482,100,cbbenche-1
13483,100,ijbdgcac-1
13484,100,bhfkjdan-1
13485,100,nigkfchi-1
13486,100,ikggbemm-1
13487,100,folbchmj-1
13488,100,flaafide-1
13489,100,bcdhpnco-1
13490,100,fijopnem-1
13491,100,noohfhpf-1
13492,100,cafifmai-1
13493,100,dclkmgbf-1
13494,100,finhhjgj-1
13495,100,gaegkhjj-1
13496,100,jpichdff-1
13497,100,kckfhhaa-1
13498,100,ikpjpnkp-1
13499,100,bfgimcdh-1
13500,100,bcajckaa-1
13501,100,ddkkfhle-1
13502,100,gddhcnbh-1
13503,100,bhfhlnib-1
13504,100,jpjofghg-1
13505,100,kecnpnii-1
13506,100,nhiomgfc-1
13507,100,jifpgmel-1
13508,100,gafocmhd-1
13509,100,alncpgeg-1
13510,100,igdkncin-1
13511,100,jimagcod-1
13512,100,ifnhjnlg-1
13513,100,bcdnaeek-1
13514,100,bbkhihgm-1
13515,100,fggcacel-1
13516,100,kdbiibgb-1
13517,100,kaefbigc-1
13518,100,galjkgpp-1
13519,100,fhjchhdb-1
13520,100,jjaloenc-1
13521,100,agjjcekm-1
13522,100,kdaloggd-1
13523,100,odldnjfm-1
13524,100,kaamadkl-1
13525,100,ikkaghlb-1
13526,100,nhbbdaap-1
13527,100,jepomnif-1
13528,100,dbecikbk-1
13529,100,fgpahipm-1
13530,100,ddmlkfop-1
13531,100,bbcfgkki-1
13532,100,jinbgefo-1
13533,100,calecjkf-1
13534,100,ahjgjcch-1
13535,100,jinfgiko-1
13536,100,gdhbijio-1
13537,100,ddkmmgjn-1
13538,100,ohklglmj-1
13539,100,jpbfonpe-1
13540,100,jndadhhm-1
13541,100,jnmjabgn-1
13542,100,nlaoebdi-1
13543,100,jlgempmj-1
13544,100,bfddkfjk-1
13545,100,jfmingbp-1
13546,100,obdadkce-1
13547,100,caipfdko-1
13548,100,ikmdeoef-1
13549,100,igcfhkhl-1
13550,100,jepjpbpd-1
13551,100,jpmdggnb-1
13552,100,jomeagbe-1
13553,100,fggckjid-1
13554,100,gbagalpk-1
13555,100,ojbjmjkl-1
13556,100,caeomfjp-1
13557,100,jkkbmblo-1
13558,100,fgpldhgo-1
13559,100,jfdnkifg-1
13560,100,jnkangel-1
13561,100,biffgoel-1
13562,100,igcpaepl-1
13563,100,jeppkffd-1
13564,100,fgcenine-1
13565,100,naobolji-1
13566,100,nfdmekfh-1
13567,100,loeffldp-1
13568,100,agibibfg-1
13569,100,fgodajjd-1
13570,100,iepblnid-1
13571,100,ikkcbiem-1
13572,100,ikpcpkeo-1
13573,100,caijoghi-1
13574,100,gbbegmah-1
13575,100,obdeofdh-1
13576,100,gcheiegj-1
13577,100,nonbglni-1
13578,100,ohnlhikf-1
13579,100,jkpfmaoe-1
13580,100,joemnakk-1
13581,100,dcimnice-1
13582,100,ddkgbbjh-1
13583,100,jefdnpdj-1
13584,100,dcgjjcnj-1
13585,100,fgjjkanl-1
13586,100,ddgnihcl-1
13587,100,mdkpncbh-1
13588,100,ngpddmgc-1
13589,100,bcpjaggm-1
13590,100,igdfaeaj-1
13591,100,bcciefdk-1
13592,100,mofiknja-1
13593,100,fhcngebc-1
13594,100,lpbfbdme-1
13595,100,iepgmabe-1
13596,100,igahjdcd-1
13597,100,fimlonop-1
13598,100,jpdfjcpg-1
13599,100,napbjcnh-1
13600,100,igfdmiac-1
13601,100,dbpfiofo-1
13602,100,fhjameih-1
13603,100,kdadcggh-1
13604,100,kakkffjk-1
13605,100,mopefpdc-1
13606,100,jppmhbca-1
13607,100,mdpjbian-1
13608,100,bejaikmb-1
13609,100,igbcfdlb-1
13610,100,mcppbnhh-1
13611,100,fgahhlkn-1
13612,100,bdbjjihf-1
13613,100,cbgcilbj-1
13614,100,ifjeckja-1
13615,100,kdcpdieh-1
13616,100,fgaajhpd-1
13617,100,fomealhj-1
13618,100,ngoplfge-1
13619,100,jfacobkp-1
13620,100,bffdeded-1
13621,100,iiiopokb-1
13622,100,nbdeanpm-1
13623,100,dggoibod-1
13624,100,jkpjmmaa-1
13625,100,biccoadm-1
13626,100,oafmicck-1
13627,100,nocoigag-1
13628,100,dcailnpb-1
13629,100,mnegelhk-1
13630,100,jimcpgdf-1
13631,100,dcbabdba-1
13632,100,jeeigbli-1
13633,100,jcmlnjmo-1
13634,100,niiomlcj-1
13635,100,fohifdmj-1
13636,100,mopenmkn-1
13637,100,joddjkee-1
13638,100,mdkfinec-1
13639,100,bhfdkfmh-1
13640,100,jkjgahgi-1
13641,100,bfhibhpe-1
13642,100,mdmejamh-1
13643,100,galpiojm-1
13644,100,amdieikf-1
13645,100,lofmkabk-1
13646,100,gdchfdnc-1
13647,100,bgacofdh-1
13648,100,ngonafne-1
13649,100,aobbonmh-1
13650,100,dcaeljpn-1
13651,100,nfbniejg-1
13652,100,fhbhigic-1
13653,100,ilihimgi-1
13654,100,nbbepbaj-1
13655,100,mdbghbfh-1
13656,100,fgnaehjc-1
13657,100,kedhckod-1
13658,100,ddlghllo-1
13659,100,alghglae-1
13660,100,nnpojcdf-1
13661,100,ddeflplh-1
13662,100,jchdpkge-1
13663,100,oeiglhhn-1
13664,100,bfmnbejp-1
13665,100,gdcbpmmb-1
13666,100,kdmamdeo-1
13667,100,nihlgeja-1
13668,100,jpaglmco-1
13669,100,obagfpek-1
13670,100,loegcknl-1
13671,100,alodclof-1
13672,100,fgjehngo-1
13673,100,fhipecdd-1
13674,100,loklonmo-1
13675,100,filkkgcj-1
13676,100,fhidjhcm-1
13677,100,keaomhbn-1
13678,100,oaifidnb-1
13679,100,ikdmhnfg-1
13680,100,fongdjmh-1
13681,100,jindjhmc-1
13682,100,ddkblkdh-1
13683,100,nfefgfli-1
13684,100,mdbfchgl-1
13685,100,kecmogbi-1
13686,100,bglompkn-1
13687,100,nhjhjpof-1
13688,100,nocmhnkk-1
13689,100,jokgpocb-1
13690,100,afnlcckf-1
13691,100,biefmglf-1
13692,100,fhjfifhl-1
13693,100,igehdenj-1
13694,100,kacejjoi-1
13695,100,bfffloia-1
13696,100,fgjcckpj-1
13697,100,igfgjojg-1
13698,100,dddkbjeb-1
13699,100,dbphgfff-1
13700,100,ikgdfhcp-1
13701,100,mdekehff-1
13702,100,naoglnjf-1
13703,100,meddpemg-1
13704,100,dcalomci-1
13705,100,ifaifhap-1
13706,100,igbeealf-1
13707,100,mdkblamo-1
13708,100,ohmoolbb-1
13709,100,jeeniamf-1
13710,100,lonecedm-1
13711,100,mdnmeepl-1
13712,100,ikfdelng-1
13713,100,flabkcnp-1
13714,100,bcfdnjeo-1
13715,100,fgnaagjd-1
13716,100,bfmkamgp-1
13717,100,ifafhjnd-1
13718,100,canenehi-1
13719,100,djpgknoa-1
13720,100,meaoeidm-1
13721,100,mninlcod-1
13722,100,nfcocike-1
13723,100,ikmknjoc-1
13724,100,jokpefln-1
13725,100,fhfhnpfg-1
13726,100,bcohkcih-1
13727,100,gciagdop-1
13728,100,jlaoadof-1
13729,100,mdcfpmkf-1
13730,100,nhbnpadm-1
13731,100,ilhpgeji-1
13732,100,dciaoada-1
13733,100,nlaldfbh-1
13734,100,nlcdacli-1
13735,100,bccienjg-1
13736,100,calmnnjh-1
13737,100,keemimec-1
13738,100,nbadfelm-1
13739,100,ikeidjpp-1
13740,100,jppdghdj-1
13741,100,kakpbcde-1
13742,100,odjgmima-1
13743,100,jeokbomc-1
13744,100,aljeimio-1
13745,100,jpjfkgck-1
13746,100,jpkmebcj-1
13747,100,dckkdbde-1
13748,100,ikjnknba-1
13749,100,mdlmkaoo-1
13750,100,ahihkncp-1
13751,100,igblknfd-1
13752,100,bifhmfih-1
13753,100,fggjflek-1
13754,100,nffhgain-1
13755,100,dcifgeig-1
13756,100,fljdpjoh-1
13757,100,kdkdhpem-1
13758,100,dblclcom-1
13759,100,neohkpkg-1
13760,100,ddaobkea-1
13761,100,jfdcnbeb-1
13762,100,ikkibccd-1
13763,100,afmpompl-1
13764,100,dcjppclp-1
13765,100,kaknejcm-1
13766,100,dckedhal-1
13767,100,bcfcepla-1
13768,100,gaeecbgn-1
13769,100,kaapooig-1
13770,100,bcgegkei-1
13771,100,ddkbneif-1
13772,100,camehbdm-1
13773,100,jncockbb-1
13774,100,jpododhm-1
13775,100,lpbjkdoi-1
13776,100,kacdcblf-1
13777,100,bddhaeai-1
13778,100,kedbnkgf-1
13779,100,jkmloaoi-1
13780,100,oiojfkfi-1
13781,100,npbcgjlg-1
13782,100,caiknfeb-1
13783,100,kdhcpldo-1
13784,100,kcpngoko-1
13785,100,fghbnpan-1
13786,100,dbekhaeg-1
13787,100,bcccimac-1
13788,100,gafihneg-1
13789,100,jicoicnl-1
13790,100,jbmemobh-1
13791,100,cagklopa-1
13792,100,kaljaand-1
13793,100,kafljmai-1
13794,100,cafeiinl-1
13795,100,nfffobhm-1
13796,100,igafklae-1
13797,100,jeijcecc-1
13798,100,joadbibd-1
13799,100,kckbghlc-1
13800,100,kabpiifm-1
13801,100,cbfhgpec-1
13802,100,igdfoojo-1
13803,100,ffponigg-1
13804,100,jpjcakmo-1
13805,100,kdgoamcb-1
13806,100,jncdaebl-1
13807,100,ojgllgon-1
13808,100,jnclagif-1
13809,100,bhomgieg-1
13810,100,afnkmgnl-1
13811,100,gannklof-1
13812,100,jeonghld-1
13813,100,nnifckfl-1
13814,100,kajpbjbo-1
13815,100,gakeejkl-1
13816,100,bfondodh-1
13817,100,nlccehmm-1
13818,100,afcjjjfk-1
13819,100,jpckeckd-1
13820,100,filpebcl-1
13821,100,jeeidbep-1
13822,100,galicign-1
13823,100,kdppmmpg-1
13824,100,kaioheam-1
13825,100,iimgdllk-1
13826,100,jicbemch-1
13827,100,jpmchhoa-1
13828,100,bfdofeef-1
13829,100,joajimng-1
13830,100,jkcppmmf-1
13831,100,kabjbmof-1
13832,100,bcolbjhh-1
13833,100,dgicmbpd-1
13834,100,niienfkj-1
13835,100,ikjdbdjl-1
13836,100,niggechj-1
13837,100,ddbnccbn-1
13838,100,nlbenpnb-1
13839,100,gciicjin-1
13840,100,jihjhcnp-1
13841,100,bcglmokf-1
13842,100,jpdegfkn-1
13843,100,oekchjnb-1
13844,100,ikfpajln-1
13845,100,lpbhlelo-1
13846,100,ilcaijcc-1
13847,100,fkpofihm-1
13848,100,dchecpdl-1
13849,100,bcbbgnmi-1
13850,100,jogolmfm-1
13851,100,agficjle-1
13852,100,ikjmimgg-1
13853,100,ikcajmag-1
13854,100,bdgfmlbi-1
13855,100,fpjopmao-1
13856,100,nfgnemnk-1
13857,100,jjamkcoi-1
13858,100,ohnmbfja-1
13859,100,fhcocpof-1
13860,100,obcnlipd-1
13861,100,flaafodk-1
13862,100,gahlemfe-1
13863,100,bcnglchp-1
13864,100,aobnmacd-1
13865,100,bcmlbdap-1
13866,100,kebdompe-1
13867,100,ohoadnpc-1
13868,100,ddhfldok-1
13869,100,joeopeid-1
13870,100,gahepama-1
13871,100,bcmhghof-1
13872,100,kdaedpkj-1
13873,100,oeijapjn-1
13874,100,ahjfbhac-1
13875,100,joancmhj-1
13876,100,bdhbideb-1
13877,100,jnmbffjl-1
13878,100,bgaaabjb-1
13879,100,ikgncgbi-1
13880,100,jkeooiag-1
13881,100,noddfold-1
13882,100,cbbclmmc-1
13883,100,jkpajhkk-1
13884,100,mealaoje-1
13885,100,ilgpphij-1
13886,100,jihijkmk-1
13887,100,bifgnapn-1
13888,100,ifabnobe-1
13889,100,ikijgbjd-1
13890,100,bbjhbdjl-1
13891,100,canmkcfh-1
13892,100,nlagiccl-1
13893,100,oefajchf-1
13894,100,nhimbfde-1
13895,100,afbgenhe-1
13896,100,jkeekbgh-1
13897,100,nlbdkgmo-1
13898,100,jnjmlooa-1
13899,100,naphjaec-1
13900,100,johdjlgl-1
13901,100,jedncjdo-1
13902,100,mdbpfbeg-1
13903,100,jomcakfk-1
13904,100,ijbfkpdk-1
13905,100,fokgmdil-1
13906,100,dclmlibi-1
13907,100,jnhmfhjn-1
13908,100,jkkbcooj-1
13909,100,fgaojcpg-1
13910,100,dcepjape-1
13911,100,bgafgodp-1
13912,100,kdgokiep-1
13913,100,gbadgafi-1
13914,100,kaieppje-1
13915,100,dgicnojo-1
13916,100,nopdgjne-1
13917,100,jofikmod-1
13918,100,agickloo-1
13919,100,gciibidd-1
13920,100,nfcpojkl-1
13921,100,ikegohph-1
13922,100,jpmnejbo-1
13923,100,jolgfhbi-1
13924,100,ifahkeif-1
13925,100,fgmeppej-1
13926,100,fgcbcjbl-1
13927,100,ddknnlma-1
13928,100,mdonlhao-1
13929,100,ngpkbgic-1
13930,100,canooigh-1
13931,100,bicgofcl-1
13932,100,fphmfjil-1
13933,100,jniohdcg-1
13934,100,capdohgg-1
13935,100,nbadiklo-1
13936,100,kdajimcp-1
13937,100,ifnbhncg-1
13938,100,dgjhmcak-1
13939,100,nlcaleaf-1
13940,100,naogfaig-1
13941,100,ngfodicd-1
13942,100,mofogebo-1
13943,100,jpmgiije-1
13944,100,amdjhccp-1
13945,100,dcmonkao-1
13946,100,fikdnllb-1
13947,100,kddghmna-1
13948,100,dggilhad-1
13949,100,nadneamb-1
13950,100,bhngmldl-1
13951,100,jponloep-1
13952,100,igfdbhah-1
13953,100,dckhbclg-1
13954,100,agjpkohe-1
13955,100,kdaeedke-1
13956,100,kageocpg-1
13957,100,mneflhop-1
13958,100,noghkcbc-1
13959,100,kaifafco-1
13960,100,lhckpfgd-1
13961,100,aobgbncp-1
13962,100,jodfmkef-1
13963,100,fggljppe-1
13964,100,kebepndj-1
13965,100,aljfklol-1
13966,100,ikeoicld-1
13967,100,jfdbfclf-1
13968,100,jiamhnie-1
13969,100,dbnbnnko-1
13970,100,nbbgecbi-1
13971,100,bbbibilc-1
13972,100,finjngfd-1
13973,100,ikggbmpb-1
13974,100,ohnlpffc-1
13975,100,bhoabpja-1
13976,100,igafnkhg-1
13977,100,hgijnoah-1
13978,100,kcjpfdii-1
13979,100,afceobeh-1
13980,100,dgdlmbmm-1
13981,100,dcbmomii-1
13982,100,nggbbcld-1
13983,100,oaiahabn-1
13984,100,follkfga-1
13985,100,dcieokmk-1
13986,100,jbanbndc-1
13987,100,kcpaggnl-1
13988,100,gdbgdgbk-1
13989,100,dbjobkjg-1
13990,100,fgepmnpo-1
13991,100,dcgghjbn-1
13992,100,lommidfj-1
13993,100,jlicbkhd-1
13994,100,jfajpida-1
13995,100,necbbllp-1
13996,100,dcgdhgbc-1
13997,100,afoeffbn-1
13998,100,joikkage-1
13999,100,dciekoog-1
14000,100,mcaknanc-1
14001,100,jnlldhcc-1
14002,100,dckodede-1
14003,100,ahifgfap-1
14004,100,fhimbcif-1
14005,100,nhinilla-1
14006,100,fgndechn-1
14007,100,mcaihlli-1
14008,100,fomeehbi-1
14009,100,nonapcbh-1
14010,100,jfbjblfe-1
14011,100,mkkhipfc-1
14012,100,bbkapeda-1
14013,100,nedbalnl-1
14014,100,noemllak-1
14015,100,agkkildd-1
14016,100,bhpbbndf-1
14017,100,bclnciem-1
14018,100,bcnhihhd-1
14019,100,bfmhlibd-1
14020,100,foleijgf-1
14021,100,hhkdoloh-1
14022,100,bbncnjmg-1
14023,100,aoelgeen-1
14024,100,igffgbdj-1
14025,100,aljepmoe-1
14026,100,canobeki-1
14027,100,jkdnbenm-1
14028,100,bcbcnngg-1
14029,100,dchldnio-1
14030,100,afmjgjpn-1
14031,100,jkdehojd-1
14032,100,nobhghgp-1
14033,100,nidelagh-1
14034,100,dblcmgfp-1
14035,100,jihaiehg-1
14036,100,bifbfmde-1
14037,100,lonnccib-1
14038,100,jklkmlmf-1
14039,100,ngdmkfck-1
14040,100,nfbpnnjg-1
14041,100,cafofkkk-1
14042,100,mdcjbmmg-1
14043,100,alodafmg-1
14044,100,dcfhdmco-1
14045,100,afbghpkb-1
14046,100,ilhimflm-1
14047,100,nbakghnd-1
14048,100,bhgfhogh-1
14049,100,bfmgoaoi-1
14050,100,jkpboogg-1
14051,100,jfdchadn-1
14052,100,oebmdpkl-1
14053,100,kdckenmb-1
14054,100,ahjfonaf-1
14055,100,jifdfnpk-1
14056,100,jbmanjdf-1
14057,100,mdmmfjic-1
14058,100,fgggflnb-1
14059,100,gddpmobe-1
14060,100,mnibhjkg-1
14061,100,findgkdp-1
14062,100,jliidkie-1
14063,100,dcjfkena-1
14064,100,ddkndnij-1
14065,100,flgaamek-1
14066,100,nelcbelj-1
14067,100,cafdpnml-1
14068,100,aobehpkb-1
14069,100,fgmipmnb-1
14070,100,jchehcgb-1
14071,100,mnfkdile-1
14072,100,jlhbcdgf-1
14073,100,ilhpombo-1
14074,100,fgaplkge-1
14075,100,bdehlpae-1
14076,100,mnfhgaeh-1
14077,100,ficfideb-1
14078,100,bfjmnbbd-1
14079,100,jnclfadh-1
14080,100,dbodoldl-1
14081,100,dggogcdo-1
14082,100,nnihbdob-1
14083,100,bifebdhi-1
14084,100,kecbhjjb-1
14085,100,kdgnaceg-1
14086,100,dgjkghmj-1
14087,100,mebbniog-1
14088,100,jkmaneoc-1
14089,100,nogmdkeg-1
14090,100,kdhkhpkg-1
14091,100,nfiahcai-1
14092,100,jnbnfnia-1
14093,100,fokkagng-1
14094,100,mefedmmb-1
14095,100,jpnabcmd-1
14096,100,kaljkhdp-1
14097,100,dchlfhob-1
14098,100,jchfjmha-1
14099,100,kahnegpg-1
14100,100,jeemjfik-1
14101,100,bifbcmmf-1
14102,100,bfljfmjo-1
14103,100,dbmgdfdo-1
14104,100,bfmbllhh-1
14105,100,nhikpomm-1
14106,100,afciibkp-1
14107,100,kacdojha-1
14108,100,gamjkbep-1
14109,100,bgpjlglg-1
14110,100,jinljobd-1
14111,100,fgppobbe-1
14112,100,joeddfdn-1
14113,100,bfmkfjkm-1
14114,100,jbmelkce-1
14115,100,medadbim-1
14116,100,moikbpoj-1
14117,100,agbbfmpn-1
14118,100,almfpeeo-1
14119,100,lofkhpep-1
14120,100,gdfcchmj-1
14121,100,bclkkghk-1
14122,100,kdggmfcn-1
14123,100,iijokbeh-1
14124,100,ohncofdd-1
14125,100,dbpdkedl-1
14126,100,oebhpehm-1
14127,100,ikfpkkof-1
14128,100,ikfjddma-1
14129,100,jfdkomnn-1
14130,100,afiegbfk-1
14131,100,dbhmjchp-1
14132,100,bhiceeac-1
14133,100,odjkfbai-1
14134,100,agdbaepi-1
14135,100,jfbblakk-1
14136,100,jpkkcank-1
14137,100,dbkoomhc-1
14138,100,kdaeflih-1
14139,100,npiojidp-1
14140,100,agibnbkc-1
14141,100,kdmplgnh-1
14142,100,lpjbhchg-1
14143,100,kdbccgkj-1
14144,100,bbcmbfno-1
14145,100,cblnecpn-1
14146,100,dggpcflh-1
14147,100,jocmgimb-1
14148,100,kdkcmhel-1
14149,100,ddgonchl-1
14150,100,fgphehni-1
14151,100,fimffmbn-1
14152,100,ifljkpaf-1
14153,100,igefchka-1
14154,100,jojcmogj-1
14155,100,nempnkoi-1
14156,100,fohohgme-1
14157,100,lnlobdlp-1
14158,100,kdbcgooi-1
14159,100,obcelapb-1
14160,100,bfjppilh-1
14161,100,jkebkkpp-1
14162,100,afbifpjl-1
14163,100,mdcdemjm-1
14164,100,dgkipbib-1
14165,100,amdjenoo-1
14166,100,nhbbiaoi-1
14167,100,mebnkelk-1
14168,100,nnpkkoce-1
14169,100,fojlabkg-1
14170,100,fimckjen-1
14171,100,jeemldjc-1
14172,100,mechncgp-1
14173,100,obcipepa-1
14174,100,cafojegk-1
14175,100,mojchfla-1
14176,100,gcibbpck-1
14177,100,jpabphoh-1
14178,100,oebgmdpp-1
14179,100,afhcgdgg-1
14180,100,igadibck-1
14181,100,ddnaidfc-1
14182,100,meaajcac-1
14183,100,jeehkaof-1
14184,100,jlhfjbgb-1
14185,100,noanfaol-1
14186,100,bgaaekhk-1
14187,100,dcllnjmb-1
14188,100,jbmgkiam-1
14189,100,cannadag-1
14190,100,bdecaoij-1
14191,100,mdllmape-1
14192,100,jlbifcii-1
14193,100,fhahidge-1
14194,100,niidcgoa-1
14195,100,nobomgil-1
14196,100,jjblbhjb-1
14197,100,fpkamfkl-1
14198,100,aglohodo-1
14199,100,mebobjea-1
14200,100,ddhbpmih-1
14201,100,fgpbmaid-1
14202,100,dginbajd-1
14203,100,dcmallfm-1
14204,100,jidiglmb-1
14205,100,afgminpo-1
14206,100,kdobmcob-1
14207,100,dcmfkkei-1
14208,100,fhbhdcgj-1
14209,100,aflfgddh-1
14210,100,nbbkebjn-1
14211,100,dgjogcge-1
14212,100,dcbgfcai-1
14213,100,fgkgdaah-1
14214,100,nigepbie-1
14215,100,ifjmpdhf-1
14216,100,bfljbbmm-1
14217,100,ddhpfpel-1
14218,100,biebpcig-1
14219,100,lpceoddp-1
14220,100,nemlgjde-1
14221,100,bidjcdej-1
14222,100,jnbfdfjh-1
14223,100,bhnnoepe-1
14224,100,aepkdpek-1
14225,100,gahcclcb-1
14226,100,noahdgmm-1
14227,100,kdhloggk-1
14228,100,jijpjmnk-1
14229,100,gakfngig-1
14230,100,npapihjn-1
14231,100,jlcanlfb-1
14232,100,jeehmlhf-1
14233,100,jodfpgcb-1
14234,100,gdbliddo-1
14235,100,jodhhbpd-1
14236,100,canbkgln-1
14237,100,cahjfbnb-1
14238,100,gdbnpbpl-1
14239,100,jplgagcj-1
14240,100,naoafcgh-1
14241,100,joakbdoi-1
14242,100,kabbgikf-1
14243,100,jfdbijak-1
14244,100,kambhfgo-1
14245,100,bibccpof-1
14246,100,ijblmoib-1
14247,100,cankeamf-1
14248,100,mnicfgfp-1
14249,100,keckjmnl-1
14250,100,nlbhnabb-1
14251,100,jolgbbln-1
14252,100,nendjakk-1
14253,100,nhbemgbp-1
14254,100,fhbmcfgn-1
14255,100,nhgohobi-1
14256,100,afmpphig-1
14257,100,iepmkkae-1
14258,100,bbkbbcoh-1
14259,100,alfpeadj-1
14260,100,bcghfmol-1
14261,100,nopibapk-1
14262,100,ikfdldej-1
14263,100,jjbaidea-1
14264,100,bcfemfeh-1
14265,100,necbbeda-1
14266,100,bdhcebfb-1
14267,100,fhgdekoe-1
14268,100,fhodaijk-1
14269,100,gdccojfi-1
14270,100,igcblcbg-1
14271,100,fgnbapij-1
14272,100,dggogkjh-1
14273,100,iimhfppm-1
14274,100,dggffffe-1
14275,100,ikchnnhl-1
14276,100,kdhnaknl-1
14277,100,necmigpp-1
14278,100,jfdjdcoi-1
14279,100,bcmahefo-1
14280,100,fgogpijn-1
14281,100,mdlfkonl-1
14282,100,mnefplge-1
14283,100,dcbicjmh-1
14284,100,noahfkkh-1
14285,100,kebglfid-1
14286,100,mcaichan-1
14287,100,ngiehibk-1
14288,100,cajgdhek-1
14289,100,nlbcjhfb-1
14290,100,fkpigfdd-1
14291,100,bbodapmm-1
14292,100,dbecilcm-1
14293,100,nfchmaai-1
14294,100,ohnmblac-1
14295,100,fimgfjgi-1
14296,100,gamdlipm-1
14297,100,cagcindm-1
14298,100,agihgoga-1
14299,100,gahjgmfb-1
14300,100,foofinbn-1
14301,100,naegbbjk-1
14302,100,jkclanbd-1
14303,100,jkpfjpoh-1
14304,100,jpiiopbg-1
14305,100,jifihjeb-1
14306,100,noacmeaj-1
14307,100,algdhamf-1
14308,100,dchjgmaf-1
14309,100,ilfemgji-1
14310,100,dcfhjkjc-1
14311,100,fgfmekfd-1
14312,100,mkkpcbdi-1
14313,100,cblmeeoa-1
14314,100,naokhiok-1
14315,100,joehaenb-1
14316,100,ahaofeeo-1
14317,100,fgimigjl-1
14318,100,lopokfcf-1
14319,100,nghncled-1
14320,100,bhnjopbi-1
14321,100,fgincgkf-1
14322,100,cbepmogi-1
14323,100,ddibpnoj-1
14324,100,lpbmokbp-1
14325,100,mdmjmdmd-1
14326,100,keddkfoi-1
14327,100,cafolkcd-1
14328,100,dcbconlc-1
14329,100,nniikmbj-1
14330,100,kecbcaif-1
14331,100,jhnhfbnm-1
14332,100,fhabmnfd-1
14333,100,bfecdepe-1
14334,100,dclkecgl-1
14335,100,fggdffoc-1
14336,100,gbaaijpl-1
14337,100,joimojgh-1
14338,100,cbbebkjh-1
14339,100,jnkchfhe-1
14340,100,nladkaig-1
14341,100,lpbohpii-1
14342,100,dghfdmik-1
14343,100,cahdopgk-1
14344,100,nomlpfdd-1
14345,100,jkmojgme-1
14346,100,jplfgpmf-1
14347,100,ijpoebac-1
14348,100,kaapnbhk-1
14349,100,cahadbfl-1
14350,100,fgbbknim-1
14351,100,dddhfdga-1
14352,100,fphkpbdi-1
14353,100,keagondn-1
14354,100,iephbiln-1
14355,100,dcgplddb-1
14356,100,bcniidob-1
14357,100,npipogof-1
14358,100,jkmahnen-1
14359,100,jknndhng-1
14360,100,loffdchb-1
14361,100,cbfnjldp-1
14362,100,medialfl-1
14363,100,fpkekbmp-1
14364,100,aghaojef-1
14365,100,ikchioeo-1
14366,100,jojglkle-1
14367,100,fomljgke-1
14368,100,jkdeljdn-1
14369,100,nfekpnfa-1
14370,100,bflcdedi-1
14371,100,jnpnljdk-1
14372,100,fhafebil-1
14373,100,almfmbch-1
14374,100,dcifclfn-1
14375,100,fgkiefeb-1
14376,100,lpcpfmgp-1
14377,100,fgnadgod-1
14378,100,afnkhmpc-1
14379,100,igdbjikp-1
14380,100,ikeocmlp-1
14381,100,bcbdlifi-1
14382,100,cbhbmgef-1
14383,100,fgfoeagi-1
14384,100,keihmmlj-1
14385,100,aoeelpda-1
14386,100,nfbplajo-1
14387,100,alibpbdm-1
14388,100,igcgbkfc-1
14389,100,aepndjmp-1
14390,100,noncgmlm-1
14391,100,npjbifen-1
14392,100,neljgpoc-1
14393,100,jpmpehjp-1
14394,100,mdoagonj-1
14395,100,ikdpcajf-1
14396,100,jlbmbjni-1
14397,100,ilfnahla-1
14398,100,fikcgiac-1
14399,100,mnfnhinj-1
14400,100,bdafenab-1
14401,100,mdkgopda-1
14402,100,bfmfgoon-1
14403,100,ageoacld-1
14404,100,fgnkpekj-1
14405,100,dcbekhkg-1
14406,100,fgohgcab-1
14407,100,jpfcmgib-1
14408,100,cbfijlfc-1
14409,100,nggappmc-1
14410,100,bbcldngm-1
14411,100,fohpkfgh-1
14412,100,jidnnoie-1
14413,100,jopcnemi-1
14414,100,cahhblfb-1
14415,100,fhcnlank-1
14416,100,dcmmajoh-1
14417,100,bclepaco-1
14418,100,jfedehcf-1
14419,100,ganpgfbc-1
14420,100,jpmpgkjg-1
14421,100,jpidkddk-1
14422,100,jpamjblb-1
14423,100,cbbediad-1
14424,100,lonfhgkk-1
14425,100,dcbfnblg-1
14426,100,bcfpcjjp-1
14427,100,jkkdobbc-1
14428,100,jiobffdm-1
14429,100,foohbnjg-1
14430,100,jppgimid-1
14431,100,bbanoobi-1
14432,100,oanfjamf-1
14433,100,nggcopjd-1
14434,100,jfagpaio-1
14435,100,npajjapm-1
14436,100,oiomldoe-1
14437,100,jkkkmlfi-1
14438,100,ilhkcepm-1
14439,100,mnfhfblj-1
14440,100,djpgamja-1
14441,100,cahacpbh-1
14442,100,nfiaibjh-1
14443,100,medhbcab-1
14444,100,fhoddloi-1
14445,100,odjbiaib-1
14446,100,bfebacij-1
14447,100,meapdkmd-1
14448,100,fljpklfa-1
14449,100,jlbcebcj-1
14450,100,mdaicfhg-1
14451,100,alnaikkk-1
14452,100,fimilpka-1
14453,100,jkfmegii-1
14454,100,kalbebkj-1
14455,100,ikpigpaa-1
14456,100,iillnlbo-1
14457,100,ihdgcagp-1
14458,100,mbnjmpoo-1
14459,100,bflepbgn-1
14460,100,nhcgclgb-1
14461,100,agfgeefl-1
14462,100,nbbconjn-1
14463,100,jkmdfccf-1
14464,100,dbnpfhnf-1
14465,100,fgmjdlle-1
14466,100,nekibajf-1
14467,100,fikbdhme-1
14468,100,bdenplok-1
14469,100,gdcjmjgo-1
14470,100,ddapcpmb-1
14471,100,jihfgkel-1
14472,100,bddhecia-1
14473,100,nepbpnnc-1
14474,100,dbllpnod-1
14475,100,jjbjdlgb-1
14476,100,ojdpacgl-1
14477,100,noadiiia-1
14478,100,naolghdc-1
14479,100,dciiofcf-1
14480,100,niipidan-1
14481,100,bbngfpmg-1
14482,100,agjigkpk-1
14483,100,bhpnoafd-1
14484,100,nbcnflmn-1
14485,100,fibnegci-1
14486,100,fhifkcki-1
14487,100,afolbaee-1
14488,100,bdedbjca-1
14489,100,ojbjccgf-1
14490,100,bfmpefpe-1
14491,100,fgicjcke-1
14492,100,ikkleimh-1
14493,100,oaengbcn-1
14494,100,gaiadbpf-1
14495,100,alicilae-1
14496,100,ikdmaflp-1
14497,100,nhjdehjp-1
14498,100,gamemmnb-1
14499,100,jobcpcgj-1
14500,100,jppbniki-1
14501,100,ohkjmfod-1
14502,100,jnlpibgc-1
14503,100,niikkpon-1
14504,100,nhiajofm-1
14505,100,bifopkjj-1
14506,100,nihllepe-1
14507,100,nnpndggl-1
14508,100,bcgijapl-1
14509,100,ifmieoap-1
14510,100,dcmcdmnb-1
14511,100,bbcdjbml-1
14512,100,jpjehdnb-1
14513,100,cbgnempo-1
14514,100,jiamocei-1
14515,100,fgifilbh-1
14516,100,iepccjdd-1
14517,100,jpklceed-1
14518,100,igeafocd-1
14519,100,bcmonkek-1
14520,100,nhgnkofh-1
14521,100,moiocmlj-1
14522,100,joegipcc-1
14523,100,dcmgpehk-1
14524,100,kaijagie-1
14525,100,alggpblb-1
14526,100,almickkf-1
14527,100,igdapmgl-1
14528,100,fomcifbn-1
14529,100,biejoabe-1
14530,100,fojcelde-1
14531,100,ikklpjmj-1
14532,100,bcppnmde-1
14533,100,bfjnlpkp-1
14534,100,fhafbnmp-1
14535,100,nenfkkjh-1
14536,100,mogpamid-1
14537,100,odjegfel-1
14538,100,fibldpal-1
14539,100,iepiommo-1
14540,100,bccbhcdm-1
14541,100,dbobijhk-1
14542,100,igabocbm-1
14543,100,bhjgkjbd-1
14544,100,jepbpenh-1
14545,100,kdmefkhc-1
14546,100,bhgpckhp-1
14547,100,jeeemeca-1
14548,100,finjgphj-1
14549,100,noplichb-1
14550,100,biafmbgd-1
14551,100,dchjofen-1
14552,100,kdnbkbdb-1
14553,100,jielcepg-1
14554,100,ihdgmofd-1
14555,100,dbokbkdo-1
14556,100,igabggod-1
14557,100,fhajbhdg-1
14558,100,jilfblkf-1
14559,100,bgpaohhh-1
14560,100,ilelcimn-1
14561,100,jimifljo-1
14562,100,mcamikbd-1
14563,100,joddhdha-1
14564,100,mnebbgmj-1
14565,100,dgjcpnjm-1
14566,100,finfdopa-1
14567,100,dbnmbccf-1
14568,100,fhgbagkc-1
14569,100,almhogpn-1
14570,100,kdijbadp-1
14571,100,keaoeblo-1
14572,100,igejhkpd-1
14573,100,jppdkkcm-1
14574,100,joajnioa-1
14575,100,iligemel-1
14576,100,jplgdjoi-1
14577,100,bhpkdpba-1
14578,100,ddbplppc-1
14579,100,fginfmkd-1
14580,100,bcocladh-1
14581,100,afpmekld-1
14582,100,jeicchgp-1
14583,100,oejakaip-1
14584,100,gajobccp-1
14585,100,mnfnimfm-1
14586,100,obdebjgj-1
14587,100,gajpocob-1
14588,100,afanckia-1
14589,100,alkglbkg-1
14590,100,jpcbpjfi-1
14591,100,ikefldpe-1
14592,100,lpajaled-1
14593,100,bcplhmid-1
14594,100,gdclbdal-1
14595,100,ngalfgpd-1
14596,100,jimpejba-1
14597,100,iijnjffn-1
14598,100,nhilhmfk-1
14599,100,ddbpjgbh-1
14600,100,kdbefjil-1
14601,100,ngfjjojj-1
14602,100,fghlkadh-1
14603,100,jcnbgbnm-1
14604,100,mdcjgcff-1
14605,100,dbepblpa-1
14606,100,dddnbide-1
14607,100,lonfhkej-1
14608,100,mdpimejc-1
14609,100,aneggbcc-1
14610,100,ifmhmnmi-1
14611,100,jidaafhd-1
14612,100,bfnmcnal-1
14613,100,ikcfhfcb-1
14614,100,afodikcm-1
14615,100,dbphphea-1
14616,100,noojnjol-1
14617,100,lhcfhfek-1
14618,100,bhpfpaog-1
14619,100,biejadgp-1
14620,100,obenncap-1
14621,100,mdajhgap-1
14622,100,cbfelaoi-1
14623,100,jpddndok-1
14624,100,bflplmkk-1
14625,100,fhccbkih-1
14626,100,bgmchjie-1
14627,100,igcaiaee-1
14628,100,mndonbhp-1
14629,100,jnifokjk-1
14630,100,mnimokpk-1
14631,100,bcligegb-1
14632,100,niidfaec-1
14633,100,nobkhajg-1
14634,100,nfcjokkc-1
14635,100,ddlgkjid-1
14636,100,gafjjmhh-1
14637,100,jefgknln-1
14638,100,meciojal-1
14639,100,almicmoj-1
14640,100,jkecaebm-1
14641,100,fimjdepi-1
14642,100,mddkjjfm-1
14643,100,gakabekj-1
14644,100,keclkbeb-1
14645,100,kdegbndh-1
14646,100,gdepjlia-1
14647,100,kdalmefm-1
14648,100,akliebhg-1
14649,100,lpjbemgm-1
14650,100,nekojcdk-1
14651,100,meaefhho-1
14652,100,ikdmpgib-1
14653,100,ilhfmlhe-1
14654,100,mdneifgj-1
14655,100,bhpaokcc-1
14656,100,dgjipcjj-1
14657,100,jnigpnee-1
14658,100,nedfedjo-1
14659,100,aljdgbhl-1
14660,100,jednojck-1
14661,100,kdgbjojo-1
14662,100,loegbkmh-1
14663,100,jkfkahcb-1
14664,100,jojdnlmn-1
14665,100,agfjkkom-1
14666,100,nfeehkda-1
14667,100,dbpbmhmj-1
14668,100,loekgldd-1
14669,100,keeedcgj-1
14670,100,ikciiheh-1
14671,100,bfgmgjhp-1
14672,100,bclomfaf-1
14673,100,jidjiifc-1
14674,100,dbmchheh-1
14675,100,ilhfeljj-1
14676,100,ikoifpgj-1
14677,100,nfcdfide-1
14678,100,jlilcehn-1
14679,100,nijbnjhd-1
14680,100,fhhoaaeg-1
14681,100,igagbkci-1
14682,100,gahdojea-1
14683,100,fimnipff-1
14684,100,bcboolkb-1
14685,100,kdkddjml-1
14686,100,nopnklgo-1
14687,100,bfnddlhd-1
14688,100,bfnpkoad-1
14689,100,ikcbmekn-1
14690,100,ilbpemgn-1
14691,100,bcejbabi-1
14692,100,jhngnmcc-1
14693,100,kdhiompi-1
14694,100,apcalofo-1
14695,100,gaiblhlb-1
14696,100,caikpgbf-1
14697,100,ilgbkmmb-1
14698,100,nelndecd-1
14699,100,kagfaioe-1
14700,100,jfcmaicf-1
14701,100,obahmbdo-1
14702,100,lnlohmin-1
14703,100,jiapaaam-1
14704,100,bhnfnpga-1
14705,100,ojbnoimo-1
14706,100,bhjekcgo-1
14707,100,nodhgfnj-1
14708,100,alodlhol-1
14709,100,kaibcaeg-1
14710,100,fkpilkba-1
14711,100,jfabdngf-1
14712,100,jnjbeadh-1
14713,100,dciaeepc-1
14714,100,jibfpbeh-1
14715,100,candknld-1
14716,100,jifffian-1
14717,100,aflppoeh-1
14718,100,nklhmako-1
14719,100,ahjcpjdb-1
14720,100,jpcameef-1
14721,100,iepchmkd-1
14722,100,jlainplb-1
14723,100,bfijihdk-1
14724,100,dbpfodnp-1
14725,100,jfbalbfe-1
14726,100,kecmkmke-1
14727,100,meclekol-1
14728,100,ddmgpnom-1
14729,100,nopbjfme-1
14730,100,nggeloja-1
14731,100,bfianead-1
14732,100,dbmmagnj-1
14733,100,gdfgiope-1
14734,100,bccgbcoj-1
14735,100,dclbdapp-1
14736,100,kdfpomin-1
14737,100,bhiekifb-1
14738,100,ddmjfmdg-1
14739,100,dcfakcie-1
14740,100,jpphjnpf-1
14741,100,jfdgagal-1
14742,100,hgijhhgl-1
14743,100,afapbdlf-1
14744,100,jkfgnigl-1
14745,100,bfmibfpk-1
14746,100,jkfafofn-1
14747,100,bifekgpi-1
14748,100,jpdkjkje-1
14749,100,jolkblgn-1
14750,100,nfddemmk-1
14751,100,fpijnbek-1
14752,100,kdmafado-1
14753,100,kdgohfgn-1
14754,100,bcliplbm-1
14755,100,aephoiok-1
14756,100,kajcplhk-1
14757,100,kafpepko-1
14758,100,dcaepamg-1
14759,100,bcfbmkpk-1
14760,100,npaheefd-1
14761,100,agkpomfl-1
14762,100,dgkfaaea-1
14763,100,bcmogbjb-1
14764,100,bfiakfbj-1
14765,100,ifadakbi-1
14766,100,bgaaokeh-1
14767,100,fggfjdam-1
14768,100,bcbbgbko-1
14769,100,jfeajeli-1
14770,100,lombhgmg-1
14771,100,aobibhoi-1
14772,100,bcgjbgfh-1
14773,100,nfdlbidi-1
14774,100,igebdcmn-1
14775,100,algdfmpk-1
14776,100,oafjlfpp-1
14777,100,cambgnoa-1
14778,100,fhbldelo-1
14779,100,igbmleef-1
14780,100,bdpceoeg-1
14781,100,ahjhhlna-1
14782,100,ajmolmdd-1
14783,100,igfeclfp-1
14784,100,ddflfkmd-1
14785,100,bbkfpaod-1
14786,100,jncgpknp-1
14787,100,dddljbka-1
14788,100,dgidjgie-1
14789,100,ganhkpom-1
14790,100,caigfbeo-1
14791,100,ikddchpa-1
14792,100,loeapigp-1
14793,100,obeggojj-1
14794,100,bcdbbdli-1
14795,100,jnlpgoml-1
14796,100,ifjgicgf-1
14797,100,gddjoppd-1
14798,100,bcocekoo-1
14799,100,jokopmop-1
14800,100,kedjlnog-1
14801,100,aglgdabj-1
14802,100,nophlnph-1
14803,100,bclciodj-1
14804,100,dbkpblmi-1
14805,100,bcogkgcm-1
14806,100,ifaihadh-1
14807,100,bbomcngb-1
14808,100,bicngkfn-1
14809,100,iiinkmgc-1
14810,100,galklkcd-1
14811,100,fohobjhl-1
14812,100,bcgojffi-1
14813,100,nhjbgckl-1
14814,100,fhnlkfkn-1
14815,100,bdigaoia-1
14816,100,mofilbhi-1
14817,100,bgadlail-1
14818,100,gafnifcg-1
14819,100,ikmgijfj-1
14820,100,dcijjgle-1
14821,100,bgmabbbl-1
14822,100,jpdempkd-1
14823,100,jefmjmhk-1
14824,100,caplengl-1
14825,100,mneidpej-1
14826,100,nedhidld-1
14827,100,bbcdfcpm-1
14828,100,bfojcgje-1
14829,100,iijdhnjf-1
14830,100,jhomnmjn-1
14831,100,nomplmhn-1
14832,100,igfiglko-1
14833,100,jnggegbh-1
14834,100,fhbfodib-1
14835,100,odiebehj-1
14836,100,fglpdhfn-1
14837,100,jpnehacg-1
14838,100,bfdghekm-1
14839,100,ifjpiekj-1
14840,100,fggmeked-1
14841,100,caljnbog-1
14842,100,dblbodii-1
14843,100,jbmbbcfj-1
14844,100,ohnghkko-1
14845,100,bfibhlph-1
14846,100,cagegfcn-1
14847,100,dbkhpeca-1
14848,100,dcflnadh-1
14849,100,jobbklkp-1
14850,100,jkdkcido-1
14851,100,nobmlepn-1
14852,100,jpjhengb-1
14853,100,gafonhab-1
14854,100,bidahfbf-1
14855,100,bdkfhegj-1
14856,100,jlakmoml-1
14857,100,fijleobi-1
14858,100,caihobeb-1
14859,100,bfjmgmil-1
14860,100,jkllplbi-1
14861,100,jipnpicl-1
14862,100,ngpehmef-1
14863,100,jpcijmag-1
14864,100,jfaemdod-1
14865,100,afacidae-1
14866,100,bdgjghpf-1
14867,100,dbnpajnd-1
14868,100,almkhafg-1
14869,100,ikjnlelc-1
14870,100,jigfgghm-1
14871,100,iklhllpd-1
14872,100,gangdmgk-1
14873,100,jifejicd-1
14874,100,ojhfjjbg-1
14875,100,jomekdcn-1
14876,100,lnlkaolh-1
14877,100,ilgpacka-1
14878,100,nfehnhom-1
14879,100,folbofhd-1
14880,100,nodacnbp-1
14881,100,cafhgiah-1
14882,100,bcghcbdk-1
14883,100,jkdnjaal-1
14884,100,jiminkhk-1
14885,100,jngfckna-1
14886,100,fgolegfk-1
14887,100,igbecccm-1
14888,100,nlapnmgh-1
14889,100,kahleglh-1
14890,100,mogkghgo-1
14891,100,dclegpmi-1
14892,100,fhniilnh-1
14893,100,jihdjkii-1
14894,100,caiegkgj-1
14895,100,ilimicia-1
14896,100,jkkdgiji-1
14897,100,jlicjgjp-1
14898,100,agfhchln-1
14899,100,jipmdonf-1
14900,100,jpdnfhcp-1
14901,100,ojgpglfb-1
14902,100,jlhcaddj-1
14903,100,noopjncp-1
14904,100,mddhdgal-1
14905,100,keapkcdb-1
14906,100,mcemjmic-1
14907,100,lofnlggl-1
14908,100,bfijhljk-1
14909,100,bcmkamnj-1
14910,100,medjgaca-1
14911,100,ngejohdg-1
14912,100,dbekbpjb-1
14913,100,mdjlbhdf-1
14914,100,kahhpcmk-1
14915,100,kdamgalc-1
14916,100,ifjcjnnd-1
14917,100,kajokbgn-1
14918,100,canpofik-1
14919,100,dcfjfdji-1
14920,100,fhbeghii-1
14921,100,ikmdoifp-1
14922,100,ganleaaa-1
14923,100,kajlfpde-1
14924,100,cageobgp-1
14925,100,afmhppja-1
14926,100,gchodbmo-1
14927,100,afngokcc-1
14928,100,dcgehnio-1
14929,100,nbafajin-1
14930,100,fgidhooh-1
14931,100,loecdgip-1
14932,100,ngcnioam-1
14933,100,agbakcbe-1
14934,100,mdddlapf-1
14935,100,nlakaffk-1
14936,100,jliblnml-1
14937,100,nohamlof-1
14938,100,nbcbboic-1
14939,100,joecimgk-1
14940,100,nnpldcge-1
14941,100,cankfmoc-1
14942,100,dbfaecbd-1
14943,100,anehlane-1
14944,100,nniingok-1
14945,100,dgfapcnb-1
14946,100,jnkacmib-1
14947,100,kdajgdae-1
14948,100,dbojnokc-1
14949,100,afhglale-1
14950,100,nffdanoe-1
14951,100,jninidfk-1
14952,100,kafencme-1
14953,100,ikcofegc-1
14954,100,dbnimehc-1
14955,100,fgnpkfbp-1
14956,100,meccooip-1
14957,100,bcgoaoeg-1
14958,100,alhlikcb-1
14959,100,fomaneba-1
14960,100,fhfipncp-1
14961,100,bfnmemin-1
14962,100,galnipen-1
14963,100,aggofpid-1
14964,100,ajiiogcf-1
14965,100,mdboibok-1
14966,100,loakooci-1
14967,100,jhoemcpd-1
14968,100,bbkmijdp-1
14969,100,gddbkgdn-1
14970,100,jipjdmnp-1
14971,100,bdkgjfjd-1
14972,100,fohkkpni-1
14973,100,ilhpocfg-1
14974,100,jidapmnh-1
14975,100,dcennjeo-1
14976,100,bdkflpgl-1
14977,100,bclcnkmo-1
14978,100,oeihmbph-1
14979,100,jlbhhmip-1
14980,100,ojdodcfo-1
14981,100,bccnmhco-1
14982,100,dbmhgnbe-1
14983,100,kdmeclld-1
14984,100,bfoglmik-1
14985,100,jhoohobc-1
14986,100,nobdfkke-1
14987,100,jbamnodm-1
14988,100,ilhkfiic-1
14989,100,jiaeedck-1
14990,100,jkpfkpeg-1
14991,100,igajpmdi-1
14992,100,jhomghha-1
14993,100,nnplnakm-1
14994,100,bifhkgdl-1
14995,100,mdchokpk-1
14996,100,ohlmaief-1
14997,100,algaklfd-1
14998,100,jbdejann-1
14999,100,jifladpg-1
15000,100,bfhepdfa-1
15001,100,dcikmhgc-1
15002,100,almhcjmj-1
15003,100,gahbhgpn-1
15004,100,fhcnmpgn-1
15005,100,bfhmncjg-1
15006,100,jklacook-1
15007,100,dcblhgih-1
15008,100,jcmodjoa-1
15009,100,agklopck-1
15010,100,jibkdgak-1
15011,100,jfaepjde-1
15012,100,joaghbjp-1
15013,100,kedfohho-1
15014,100,bifjpgpb-1
15015,100,jihclgnm-1
15016,100,iijiaiml-1
15017,100,agajnfpe-1
15018,100,bdijahdl-1
15019,100,foihhaii-1
15020,100,afbakngn-1
15021,100,nbdkfogh-1
15022,100,joeodelp-1
15023,100,jkpgmkop-1
15024,100,nfdiiihh-1
15025,100,ihdjcodl-1
15026,100,candoadi-1
15027,100,cbgheoem-1
15028,100,jkpmdadj-1
15029,100,gaianooc-1
15030,100,bianjphd-1
15031,100,fgijhald-1
15032,100,kakbfplk-1
15033,100,finfppid-1
15034,100,noemjfnh-1
15035,100,dbjpadgg-1
15036,100,jpphlphg-1
15037,100,nfdgfihh-1
15038,100,jpcldfmm-1
15039,100,kebdjlof-1
15040,100,fhheobeo-1
15041,100,ikiemgcp-1
15042,100,filbehde-1
15043,100,ikfgilhp-1
15044,100,nhapgeaf-1
15045,100,bfmknkeg-1
15046,100,jidbahdo-1
15047,100,dcljocgj-1
15048,100,dbennonl-1
15049,100,jeinijjo-1
15050,100,noopkamm-1
15051,100,bicogjim-1
15052,100,dbofkgkn-1
15053,100,bgmhgbdc-1
15054,100,kakohlca-1
15055,100,kajmfgna-1
15056,100,fgfahifn-1
15057,100,jojbgpbh-1
15058,100,mcafogem-1
15059,100,jikaepdf-1
15060,100,agldkkmf-1
15061,100,mcapldml-1
15062,100,moghkegh-1
15063,100,nhchdadb-1
15064,100,nlbakjcb-1
15065,100,dchlmhld-1
15066,100,gcjccpja-1
15067,100,jlanjnlp-1
15068,100,ojblihgf-1
15069,100,mnibdino-1
15070,100,ikjdjcha-1
15071,100,dbfaefci-1
15072,100,bhnjcihg-1
15073,100,mofhkipa-1
15074,100,jlgfcalg-1
15075,100,obainnkm-1
15076,100,lpagcccg-1
15077,100,bdaeiplk-1
15078,100,loppngpk-1
15079,100,agjmfama-1
15080,100,mnenfggo-1
15081,100,kcjgmnpg-1
15082,100,jolnkonb-1
15083,100,ikonjhfa-1
15084,100,gdcjfcbf-1
15085,100,bhpefici-1
15086,100,kajcfohl-1
15087,100,nfdpejab-1
15088,100,kamagkpd-1
15089,100,jnplnccd-1
15090,100,ikidkpga-1
15091,100,igeepife-1
15092,100,mefacjpp-1
15093,100,gamjljmm-1
15094,100,mnegpcef-1
15095,100,mdbjmhjp-1
15096,100,jopnimmk-1
15097,100,bfholjam-1
15098,100,ohnocfgc-1
15099,100,fhhmemek-1
15100,100,ilenjcjk-1
15101,100,bcpnolpi-1
15102,100,ihdhfjff-1
15103,100,jhpaemfk-1
15104,100,kailofap-1
15105,100,jjalndik-1
15106,100,jihajjeh-1
15107,100,ddbegjcd-1
15108,100,fpjgaljd-1
15109,100,jlbgknpc-1
15110,100,nekpplim-1
15111,100,oafdnaah-1
15112,100,nhbppikd-1
15113,100,mdcopkdl-1
15114,100,gaoddaha-1
15115,100,nfhgdjle-1
15116,100,fhbccebj-1
15117,100,fhdlplke-1
15118,100,jlacmaoo-1
15119,100,mcmfhnab-1
15120,100,bcbbklic-1
15121,100,ddeeegaj-1
15122,100,dclenono-1
15123,100,bbbbpila-1
15124,100,jppcmifm-1
15125,100,afliokih-1
15126,100,ijbcpkik-1
15127,100,biachgne-1
15128,100,fgbeflok-1
15129,100,gaibgnph-1
15130,100,nfgbpnog-1
15131,100,caidgcki-1
15132,100,lpbadall-1
15133,100,bgmchpdp-1
15134,100,bbbhppjk-1
15135,100,mdkdlngm-1
15136,100,iggjadjm-1
15137,100,noamhejp-1
15138,100,joekmbfa-1
15139,100,iklhjaep-1
15140,100,dbedpgpa-1
15141,100,jkmlmbak-1
15142,100,jpmgando-1
15143,100,oaefhgff-1
15144,100,bfjohapg-1
15145,100,ikilgbep-1
15146,100,mdkblpko-1
15147,100,keapblpb-1
15148,100,biceogog-1
15149,100,kdfimkal-1
15150,100,agkjmjmh-1
15151,100,ngdaobae-1
15152,100,bccgebkb-1
15153,100,nlbdihjn-1
15154,100,bccfafjo-1
15155,100,jkmjfebm-1
15156,100,lnlnipgc-1
15157,100,ahgggmnb-1
15158,100,jlcadccp-1
15159,100,fikklnpg-1
15160,100,nobhcdjf-1
15161,100,kahknaof-1
15162,100,oagaecbg-1
15163,100,bfpifogh-1
15164,100,jeijhlpg-1
15165,100,iijnfmfl-1
15166,100,ilgpogng-1
15167,100,fpjmjkif-1
15168,100,naobhfck-1
15169,100,bcbinekn-1
15170,100,jiiopndi-1
15171,100,fphlagpg-1
15172,100,jillakkm-1
15173,100,jiecmcng-1
15174,100,cagegclg-1
15175,100,mebpfeli-1
15176,100,gaoibfbe-1
15177,100,ikcdgogb-1
15178,100,nopbcmmp-1
15179,100,jennbmbc-1
15180,100,kedjiijg-1
15181,100,jedkfcam-1
15182,100,igbmaolc-1
15183,100,oeemcmcp-1
15184,100,nednipck-1
15185,100,ohnkgpof-1
15186,100,bfdbhfoh-1
15187,100,nekjiokb-1
15188,100,aflnepih-1
15189,100,keajnjne-1
15190,100,bcogdbmi-1
15191,100,fglmdfef-1
15192,100,jnjmadmd-1
15193,100,nfgakkaf-1
15194,100,nfdlgkpb-1
15195,100,dbpmmfhc-1
15196,100,nlaoncmm-1
15197,100,bfmleoih-1
15198,100,afgpdmed-1
15199,100,dbnlmheb-1
15200,100,kacpgcog-1
15201,100,jkfejdge-1
15202,100,dciedbfb-1
15203,100,jipodefp-1
15204,100,medamhdk-1
15205,100,obcpgdol-1
15206,100,kajaplla-1
15207,100,bifbnddm-1
15208,100,bdgmlodp-1
15209,100,ddlghmah-1
15210,100,lhchoboe-1
15211,100,fgmegmie-1
15212,100,nlamdmck-1
15213,100,jngkmdli-1
15214,100,dddehdpf-1
15215,100,gagcfgdj-1
15216,100,mdajpbma-1
15217,100,jngnjlmo-1
15218,100,bcfbmfkg-1
15219,100,dcjiddhl-1
15220,100,fggdnkod-1
15221,100,cbbiagpl-1
15222,100,bdbohkgo-1
15223,100,dbeifopg-1
15224,100,fljcikpd-1
15225,100,jnjojkln-1
15226,100,ijaploik-1
15227,100,bfhlepll-1
15228,100,alfokikj-1
15229,100,mdeaajfb-1
15230,100,mogliigj-1
15231,100,ikkobmld-1
15232,100,nobkjgff-1
15233,100,caelpplg-1
15234,100,jlhcadjo-1
15235,100,noonikne-1
15236,100,ahijdngp-1
15237,100,ijpbnkak-1
15238,100,jiigplfc-1
15239,100,ngpekpkb-1
15240,100,jlgiebao-1
15241,100,nenfpfig-1
15242,100,jppnoeap-1
15243,100,nhbcgpco-1
15244,100,fhcjfhdh-1
15245,100,ddlnobmg-1
15246,100,kecogfdf-1
15247,100,becaaoip-1
15248,100,kdgaeomk-1
15249,100,ddmkdkeg-1
15250,100,fgpimfai-1
15251,100,jpagidmd-1
15252,100,igbidkmj-1
15253,100,nelcbaja-1
15254,100,nhdfdgfb-1
15255,100,afolacgm-1
15256,100,noaklalb-1
15257,100,cbbclhpj-1
15258,100,ikmjpchg-1
15259,100,kddpcpol-1
15260,100,bcpkniek-1
15261,100,jpbmiooe-1
15262,100,noeadmdh-1
15263,100,jpnaoofg-1
15264,100,bhjfgdno-1
15265,100,jbmggdpa-1
15266,100,noojmloc-1
15267,100,dbmlmidg-1
15268,100,jnmjfcjh-1
15269,100,lpbllmap-1
15270,100,ikkieopk-1
15271,100,aepkpbok-1
15272,100,mdnifaic-1
15273,100,medbclmg-1
15274,100,gddhamep-1
15275,100,foihimbc-1
15276,100,ndemnnha-1
15277,100,bcegiooj-1
15278,100,dgkdfdan-1
15279,100,calgbmoc-1
15280,100,nfcjgbmo-1
15281,100,gddgadmj-1
15282,100,iggkiapm-1
15283,100,bidojfan-1
15284,100,gdfmbodj-1
15285,100,dbkcjhik-1
15286,100,johhdogm-1
15287,100,kddfnajl-1
15288,100,mdbgoamo-1
15289,100,bgmdcgfh-1
15290,100,oafndlif-1
15291,100,jcmfbhag-1
15292,100,agcopjio-1
15293,100,jopnnpoi-1
15294,100,jkobpeln-1
15295,100,mdmfbooc-1
15296,100,jpcdfobi-1
15297,100,gciogfil-1
15298,100,kabfhpdc-1
15299,100,bcgkcefm-1
15300,100,ilfllomj-1
15301,100,dckfgapg-1
15302,100,bcgoiglj-1
15303,100,camdkckf-1
15304,100,dcijfjak-1
15305,100,jliaiebk-1
15306,100,joalpfbi-1
15307,100,kabpbpgm-1
15308,100,lofjplff-1
15309,100,nnplfckk-1
15310,100,cafihklh-1
15311,100,agllcheb-1
15312,100,nfcdlicc-1
15313,100,dblpahib-1
15314,100,bbcfelno-1
15315,100,jefedobi-1
15316,100,gddppgmf-1
15317,100,aglohegb-1
15318,100,nelalhib-1
15319,100,obcmngad-1
15320,100,jpbpghpg-1
15321,100,meaeopmm-1
15322,100,loppncia-1
15323,100,dboldngm-1
15324,100,mdmlmpdp-1
15325,100,bielbihf-1
15326,100,bfhinjec-1
15327,100,ddkhhkec-1
15328,100,nbajbmai-1
15329,100,galpllkp-1
15330,100,ikkkeede-1
15331,100,jiikdiee-1
15332,100,ohneioan-1
15333,100,jpphanaj-1
15334,100,noghecag-1
15335,100,bcmacpej-1
15336,100,mefeogpj-1
15337,100,iepdgnfk-1
15338,100,fimgdmhe-1
15339,100,jchjdllh-1
15340,100,dckhdfil-1
15341,100,bifiojid-1
15342,100,jjbpbndj-1
15343,100,ahipgekk-1
15344,100,jkcgoakd-1
15345,100,bfldjmgi-1
15346,100,mdoghnja-1
15347,100,mojhlgil-1
15348,100,biafndee-1
15349,100,ikkediik-1
15350,100,iiincdem-1
15351,100,jinpibhl-1
15352,100,bhjioiek-1
15353,100,bbjmglmi-1
15354,100,bcnaeajm-1
15355,100,nenblamo-1
15356,100,gddnbfek-1
15357,100,jpagoejd-1
15358,100,ddlcbcja-1
15359,100,dgiiodge-1
15360,100,jhognndj-1
15361,100,nigffmni-1
15362,100,nbbcbljf-1
15363,100,kdggjgdn-1
15364,100,bfleeeal-1
15365,100,jnddlbll-1
15366,100,jidconep-1
15367,100,fimknaod-1
15368,100,bficimik-1
15369,100,ikkohlmj-1
15370,100,bfgpfokb-1
15371,100,jkdbnhdp-1
15372,100,kdkcggea-1
15373,100,gaejnkep-1
15374,100,jfeajacl-1
15375,100,bficdkdc-1
15376,100,fhghbfli-1
15377,100,igembkld-1
15378,100,joapfjoj-1
15379,100,nfehngab-1
15380,100,ikglgkgk-1
15381,100,dbmemilb-1
15382,100,filjkccl-1
15383,100,kdjepnam-1
15384,100,kdfbafek-1
15385,100,naolmaaj-1
15386,100,bidflndk-1
15387,100,fhchojim-1
15388,100,jchbolff-1
15389,100,agllodci-1
15390,100,bifoenjd-1
15391,100,hhkgeadc-1
15392,100,ngckbobc-1
15393,100,iilgoafk-1
15394,100,gdgmffgp-1
15395,100,bfefmiho-1
15396,100,joaoikjo-1
15397,100,bcdhjice-1
15398,100,jkogcdod-1
15399,100,mdklokkf-1
15400,100,bbbhggdh-1
15401,100,dblgcope-1
15402,100,aloehnnl-1
15403,100,jifmjbim-1
15404,100,jpkgajkp-1
15405,100,fhdnehed-1
15406,100,calkicmh-1
15407,100,galffbpm-1
15408,100,jikbflhk-1
15409,100,jpachpeh-1
15410,100,ihdmooma-1
15411,100,npbamfkb-1
15412,100,fgifgghe-1
15413,100,igeojdfl-1
15414,100,almlgolp-1
15415,100,jillbbff-1
15416,100,mebflhfi-1
15417,100,kcpejljj-1
15418,100,bfglolkk-1
15419,100,capjfhmh-1
15420,100,kabjaief-1
15421,100,lnlnkglj-1
15422,100,dcggdpfj-1
15423,100,ddidkema-1
15424,100,jilejhnl-1
15425,100,dclggnai-1
15426,100,noaepfea-1
15427,100,biaaomlp-1
15428,100,jnjbcomm-1
15429,100,joaaiiah-1
15430,100,djkcapfb-1
15431,100,mpplpbll-1
15432,100,caligjco-1
15433,100,jikfiido-1
15434,100,jhoogcph-1
15435,100,kaiadbge-1
15436,100,gdcjding-1
15437,100,fhckmmlg-1
15438,100,dgibkdlb-1
15439,100,bcopdche-1
15440,100,mdmglbie-1
15441,100,ikmdaoen-1
15442,100,nlbhieff-1
15443,100,dbmpohkb-1
15444,100,jkddmbao-1
15445,100,jkjmhang-1
15446,100,fhdfhpci-1
15447,100,jiacnlka-1
15448,100,iklcibki-1
15449,100,bcngodoj-1
15450,100,ifacnoll-1
15451,100,jnjeiion-1
15452,100,bfhdbkfn-1
15453,100,fimafmih-1
15454,100,djpgglcb-1
15455,100,ifmddaaf-1
15456,100,alfpehae-1
15457,100,fgmcngmf-1
15458,100,igeagjlb-1
15459,100,ijpppefa-1
15460,100,ojbkaejf-1
15461,100,bcnhfghd-1
15462,100,dbmappnh-1
15463,100,finjkaeg-1
15464,100,jkepifge-1
15465,100,fipgabkh-1
15466,100,fibjkodh-1
15467,100,ddmlhand-1
15468,100,bbofbdki-1
15469,100,naodoeld-1
15470,100,nbdhonnk-1
15471,100,bcanemdf-1
15472,100,fhjonbna-1
15473,100,noojgobh-1
15474,100,foojihnk-1
15475,100,igendjmb-1
15476,100,nohddggf-1
15477,100,bcngckhk-1
15478,100,jlicpcin-1
15479,100,jopchmop-1
15480,100,jhndejfg-1
15481,100,kdgkmjhm-1
15482,100,igfbkmid-1
15483,100,noaipfcn-1
15484,100,fgogikfi-1
15485,100,jpkgbfmc-1
15486,100,jidooaom-1
15487,100,nhcemekk-1
15488,100,nfegpmja-1
15489,100,iijgolom-1
15490,100,caheiobf-1
15491,100,mddadfkp-1
15492,100,iepkfdhd-1
15493,100,afoeplbg-1
15494,100,biebofhk-1
15495,100,bdkcmnoa-1
15496,100,afbcgdcc-1
15497,100,dddcehic-1
15498,100,jniknkjn-1
15499,100,afhhkapi-1
15500,100,bhpkkfbp-1
15501,100,dbobpkcp-1
15502,100,fgbkgmgj-1
15503,100,mnijfmik-1
15504,100,bicgmbok-1
15505,100,fggjkncb-1
15506,100,mdofmlfo-1
15507,100,jlbbadbj-1
15508,100,jknhglgn-1
15509,100,gddepbnl-1
15510,100,ddbioofg-1
15511,100,caoaolip-1
15512,100,dcblijem-1
15513,100,ddmnghmc-1
15514,100,filnjbde-1
15515,100,ikkpcjnm-1
15516,100,ifmeopbj-1
15517,100,joempccl-1
15518,100,jchifdea-1
15519,100,aglljpob-1
15520,100,nbabcjfc-1
15521,100,bbmnbpcb-1
15522,100,becknilj-1
15523,100,fhaojfje-1
15524,100,nedjkilf-1
15525,100,mcamkbjn-1
15526,100,jhpcbgmb-1
15527,100,napmcpgo-1
15528,100,jolfjime-1
15529,100,bclcejae-1
15530,100,oaeokbha-1
15531,100,ilfgbhmp-1
15532,100,bhhafddn-1
15533,100,meaeaaop-1
15534,100,ifjbolie-1
15535,100,kajeinag-1
15536,100,mnimmian-1
15537,100,ddmjdbaa-1
15538,100,kafflmfj-1
15539,100,dbkenbba-1
15540,100,bejdljgi-1
15541,100,galoonnm-1
15542,100,jjambihc-1
15543,100,mdampmld-1
15544,100,fhjdgngn-1
15545,100,dckmclcn-1
15546,100,bgmldhkm-1
15547,100,kedjbjhp-1
15548,100,jndcjeme-1
15549,100,kaakefcb-1
15550,100,bdijpnai-1
15551,100,ihdiphnh-1
15552,100,dcglloii-1
15553,100,nhcnnihe-1
15554,100,dcfdfokb-1
15555,100,nenppnbi-1
15556,100,iijnkjeh-1
15557,100,mdchpfec-1
15558,100,bflgokma-1
15559,100,nenafmjh-1
15560,100,jfddbgcf-1
15561,100,ngpalmfe-1
15562,100,kalhcnkj-1
15563,100,bieolidd-1
15564,100,jkkgoenc-1
15565,100,kcpphloh-1
15566,100,dclhmmbd-1
15567,100,kdnjhidh-1
15568,100,bfhjeipo-1
15569,100,dboinogm-1
15570,100,nfdhjhmo-1
15571,100,jnmfafmf-1
15572,100,jefahfoo-1
15573,100,jndaglge-1
15574,100,kckhbifb-1
15575,100,kdjcibbh-1
15576,100,nfeepaeg-1
15577,100,bifboomf-1
15578,100,dchgalgl-1
15579,100,afijilhg-1
15580,100,kafiblji-1
15581,100,nhgpgmah-1
15582,100,gainjodn-1
15583,100,bcolgnog-1
15584,100,iimbgpbf-1
15585,100,noacmjgj-1
15586,100,bejhjlal-1
15587,100,ikjifeik-1
15588,100,bfhpecmg-1
15589,100,jlbcfdgn-1
15590,100,ijbdnmee-1
15591,100,dblpjghb-1
15592,100,jilhiljp-1
15593,100,iepoikfg-1
15594,100,alkdhifd-1
15595,100,agaljkco-1
15596,100,biaocibd-1
15597,100,aggnebgp-1
15598,100,foldmbnj-1
15599,100,caifekbn-1
15600,100,bidlboad-1
15601,100,ilgedmnk-1
15602,100,naojghnj-1
15603,100,jkpjgack-1
15604,100,bdgegpei-1
15605,100,bfhdlieb-1
15606,100,fhnjdfkh-1
15607,100,bicfkdjc-1
15608,100,foobjfah-1
15609,100,kalngebn-1
15610,100,napblkeg-1
15611,100,nigfmlni-1
15612,100,jpnmghcn-1
15613,100,nijdaikk-1
15614,100,mndklmkg-1
15615,100,mdodofjo-1
15616,100,angcijac-1
15617,100,napkejbc-1
15618,100,ikgdfahk-1
15619,100,jncgpnad-1
15620,100,joenfceo-1
15621,100,jfchecbc-1
15622,100,ijbhaggk-1
15623,100,mdoifblg-1
15624,100,gahmofdd-1
15625,100,jpjegond-1
15626,100,nonfbdbm-1
15627,100,dcbaahhi-1
15628,100,cajfnkfn-1
15629,100,jfciofog-1
15630,100,dbedbmhc-1
15631,100,fgppjjbm-1
15632,100,caofdbba-1
15633,100,almdflbh-1
15634,100,jiccdkia-1
15635,100,lomglgee-1
15636,100,mojabkmi-1
15637,100,bcdcbcbn-1
15638,100,kaiajomm-1
15639,100,jhopooki-1
15640,100,dbkomdei-1
15641,100,bibmmbeg-1
15642,100,mdcbegpa-1
15643,100,dblpkjje-1
15644,100,jigiopji-1
15645,100,jjcccfkp-1
15646,100,aglllpni-1
15647,100,fgnkjaoh-1
15648,100,ijblgman-1
15649,100,ahipmbhp-1
15650,100,kdapdena-1
15651,100,gbalelea-1
15652,100,caicibdm-1
15653,100,nbdihjfo-1
15654,100,bdbjpmcb-1
15655,100,fgipdjkn-1
15656,100,fhcefdfb-1
15657,100,jnjggamd-1
15658,100,foodflok-1
15659,100,ahfpkafi-1
15660,100,ojdpelnf-1
15661,100,ahffadeg-1
15662,100,jilmmgkk-1
15663,100,mofkbjmk-1
15664,100,dghhonbj-1
15665,100,gafnlaol-1
15666,100,keccdani-1
15667,100,nhdgiilb-1
15668,100,fonnkpaa-1
15669,100,joefjkgh-1
15670,100,nfdlalag-1
15671,100,mdjhkhga-1
15672,100,fgkencig-1
15673,100,nbbneaod-1
15674,100,jifmoikj-1
15675,100,obaiepbk-1
15676,100,jojgnjcl-1
15677,100,gaeicnjk-1
15678,100,jpjopbcn-1
15679,100,jpmhfecb-1
15680,100,kddhnkko-1
15681,100,bbialmjd-1
15682,100,dcfnejed-1
15683,100,ikoehdpb-1
15684,100,jfcnikem-1
15685,100,jpdcnnfl-1
15686,100,oeiofmkn-1
15687,100,almgfgio-1
15688,100,jnbaemkl-1
15689,100,bhffjfjb-1
15690,100,ddhohmoo-1
15691,100,gdfhoake-1
15692,100,gdgehgfl-1
15693,100,jjbbcihf-1
15694,100,jpaccenf-1
15695,100,mdaajoki-1
15696,100,nanpdgjl-1
15697,100,nfcadplk-1
15698,100,foonhhkg-1
15699,100,afankmag-1
15700,100,nfcjgggg-1
15701,100,kagccacc-1
15702,100,bcbicfon-1
15703,100,bifpjgle-1
15704,100,gbabfgih-1
15705,100,jchcccpe-1
15706,100,kallbkfa-1
15707,100,kaibddbb-1
15708,100,jpknigge-1
15709,100,bcbnpnck-1
15710,100,meelllde-1
15711,100,ikkbdopk-1
15712,100,kdaopnji-1
15713,100,bhpgggcc-1
15714,100,ijbghcdf-1
15715,100,iijkkpib-1
15716,100,bfdfefgl-1
15717,100,mededole-1
15718,100,loejgdld-1
15719,100,dbndnbeo-1
15720,100,jkpabggm-1
15721,100,ngpbjjle-1
15722,100,jfcpbbmi-1
15723,100,mkkflehk-1
15724,100,ikkfmnio-1
15725,100,jiebnmac-1
15726,100,jfbjfplp-1
15727,100,mneoincc-1
15728,100,gdgidbpp-1
15729,100,jociiiaf-1
15730,100,aepfipdc-1
15731,100,jjjfibfd-1
15732,100,jpnbdcfl-1
15733,100,jpikbmgc-1
15734,100,naobijlf-1
15735,100,mdbdfohc-1
15736,100,gciignol-1
15737,100,jpifgifm-1
15738,100,jngapebk-1
15739,100,jnhflgno-1
15740,100,jolkgnhe-1
15741,100,dgglkapc-1
15742,100,gdgnjopp-1
15743,100,bbbhnemd-1
15744,100,dciejemm-1
15745,100,nfgkdlpg-1
15746,100,fhnkfdlh-1
15747,100,nelnench-1
15748,100,mcahiffd-1
15749,100,dceojiek-1
15750,100,gdbmmeei-1
15751,100,jocngcck-1
15752,100,noegjlmm-1
15753,100,jikgigll-1
15754,100,mkkckble-1
15755,100,nhcakmda-1
15756,100,mdlkgofk-1
15757,100,ddlocagm-1
15758,100,fhdakbka-1
15759,100,jocpaoli-1
15760,100,fgnblefl-1
15761,100,biefnkke-1
15762,100,fhadmnpi-1
15763,100,bejejnfn-1
15764,100,bflbofpn-1
15765,100,ngdbmedn-1
15766,100,obclggdg-1
15767,100,fhfmhjka-1
15768,100,fhocippn-1
15769,100,gdelflgf-1
15770,100,mdcmhbfb-1
15771,100,ddamdnhf-1
15772,100,jlbfmmgb-1
15773,100,ahjfilnl-1
15774,100,dclbgplh-1
15775,100,nekjmhkj-1
15776,100,kdiejdod-1
15777,100,jlhpghfo-1
15778,100,alfnbmhc-1
15779,100,jpifmkfe-1
15780,100,dgjfodkg-1
15781,100,fhdgjjng-1
15782,100,jnjaokon-1
15783,100,bbmpfbin-1
15784,100,jibajajp-1
15785,100,ohnpbnnj-1
15786,100,dbmboald-1
15787,100,ikkpinjm-1
15788,100,jpigkgld-1
15789,100,lokjofoj-1
15790,100,jigkihab-1
15791,100,ajnagpch-1
15792,100,ikfjafje-1
15793,100,gdfdekma-1
15794,100,jnijopbe-1
15795,100,medadebn-1
15796,100,keejioon-1
15797,100,nedicggi-1
15798,100,ieoplidf-1
15799,100,bconfagg-1
15800,100,meekobfh-1
15801,100,jopncngk-1
15802,100,ifaeobna-1
15803,100,ddbloapm-1
15804,100,dbemnocn-1
15805,100,jklniijh-1
15806,100,bcmcdncb-1
15807,100,nhbppecl-1
15808,100,iggmanme-1
15809,100,mppniojm-1
15810,100,igdjilaa-1
15811,100,jbmegmbe-1
15812,100,iephbmol-1
15813,100,odjmlgip-1
15814,100,kddofnpj-1
15815,100,jhnckkkg-1
15816,100,kdghmdjh-1
15817,100,gakljlfa-1
15818,100,nnolchkb-1
15819,100,caphcmdo-1
15820,100,bccdakgp-1
15821,100,fhbkphdb-1
15822,100,jkdlbden-1
15823,100,igeccldn-1
15824,100,afpnddel-1
15825,100,agjefioj-1
15826,100,kebeilki-1
15827,100,cafphmej-1
15828,100,jiljablp-1
15829,100,kalejpih-1
15830,100,kdjmcmcg-1
15831,100,nekjhblk-1
15832,100,kdenijck-1
15833,100,oaenpolk-1
15834,100,igfcjoib-1
15835,100,dcjbdloa-1
15836,100,igdjblaj-1
15837,100,bdedaljn-1
15838,100,jeelmgde-1
15839,100,dciejjbn-1
15840,100,aliknjfg-1
15841,100,fgbcigia-1
15842,100,bfiacmbg-1
15843,100,igficaof-1
15844,100,nelikklp-1
15845,100,ahipfmpm-1
15846,100,ikfffejb-1
15847,100,capgffei-1
15848,100,foopimnk-1
15849,100,keblgnma-1
15850,100,alnkiefm-1
15851,100,bflpbabc-1
15852,100,mdoogllh-1
15853,100,foglhbmc-1
15854,100,mniejhfh-1
15855,100,afpmkoal-1
15856,100,jnbheioo-1
15857,100,jpjdhdeg-1
15858,100,dclbodlo-1
15859,100,kdkcjick-1
15860,100,jpmbbgpn-1
15861,100,dcbcpjnb-1
15862,100,jfcfjglp-1
15863,100,mdjhkgmc-1
15864,100,afognjoe-1
15865,100,nelioice-1
15866,100,dcibaacl-1
15867,100,jhnhekdj-1
15868,100,ngphebej-1
15869,100,nbanlfpg-1
15870,100,ddgmphef-1
15871,100,foljnfmk-1
15872,100,kedcombm-1
15873,100,nbcapggi-1
15874,100,ilimajif-1
15875,100,afoigfbi-1
15876,100,mdlmdkna-1
15877,100,noefbick-1
15878,100,gamafnlk-1
15879,100,jnbccjgp-1
15880,100,jiagikli-1
15881,100,fokjbeoa-1
15882,100,nobnlhnh-1
15883,100,aljgcknf-1
15884,100,joilnlig-1
15885,100,noookngi-1
15886,100,nodgndbd-1
15887,100,kakiffek-1
15888,100,obdcgkch-1
15889,100,igbjopgc-1
15890,100,fgmmafag-1
15891,100,lodpingo-1
15892,100,bcnaccob-1
15893,100,igbcgeki-1
15894,100,jennfnap-1
15895,100,ikjdmgck-1
15896,100,fghdndao-1
15897,100,jcmffgne-1
15898,100,jpomiplo-1
15899,100,bifhaode-1
15900,100,iepoogki-1
15901,100,igagiobi-1
15902,100,foglcmhm-1
15903,100,ddhcffib-1
15904,100,bbmocccp-1
15905,100,jpcpknhl-1
15906,100,fgcemccb-1
15907,100,jieblakn-1
15908,100,dginkmhc-1
15909,100,ilhalaik-1
15910,100,bifjheoa-1
15911,100,ikkmmedf-1
15912,100,oaebncbh-1
15913,100,nklnaije-1
15914,100,nekjbjmn-1
15915,100,jkenppah-1
15916,100,dddcjndh-1
15917,100,nonojjjj-1
15918,100,fgocenlc-1
15919,100,flgaoolm-1
15920,100,ganifdcf-1
15921,100,alfokfag-1
15922,100,jnbglmpb-1
15923,100,bicnpkgb-1
15924,100,ilgjblpb-1
15925,100,dcfiobpb-1
15926,100,jhpaebnn-1
15927,100,jjbabpnh-1
15928,100,dcimnfhk-1
15929,100,jokhopdp-1
15930,100,fggpocdf-1
15931,100,jkfbmipe-1
15932,100,dblnjhhl-1
15933,100,mdijldao-1
15934,100,mnfifmdp-1
15935,100,ajmkpdoe-1
15936,100,hgijmane-1
15937,100,ilhjfbmh-1
15938,100,mnfklbgh-1
15939,100,iggdmgge-1
15940,100,oeepfeab-1
15941,100,ifliiglc-1
15942,100,nffljcpi-1
15943,100,bfmjefoh-1
15944,100,fokinajo-1
15945,100,gakeefab-1
15946,100,ikomdhhc-1
15947,100,jcgdjifn-1
15948,100,moglcogf-1
15949,100,fhjoebfo-1
15950,100,bidjmkkc-1
15951,100,ahfdohdc-1
15952,100,jfdmaoip-1
15953,100,dcagjjgm-1
15954,100,jijpcocc-1
15955,100,fghfiekd-1
15956,100,jimlnipi-1
15957,100,nogealbb-1
15958,100,aeppnabm-1
15959,100,igecobme-1
15960,100,fhigbklo-1
15961,100,kaefchgj-1
15962,100,dbnpflma-1
15963,100,odkbdepj-1
15964,100,fgpkjalm-1
15965,100,biejibmc-1
15966,100,kdmfpbld-1
15967,100,fgmopjia-1
15968,100,bidnogok-1
15969,100,cbgbenlf-1
15970,100,cahfcdoc-1
15971,100,mnejamlj-1
15972,100,jkebkhgk-1
15973,100,capgfcci-1
15974,100,ikmdjjhh-1
15975,100,ojgndpai-1
15976,100,nfcjdabh-1
15977,100,cbfnccjn-1
15978,100,nlbbnpnj-1
15979,100,agffhigf-1
15980,100,kabncgho-1
15981,100,mdaogijn-1
15982,100,afakhbbo-1
15983,100,jfeebppk-1
15984,100,jcgpijfp-1
15985,100,fhfllgpb-1
15986,100,jchlgcdf-1
15987,100,jjbpceae-1
15988,100,algcaajh-1
15989,100,igalmgmp-1
15990,100,ngdobbjc-1
15991,100,kdlpcgha-1
15992,100,fhdkjgmg-1
15993,100,lpckghli-1
15994,100,nbbjdbaj-1
15995,100,jpjlipaf-1
15996,100,jifenaok-1
15997,100,oaiflcho-1
15998,100,cbfoeefg-1
15999,100,bcepkkdh-1
16000,100,fhhdgfhn-1
16001,100,ngdgdiog-1
16002,100,bibpfcfh-1
16003,100,jiocefcg-1
16004,100,bccokjlf-1
16005,100,jkpohiad-1
16006,100,jnbecifj-1
16007,100,jiiakdfn-1
16008,100,kdajklfi-1
16009,100,fhnlnble-1
16010,100,igceamnn-1
16011,100,jigepjce-1
16012,100,gdbekicj-1
16013,100,dbebbcoj-1
16014,100,gdbngpll-1
16015,100,jnimcdeb-1
16016,100,keebabna-1
16017,100,dcladoff-1
16018,100,mddohooi-1
16019,100,noehebaa-1
16020,100,djpmbged-1
16021,100,fimcookd-1
16022,100,jjbnknof-1
16023,100,aofeghoj-1
16024,100,kecogcki-1
16025,100,oamhhbop-1
16026,100,jincpehl-1
16027,100,caieigjc-1
16028,100,dblfiaji-1
16029,100,caihnfoo-1
16030,100,aljgecfb-1
16031,100,igcmcglk-1
16032,100,bfdcapgi-1
16033,100,ilfjogad-1
16034,100,mnfgpmhb-1
16035,100,dgkmccna-1
16036,100,bifhhffh-1
16037,100,jnlngnnc-1
16038,100,bfdglhml-1
16039,100,agfnmbbc-1
16040,100,gambniag-1
16041,100,gagikbcc-1
16042,100,ilflodnf-1
16043,100,lpeifiab-1
16044,100,jolemfga-1
16045,100,mdmncadp-1
16046,100,dckkmajf-1
16047,100,dgklfnmc-1
16048,100,jlgnedhe-1
16049,100,keaedmkf-1
16050,100,ngoninni-1
16051,100,gdcahbam-1
16052,100,mebejgni-1
16053,100,kdjiofin-1
16054,100,filokkjc-1
16055,100,jjanfkdi-1
16056,100,meandljb-1
16057,100,jfbhpbef-1
16058,100,fphkindi-1
16059,100,jkpmnpng-1
16060,100,obaekfof-1
16061,100,cbfnlccc-1
16062,100,ngamppgc-1
16063,100,dcblncac-1
16064,100,ieoooncm-1
16065,100,ohihelib-1
16066,100,mdmkkmdc-1
16067,100,mdohgane-1
16068,100,bejheccp-1
16069,100,mdacimfa-1
16070,100,dbldiihl-1
16071,100,nbblhkcn-1
16072,100,cafeojgn-1
16073,100,nbbdpkfo-1
16074,100,fpkcelbh-1
16075,100,bbjglacf-1
16076,100,kdjeamgk-1
16077,100,afapknej-1
16078,100,bcdhjdij-1
16079,100,jplmkegj-1
16080,100,dccgjjbm-1
16081,100,jlaoggoh-1
16082,100,jolhpmld-1
16083,100,ikkohebp-1
16084,100,bienmcga-1
16085,100,mdkbpaag-1
16086,100,jefkpoon-1
16087,100,bfdlmink-1
16088,100,mdolamlk-1
16089,100,nophjlec-1
16090,100,odopjbpk-1
16091,100,fghfldmf-1
16092,100,caphchpe-1
16093,100,jhokpheo-1
16094,100,nobilncb-1
16095,100,biaepdll-1
16096,100,jocmlede-1
16097,100,jkmebblp-1
16098,100,nemolfbf-1
16099,100,biecoflk-1
16100,100,bcbofflg-1
16101,100,bfdbchok-1
16102,100,mdpjcfmd-1
16103,100,nocklfeh-1
16104,100,jjcbognk-1
16105,100,gdfbfnmo-1
16106,100,nklopjkg-1
16107,100,bcdabllg-1
16108,100,jjjjndfd-1
16109,100,gdedboia-1
16110,100,jnmhbhnf-1
16111,100,jjbhngma-1
16112,100,dbkjdnnf-1
16113,100,nfflhcdg-1
16114,100,gaknnpph-1
16115,100,jomfanjf-1
16116,100,dcbipgpp-1
16117,100,ndejpdbp-1
16118,100,bflggnin-1
16119,100,jenngbdg-1
16120,100,aepklbna-1
16121,100,jpncjeeh-1
16122,100,mddfaphn-1
16123,100,cbgbfcaj-1
16124,100,gddgdgge-1
16125,100,bbcgfnfb-1
16126,100,kaceoljd-1
16127,100,cahifagd-1
16128,100,nodnjhhj-1
16129,100,nlaidbio-1
16130,100,jinkideh-1
16131,100,kaibghnf-1
16132,100,joannbdn-1
16133,100,mnhohenh-1
16134,100,jlaefdmn-1
16135,100,nekneflk-1
16136,100,mdpakdch-1
16137,100,almfloej-1
16138,100,jhndgclo-1
16139,100,jolgnlcd-1
16140,100,agajcapk-1
16141,100,jpcabfdg-1
16142,100,dgipclha-1
16143,100,jchcphfp-1
16144,100,bclhibdc-1
16145,100,ajihgajp-1
16146,100,nhccgple-1
16147,100,cbhbhhhg-1
16148,100,nnpaddmb-1
16149,100,meboibae-1
16150,100,nlbjkhbn-1
16151,100,igdaiilb-1
16152,100,kdheihal-1
16153,100,ahgbhdcg-1
16154,100,gdeibbkh-1
16155,100,kdjdfdpe-1
16156,100,mddgoapj-1
16157,100,dccckhje-1
16158,100,kcohodee-1
16159,100,bcnadfel-1
16160,100,jlalgbip-1
16161,100,jiligipn-1
16162,100,nlbinegd-1
16163,100,jifhilaj-1
16164,100,nigmnfea-1
16165,100,igbkhhac-1
16166,100,ikljhdno-1
16167,100,niihodke-1
16168,100,ajmkkmif-1
16169,100,jnjlanfl-1
16170,100,fkpihojp-1
16171,100,obbhdmmp-1
16172,100,jfcigpeg-1
16173,100,fimfpebk-1
16174,100,jpkghhgg-1
16175,100,nfhonaka-1
16176,100,dgdonfkh-1
16177,100,biegmlpf-1
16178,100,jpipjphi-1
16179,100,kdbhihbe-1
16180,100,foljhdaa-1
16181,100,gcjacbij-1
16182,100,ikogakjk-1
16183,100,aghnfaip-1
16184,100,ddkcanko-1
16185,100,gapminkd-1
16186,100,jlgfioeb-1
16187,100,afcohifg-1
16188,100,fhdpimnm-1
16189,100,fijmhife-1
16190,100,ikgokmpg-1
16191,100,nobjpejn-1
16192,100,mdabkmgg-1
16193,100,kdcokibd-1
16194,100,nlbacioc-1
16195,100,nhafaenf-1
16196,100,oeejnakj-1
16197,100,bhphgabc-1
16198,100,afohknce-1
16199,100,dcdfinlo-1
16200,100,bejdbhhk-1
16201,100,jkfddhbn-1
16202,100,nfcppamj-1
16203,100,mdnfboad-1
16204,100,neljembk-1
16205,100,nenakojh-1
16206,100,jkeiehco-1
16207,100,gdddcbda-1
16208,100,jnhdnifj-1
16209,100,bcccmojc-1
16210,100,dbnclhdk-1
16211,100,bglndmkc-1
16212,100,jiiccdmd-1
16213,100,joinohcp-1
16214,100,jkfmadnf-1
16215,100,igckgmjg-1
16216,100,jnbfolmd-1
16217,100,dcioognl-1
16218,100,fgnnegkc-1
16219,100,jppbakfn-1
16220,100,ddkpehgj-1
16221,100,foofppio-1
16222,100,jpcahjcp-1
16223,100,agahinej-1
16224,100,bcdijcmb-1
16225,100,galmohml-1
16226,100,jpdfnnlp-1
16227,100,bcaemgbe-1
16228,100,mnfambep-1
16229,100,mddbpfhm-1
16230,100,kdcbkcam-1
16231,100,nhbgnppc-1
16232,100,jipkdfap-1
16233,100,jnjpeopl-1
16234,100,dbkjndpi-1
16235,100,jknfnokk-1
16236,100,jolfanic-1
16237,100,oaihbaid-1
16238,100,bfedkamd-1
16239,100,afocpama-1
16240,100,kdddpapo-1
16241,100,kcpilddk-1
16242,100,dgifhokj-1
16243,100,jpaegahe-1
16244,100,jpaekmgj-1
16245,100,ngfjjfkl-1
16246,100,lhcjileo-1
16247,100,bcopheja-1
16248,100,bbjjgkop-1
16249,100,noeglkom-1
16250,100,joembjcd-1
16251,100,ddknpipg-1
16252,100,kdflmgpj-1
16253,100,lomkniem-1
16254,100,fgjgfkmm-1
16255,100,afgpiehg-1
16256,100,lhckibpb-1
16257,100,mdkkgjak-1
16258,100,jlgoaicf-1
16259,100,kagaegfc-1
16260,100,jkfelpdk-1
16261,100,jkoodagi-1
16262,100,nemilago-1
16263,100,noebjkof-1
16264,100,afaofoab-1
16265,100,mdoglbcn-1
16266,100,bffdbcgd-1
16267,100,bhiccjbo-1
16268,100,ikkfeiep-1
16269,100,igfhlaon-1
16270,100,nonhcdje-1
16271,100,gahmcmam-1
16272,100,jchlemie-1
16273,100,jimmmebj-1
16274,100,mebdecdb-1
16275,100,nlagkppj-1
16276,100,ddbmphmb-1
16277,100,bfnndhlg-1
16278,100,obeochfc-1
16279,100,dblacdjj-1
16280,100,dblddgdl-1
16281,100,neccmdbc-1
16282,100,kdakamph-1
16283,100,mefbbeph-1
16284,100,napklpdf-1
16285,100,gddnegme-1
16286,100,ilejegih-1
16287,100,ikaabgaj-1
16288,100,jjcbdojd-1
16289,100,fhnmnlgk-1
16290,100,nnolhboa-1
16291,100,dbmmgnef-1
16292,100,igdbbdeo-1
16293,100,ikjiilbn-1
16294,100,kedljjcl-1
16295,100,napclehh-1
16296,100,meaidbck-1
16297,100,bcefdkbm-1
16298,100,joalplfk-1
16299,100,mndngbpm-1
16300,100,nhcnhfgi-1
16301,100,fghidjdd-1
16302,100,kdedioff-1
16303,100,kafogeml-1
16304,100,jnmhpenh-1
16305,100,afloocif-1
16306,100,fhfiohgl-1
16307,100,jcmopmoo-1
16308,100,mdmdnknn-1
16309,100,dbkfdcdj-1
16310,100,jncodgia-1
16311,100,jiecnpni-1
16312,100,gaimefbl-1
16313,100,keemhmbo-1
16314,100,dcgjgcic-1
16315,100,djpmpdei-1
16316,100,jchlalnm-1
16317,100,ddbihjom-1
16318,100,keachdan-1
16319,100,jipnoiko-1
16320,100,fikefjco-1
16321,100,igglblmd-1
16322,100,djpepojf-1
16323,100,jielejjg-1
16324,100,jpmndjnd-1
16325,100,cbfolbac-1
16326,100,bcaedehd-1
16327,100,ahggfjjf-1
16328,100,mcamnehk-1
16329,100,nlcakcjf-1
16330,100,dbobfmdl-1
16331,100,joacnfnc-1
16332,100,kdnooajb-1
16333,100,jklhepke-1
16334,100,jlafhmkj-1
16335,100,jpbmpnll-1
16336,100,keecehhn-1
16337,100,ddbdajga-1
16338,100,fginclmf-1
16339,100,jfdobafc-1
16340,100,jopndkkb-1
16341,100,alhgdema-1
16342,100,jiphookc-1
16343,100,bfekkijc-1
16344,100,aocbhijh-1
16345,100,nfddlcon-1
16346,100,canllnhj-1
16347,100,cbgiliae-1
16348,100,bibjamod-1
16349,100,agajjood-1
16350,100,jlhebdlj-1
16351,100,nbdgeggh-1
16352,100,afccjhhh-1
16353,100,mdbnkpef-1
16354,100,medjenee-1
16355,100,almgilnk-1
16356,100,kdjkimjm-1
16357,100,nhdchhhp-1
16358,100,mkkeojdd-1
16359,100,jidipolm-1
16360,100,ighdeeef-1
16361,100,nnpmlgjb-1
16362,100,dbjpaeeh-1
16363,100,jfbmbjal-1
16364,100,kakkdelg-1
16365,100,caioighg-1
16366,100,bibkbpae-1
16367,100,jjbnpidd-1
16368,100,fhnnkhjo-1
16369,100,fheaajad-1
16370,100,dbodnjca-1
16371,100,fkplbpig-1
16372,100,dblddidp-1
16373,100,nffhpomh-1
16374,100,ddkpjbon-1
16375,100,jodbjheo-1
16376,100,bdehonfp-1
16377,100,algeggjj-1
16378,100,jnchgbcc-1
16379,100,nfhhepok-1
16380,100,jomiobfk-1
16381,100,foglpmgc-1
16382,100,nodhpmid-1
16383,100,ifmkbhcd-1
16384,100,cagfmcai-1
16385,100,iflkfnlg-1
16386,100,ikfkigdi-1
16387,100,ikgjclbm-1
16388,100,gapmmiae-1
16389,100,gdbnfcfk-1
16390,100,aoblgjjo-1
16391,100,odinipkf-1
16392,100,jnjcagdk-1
16393,100,ahfmmipl-1
16394,100,gapoadhe-1
16395,100,caplmagp-1
16396,100,dghldnhk-1
16397,100,keclaahh-1
16398,100,igbcbion-1
16399,100,jnjbhmmb-1
16400,100,aoegnhfo-1
16401,100,bdjknlfc-1
16402,100,jkpmidia-1
16403,100,bdhndnba-1
16404,100,jbdemgmi-1
16405,100,mddhfade-1
16406,100,gdbjlobo-1
16407,100,iepchgak-1
16408,100,fggjlgoj-1
16409,100,dcggncjd-1
16410,100,mdaohpnm-1
16411,100,mngdiboh-1
16412,100,ikcfkfdc-1
16413,100,dcabdknc-1
16414,100,bbodadom-1
16415,100,dddejpmp-1
16416,100,kdpkfejg-1
16417,100,bcpjbgdf-1
16418,100,iepdfcgh-1
16419,100,jkjlaclb-1
16420,100,mebeoibo-1
16421,100,npabpdec-1
16422,100,npjafggh-1
16423,100,fhabckbg-1
16424,100,bieaebnl-1
16425,100,ddkjclea-1
16426,100,bbbipahi-1
16427,100,ikjnbjbf-1
16428,100,dcfodbed-1
16429,100,foliedkn-1
16430,100,afcofkki-1
16431,100,alfndpmg-1
16432,100,nhindgfm-1
16433,100,dgkjadkp-1
16434,100,bdkhinfc-1
16435,100,bfdfdplp-1
16436,100,afbonaib-1
16437,100,iflmibcf-1
16438,100,jpinbgpi-1
16439,100,fgmenian-1
16440,100,mngdogig-1
16441,100,jigajmcm-1
16442,100,bhppflfc-1
16443,100,ddkdkdbl-1
16444,100,mecngnhl-1
16445,100,bdidkdkh-1
16446,100,ililkgkh-1
16447,100,oejbcmcb-1
16448,100,kdacgikl-1
16449,100,lpbnendd-1
16450,100,kafpjlpc-1
16451,100,jnijngnc-1
16452,100,afogokdd-1
16453,100,jinooifi-1
16454,100,nomkhhjn-1
16455,100,kdcjcgpf-1
16456,100,bbbjioon-1
16457,100,ngfakedd-1
16458,100,fgpijhil-1
16459,100,canbdegi-1
16460,100,agjjdbna-1
16461,100,almekekp-1
16462,100,dcijhnjb-1
16463,100,bbjoocaf-1
16464,100,keadgjcf-1
16465,100,bcebkjoj-1
16466,100,ahijhhfk-1
16467,100,jolepekf-1
16468,100,dcgpbbjm-1
16469,100,nemiddfd-1
16470,100,fghcondd-1
16471,100,jifckicb-1
16472,100,bhoajknc-1
16473,100,jpooekab-1
16474,100,keebkenj-1
16475,100,kdpkdpbl-1
16476,100,noepmafa-1
16477,100,keejokpe-1
16478,100,dcjfmoah-1
16479,100,gcihlken-1
16480,100,dgdkbogk-1
16481,100,iimajipa-1
16482,100,nklihohd-1
16483,100,bcpbmioj-1
16484,100,bfefhnpn-1
16485,100,caffgokn-1
16486,100,lpbkkpan-1
16487,100,becbhfbj-1
16488,100,mcakboao-1
16489,100,kajkkaib-1
16490,100,ddldfnel-1
16491,100,ikedoocp-1
16492,100,bdigeedj-1
16493,100,jhnnflco-1
16494,100,aobceghd-1
16495,100,bbkabalg-1
16496,100,dgigfokj-1
16497,100,gailpfgn-1
16498,100,kamchbgo-1
16499,100,ficacjea-1
16500,100,jfdfbmfg-1
16501,100,nhapfjhh-1
16502,100,fgllpbdi-1
16503,100,kcjpmcmj-1
16504,100,agdaogap-1
16505,100,dghegfga-1
16506,100,nobbpfgf-1
16507,100,fomejieo-1
16508,100,noefhjdo-1
16509,100,canpmnba-1
16510,100,bclmkpij-1
16511,100,loenagda-1
16512,100,nfgaofem-1
16513,100,jpohbkhk-1
16514,100,cbbdjihi-1
16515,100,nhcdgidl-1
16516,100,locdenli-1
16517,100,folhokcp-1
16518,100,ikkifbep-1
16519,100,gaffaigd-1
16520,100,bcgkgjko-1
16521,100,fimlehpp-1
16522,100,meckgijp-1
16523,100,caloocan-1
16524,100,kdhdemmb-1
16525,100,fojkkpbb-1
16526,100,bflnmlbg-1
16527,100,jilmgodd-1
16528,100,afaelopd-1
16529,100,bcncojom-1
16530,100,fgpapfnl-1
16531,100,fpjkahbl-1
16532,100,bhfhgamo-1
16533,100,mdjjheoi-1
16534,100,nhjfmjkl-1
16535,100,lonaldec-1
16536,100,bcepnpci-1
16537,100,oaflldja-1
16538,100,ighfakjb-1
16539,100,kalaeekd-1
16540,100,dbfcenmc-1
16541,100,fombgela-1
16542,100,ikeidkni-1
16543,100,mdchbdhp-1
16544,100,bidjfogh-1
16545,100,ohnpjlpf-1
16546,100,afapjdlb-1
16547,100,fokoebaf-1
16548,100,jedkphnj-1
16549,100,ojeafgkm-1
16550,100,ahjoiffg-1
16551,100,bfjlnaeg-1
16552,100,kabknimk-1
16553,100,bcmoifpa-1
16554,100,jlbhjgim-1
16555,100,ikgcpjpb-1
16556,100,jkjnpadm-1
16557,100,mebhfola-1
16558,100,kdgjdpec-1
16559,100,oafpidbh-1
16560,100,odicblhl-1
16561,100,bhfdople-1
16562,100,jiaoldkg-1
16563,100,folldkhl-1
16564,100,ieophhfl-1
16565,100,gaokieda-1
16566,100,camjejpg-1
16567,100,mdkafpen-1
16568,100,ahgdcpkf-1
16569,100,mddjgjik-1
16570,100,bcmmhlpc-1
16571,100,bceeiajc-1
16572,100,fhcaijkl-1
16573,100,mnecfcbo-1
16574,100,kddlalkc-1
16575,100,mofjchkf-1
16576,100,fpjkkhjd-1
16577,100,cahafepn-1
16578,100,iikbnmgo-1
16579,100,finikagj-1
16580,100,fokghfjh-1
16581,100,jnicagpj-1
16582,100,kdijaime-1
16583,100,jjdcappa-1
16584,100,ogkolmbf-1
16585,100,bgmekpbl-1
16586,100,bcddnmea-1
16587,100,nfenkcji-1
16588,100,iepaebih-1
16589,100,iiligbcc-1
16590,100,agfnneoa-1
16591,100,cammhgap-1
16592,100,mohediji-1
16593,100,jchifpbo-1
16594,100,lnlpeaki-1
16595,100,mofhfmlk-1
16596,100,dggejphi-1
16597,100,dgidhefg-1
16598,100,loklaocf-1
16599,100,ganhnjia-1
16600,100,nedndoac-1
16601,100,ohneibem-1
16602,100,jfcaiodc-1
16603,100,iklifpia-1
16604,100,nocejmnn-1
16605,100,fhgaencf-1
16606,100,kddlboli-1
16607,100,amdhmemp-1
16608,100,agffpkmi-1
16609,100,ilhjddld-1
16610,100,ieoiaihj-1
16611,100,nhhplnfe-1
16612,100,mdnohbgp-1
16613,100,nbchpecp-1
16614,100,mdaebgjj-1
16615,100,bffdibgm-1
16616,100,kdcadknm-1
16617,100,jiahpijd-1
16618,100,jkodgkac-1
16619,100,amebammn-1
16620,100,jlagegoe-1
16621,100,kedpfhom-1
16622,100,kcjoanln-1
16623,100,bidbeann-1
16624,100,ohljlnci-1
16625,100,keacdpjo-1
16626,100,jhnjjlga-1
16627,100,ifafdgpl-1
16628,100,ikkgejgh-1
16629,100,nigochdi-1
16630,100,jpdpigbg-1
16631,100,ojbodocl-1
16632,100,bdbnbpkn-1
16633,100,dccckklm-1
16634,100,kajiamjo-1
16635,100,jodjgjbg-1
16636,100,jfdggbin-1
16637,100,bcldpdjk-1
16638,100,ddbllfki-1
16639,100,ikmfboin-1
16640,100,mkkkckel-1
16641,100,ikehpeem-1
16642,100,bbcoepce-1
16643,100,oecgifho-1
16644,100,igamflah-1
16645,100,fpjkdbhh-1
16646,100,agmakejf-1
16647,100,jikcdgeh-1
16648,100,neccjnim-1
16649,100,almgpcpo-1
16650,100,bcckakga-1
16651,100,dciipkmh-1
16652,100,jefnbplj-1
16653,100,bbmmobgc-1
16654,100,moinenaf-1
16655,100,agkknboi-1
16656,100,mdkeigfd-1
16657,100,mdnfakie-1
16658,100,ihdimllg-1
16659,100,keaodjmj-1
16660,100,niidndik-1
16661,100,ohihldjb-1
16662,100,jkedlfcb-1
16663,100,gdhabgka-1
16664,100,npaejnid-1
16665,100,nadfoand-1
16666,100,kdlonmag-1
16667,100,jiajhfcn-1
16668,100,jklmnfji-1
16669,100,nohbkald-1
16670,100,kdiljfak-1
16671,100,fpkegmcn-1
16672,100,obapejnm-1
16673,100,capldppc-1
16674,100,ikjjkbaf-1
16675,100,gdgccbeg-1
16676,100,mogmiibj-1
16677,100,ahfmnpcd-1
16678,100,keahclan-1
16679,100,mdkhffim-1
16680,100,jodgddjc-1
16681,100,fingjpfn-1
16682,100,jchijpla-1
16683,100,jicbmodb-1
16684,100,mdaenbbg-1
16685,100,fgiflaef-1
16686,100,mdlehccb-1
16687,100,gaoemaho-1
16688,100,igbfmele-1
16689,100,ikfbnicj-1
16690,100,nobccjmn-1
16691,100,mnecgcmp-1
16692,100,jndfdpgl-1
16693,100,jibkgbej-1
16694,100,jhnfgnjg-1
16695,100,fhabggig-1
16696,100,caodngie-1
16697,100,ikfcclbi-1
16698,100,jfchgljk-1
16699,100,iklddjnf-1
16700,100,ddangaeh-1
16701,100,bdihcbca-1
16702,100,jikgfefp-1
16703,100,cagnafgh-1
16704,100,oaffdgih-1
16705,100,afbimdkh-1
16706,100,bdbjoloc-1
16707,100,bfgnkfhl-1
16708,100,jlhklkdh-1
16709,100,keejaghh-1
16710,100,dbjlpkaa-1
16711,100,jigdgjke-1
16712,100,foieaamg-1
16713,100,jkcjnhci-1
16714,100,fhhpfnin-1
16715,100,nocboboe-1
16716,100,dddjkebh-1
16717,100,dcggkmgk-1
16718,100,fgofblfe-1
16719,100,jifkanhb-1
16720,100,gainombj-1
16721,100,nkmabbdh-1
16722,100,dgdofici-1
16723,100,aglhppkh-1
16724,100,mnflhekg-1
16725,100,bfioaakn-1
16726,100,ngciefgk-1
16727,100,ifjcjbal-1
16728,100,ngpejnnf-1
16729,100,mdacpfip-1
16730,100,cannaibe-1
16731,100,ikknjamg-1
16732,100,agbaenfc-1
16733,100,neoffkkp-1
16734,100,jnppcema-1
16735,100,jplcjemj-1
16736,100,afaigcfg-1
16737,100,fggggapl-1
16738,100,nekedkde-1
16739,100,loehaihm-1
16740,100,nelmpblm-1
16741,100,jplodpan-1
16742,100,kecalndb-1
16743,100,bcghlkkm-1
16744,100,jkpbhdgf-1
16745,100,igdpmnao-1
16746,100,fgfnhpoe-1
16747,100,jlandnnk-1
16748,100,naohnklo-1
16749,100,naedghnk-1
16750,100,jigpjahi-1
16751,100,bfehnnel-1
16752,100,kabnmplh-1
16753,100,ikodadfp-1
16754,100,fimdpmaa-1
16755,100,jpndfopi-1
16756,100,dcblhgek-1
16757,100,bfjjjgch-1
16758,100,capijojo-1
16759,100,jcnckaja-1
16760,100,cankjboe-1
16761,100,niijbbgd-1
16762,100,fghdcgnb-1
16763,100,nfhaniic-1
16764,100,nfeimjpj-1
16765,100,lofohbkg-1
16766,100,kdmhebmn-1
16767,100,mkkfpdcp-1
16768,100,ganonlnn-1
16769,100,gainfnop-1
16770,100,nbdmchhd-1
16771,100,dggiimoe-1
16772,100,ikbplgng-1
16773,100,dcglbhjb-1
16774,100,bcdockno-1
16775,100,jlhclhkk-1
16776,100,caggkndl-1
16777,100,kajhjpoi-1
16778,100,jiapieii-1
16779,100,ohnkhamo-1
16780,100,alocpfpn-1
16781,100,bfdolhme-1
16782,100,jjblfnfa-1
16783,100,nopkfgbd-1
16784,100,fghkcmkm-1
16785,100,mcadkkle-1
16786,100,kakpkiak-1
16787,100,nbbkelie-1
16788,100,mecbpkkj-1
16789,100,igcloecm-1
16790,100,ojhcdjfg-1
16791,100,dbnenopk-1
16792,100,lpbehaic-1
16793,100,mdlbkpil-1
16794,100,ilhgeipe-1
16795,100,lpajmeii-1
16796,100,hhkgkgde-1
16797,100,jeegegid-1
16798,100,npbbaood-1
16799,100,joiplndd-1
16800,100,mecpnlpn-1
16801,100,lhcigdon-1
16802,100,kdgnegih-1
16803,100,mdnnibdo-1
16804,100,jnlmajjc-1
16805,100,afnhjjgj-1
16806,100,iiljbdca-1
16807,100,agjmkadk-1
16808,100,lpbikebo-1
16809,100,neonhekf-1
16810,100,biahjhaf-1
16811,100,gdfnfbek-1
16812,100,iilicokb-1
16813,100,ddjimdfa-1
16814,100,kedefepl-1
16815,100,kabdmfgf-1
16816,100,jidncbbg-1
16817,100,jkllknkj-1
16818,100,fggcghpl-1
16819,100,fgjneinh-1
16820,100,gahjecga-1
16821,100,mdmndegl-1
16822,100,fgpbclba-1
16823,100,ddmkjjck-1
16824,100,gafjkhlc-1
16825,100,mdocgmld-1
16826,100,ahbbhnno-1
16827,100,ngcpeabb-1
16828,100,jibmhaeg-1
16829,100,bfhodoam-1
16830,100,cbglkpnd-1
16831,100,fojgbmgh-1
16832,100,ikjcffhb-1
16833,100,dblkbhhk-1
16834,100,niiheggd-1
16835,100,jnmmblhd-1
16836,100,jimekgob-1
16837,100,nlambkln-1
16838,100,nekjejmo-1
16839,100,nhjbohbd-1
16840,100,nhcaclhh-1
16841,100,fimmhdfj-1
16842,100,jijphkmn-1
16843,100,jepbcgjj-1
16844,100,ikfijmdg-1
16845,100,bfiegpal-1
16846,100,kaakeinh-1
16847,100,bdgcdjfp-1
16848,100,becbhdkm-1
16849,100,mecnlbdl-1
16850,100,gdcmfhga-1
16851,100,jefkkbdp-1
16852,100,bfjlhehl-1
16853,100,fgpmjcce-1
16854,100,nbagldfd-1
16855,100,nhbijdgi-1
16856,100,gdcgdcnj-1
16857,100,ddbaeiig-1
16858,100,keiagiki-1
16859,100,oafhnbnp-1
16860,100,bdeahped-1
16861,100,gdeffjon-1
16862,100,fgalnmhg-1
16863,100,aglmhjcd-1
16864,100,ngcaglfk-1
16865,100,nhamfalm-1
16866,100,bcmekncg-1
16867,100,ilcabeao-1
16868,100,jiajdfhf-1
16869,100,ngbcmolj-1
16870,100,kdagboae-1
16871,100,nihcojki-1
16872,100,cbeobjbi-1
16873,100,jnfnamia-1
16874,100,bcmlnamh-1
16875,100,fgcbljol-1
16876,100,jbkncooo-1
16877,100,nfeebgbo-1
16878,100,naafknfb-1
16879,100,ikmdmnji-1
16880,100,jiljnelc-1
16881,100,naogdion-1
16882,100,nbcgdoej-1
16883,100,nhibpama-1
16884,100,kdoalagp-1
16885,100,fhggecan-1
16886,100,calkbfkk-1
16887,100,nfbohaog-1
16888,100,dbjjocmm-1
16889,100,finipnnj-1
16890,100,ijbfgjkp-1
16891,100,nemcjfkd-1
16892,100,fgjcjeoh-1
16893,100,jnkagcpc-1
16894,100,bbaobdbm-1
16895,100,nodpcjnp-1
16896,100,ilibbjco-1
16897,100,nhgpedcl-1
16898,100,jpoenkpf-1
16899,100,bcbejcbl-1
16900,100,ilhaoghn-1
16901,100,nopbdcko-1
16902,100,nihojbgk-1
16903,100,igenfpdg-1
16904,100,nadihpce-1
16905,100,ifnfibfm-1
16906,100,ohnhieda-1
16907,100,dbmfanfj-1
16908,100,cbflimck-1
16909,100,mndpdeaf-1
16910,100,naefmmna-1
16911,100,bfnipgcp-1
16912,100,bcgkemef-1
16913,100,agmejiol-1
16914,100,jnhmhokk-1
16915,100,aggmcllo-1
16916,100,fgijaokm-1
16917,100,nnolfmdg-1
16918,100,cappfjkf-1
16919,100,fokjkboc-1
16920,100,nggejhal-1
16921,100,mnipfgnl-1
16922,100,dcaoioba-1
16923,100,bfnjipkb-1
16924,100,jjccddpo-1
16925,100,nfhmnmfm-1
16926,100,iepephbb-1
16927,100,mojkenki-1
16928,100,ohnpmkci-1
16929,100,oaenmpep-1
16930,100,jppbaidl-1
16931,100,jhnkdcgf-1
16932,100,nnpdamad-1
16933,100,galeofmj-1
16934,100,gdgejoff-1
16935,100,jlbfcgan-1
16936,100,fgpmdjnm-1
16937,100,ahbbdhkd-1
16938,100,mopebcnb-1
16939,100,dghonccd-1
16940,100,cahkgmck-1
16941,100,mneaphcl-1
16942,100,foiadeoo-1
16943,100,igcohbbd-1
16944,100,cahfanko-1
16945,100,oeimodia-1
16946,100,bbokdahk-1
16947,100,jilabpef-1
16948,100,odjlfbcb-1
16949,100,bhjidpei-1
16950,100,ikejgjnb-1
16951,100,ngplpjjj-1
16952,100,jlajcilp-1
16953,100,mniepacf-1
16954,100,nodadgmo-1
16955,100,ikkllpii-1
16956,100,aflofcjk-1
16957,100,bfmoaloa-1
16958,100,ikfnlcol-1
16959,100,ddmcfhnn-1
16960,100,ikdbdgmi-1
16961,100,bieadddf-1
16962,100,nnoomlip-1
16963,100,jklfcpan-1
16964,100,nlcapcaf-1
16965,100,jppfkjnh-1
16966,100,jokcabdl-1
16967,100,bhnklabo-1
16968,100,dcelcofk-1
16969,100,ihdkaadd-1
16970,100,gamoilfg-1
16971,100,ddlgjomh-1
16972,100,nffbegaj-1
16973,100,jplcjfai-1
16974,100,dbpfceji-1
16975,100,jojgmmhf-1
16976,100,jpdgenkj-1
16977,100,lhcigbkf-1
16978,100,jjbdncoe-1
16979,100,jfbnlncj-1
16980,100,fibijhcl-1
16981,100,gamodhcn-1
16982,100,aglpldlp-1
16983,100,ikmemppd-1
16984,100,fgnnpbig-1
16985,100,kdlnhoal-1
16986,100,nhjghkci-1
16987,100,mdnmebgh-1
16988,100,dbepiicg-1
16989,100,fhbhgfoj-1
16990,100,bhihdgfo-1
16991,100,jfdhbifm-1
16992,100,nbcjnikp-1
16993,100,gahhphaa-1
16994,100,jfbcnllm-1
16995,100,jbkpifci-1
16996,100,ddfdifgf-1
16997,100,naocpbel-1
16998,100,cbgeannj-1
16999,100,jkeefdfl-1
17000,100,dccdffkp-1
17001,100,necoloik-1
17002,100,fhdoddbc-1
17003,100,finfihii-1
17004,100,fghhpehm-1
17005,100,mdlaljkl-1
17006,100,fhjecibm-1
17007,100,jnllcldh-1
17008,100,aepldjmh-1
17009,100,fikllpod-1
17010,100,dbokoila-1
17011,100,igdahlmb-1
17012,100,jcmkblen-1
17013,100,meaegaoc-1
17014,100,gdgkhpjo-1
17015,100,jlhenbma-1
17016,100,mdeajhjj-1
17017,100,kaigmnnj-1
17018,100,bbmndhin-1
17019,100,kdjgkkml-1
17020,100,biehnejj-1
17021,100,aobbkjhp-1
17022,100,igaichmf-1
17023,100,ijbkokjn-1
17024,100,dghechjm-1
17025,100,fgpbchep-1
17026,100,fggikane-1
17027,100,nihnbmgm-1
17028,100,bidabghd-1
17029,100,dcmfhaae-1
17030,100,mdpnmhmg-1
17031,100,gdgdeeld-1
17032,100,aobmedba-1
17033,100,dddfhbno-1
17034,100,ohiedlcg-1
17035,100,gakkfeco-1
17036,100,oagafmji-1
17037,100,ikjhigob-1
17038,100,nihfnbcf-1
17039,100,dgiakaik-1
17040,100,dbomjimp-1
17041,100,jpdmhhlc-1
17042,100,cbgliene-1
17043,100,lofnnime-1
17044,100,agfgmeeo-1
17045,100,jfajicjh-1
17046,100,caofodll-1
17047,100,dcacaebe-1
17048,100,ikohagig-1
17049,100,lpeioena-1
17050,100,dgdifhid-1
17051,100,kdadeang-1
17052,100,dcinohio-1
17053,100,fgolcjbd-1
17054,100,nhggmadc-1
17055,100,dboichlp-1
17056,100,mebffpbg-1
17057,100,bibdaojm-1
17058,100,igbmjmgd-1
17059,100,joaflgpg-1
17060,100,ddepmmji-1
17061,100,nfhcikpn-1
17062,100,lofabele-1
17063,100,jlcfdkep-1
17064,100,necbbmdc-1
17065,100,dciggldj-1
17066,100,nhbmmllk-1
17067,100,bdhbcmkh-1
17068,100,jolidefj-1
17069,100,kakhbilh-1
17070,100,bffbbhgi-1
17071,100,noechhff-1
17072,100,fgmljjoh-1
17073,100,nooinolh-1
17074,100,aepnjjdj-1
17075,100,bcojmian-1
17076,100,jkkgnhnd-1
17077,100,dchjfblk-1
17078,100,dbdpoech-1
17079,100,jlbdkelh-1
17080,100,fhjlhcli-1
17081,100,neofkmol-1
17082,100,fkpgnole-1
17083,100,ikpimdbb-1
17084,100,bddfffll-1
17085,100,jbmgegie-1
17086,100,mcaphamh-1
17087,100,nigdmbcm-1
17088,100,ojgpemoc-1
17089,100,kaijognk-1
17090,100,biddjfcd-1
17091,100,jiigedaa-1
17092,100,dciihjcp-1
17093,100,fggnjemn-1
17094,100,mnigjioh-1
17095,100,fokkkdjo-1
17096,100,bbjpkfdl-1
17097,100,fpjgnjde-1
17098,100,gdepmmhd-1
17099,100,fhfoajfp-1
17100,100,jkjncklc-1
17101,100,jiocghdd-1
17102,100,dccedmmo-1
17103,100,moilhpne-1
17104,100,dcmfkhhc-1
17105,100,jjjenonf-1
17106,100,igeoogbl-1
17107,100,nenlepdm-1
17108,100,ikednhgo-1
17109,100,jlidanbp-1
17110,100,fhdogomc-1
17111,100,gdfnliod-1
17112,100,bfkdcadh-1
17113,100,gaikjhli-1
17114,100,fgbfbjhm-1
17115,100,jpdmohbd-1
17116,100,dccfohme-1
17117,100,fglppnec-1
17118,100,candgjhp-1
17119,100,jkpeeplg-1
17120,100,dddldpmn-1
17121,100,ijbjbepf-1
17122,100,galojedh-1
17123,100,agklocom-1
17124,100,gaffmpii-1
17125,100,oebcijjf-1
17126,100,gaehbaai-1
17127,100,aghkcjfe-1
