,class,cell
0,0,haigimgc-1
1,0,ocelkinj-1
2,0,glomohej-1
3,0,bipgdidb-1
4,0,haegbjih-1
5,0,bjloaopb-1
6,0,gmgaohca-1
7,0,bjbgkfmc-1
8,0,bjndifnl-1
9,0,bjfcmcfj-1
10,0,hadhncfk-1
11,0,gppgjnej-1
12,0,haebcllp-1
13,0,glgbipci-1
14,0,hagomejg-1
15,0,habkgiha-1
16,0,gpockoec-1
17,0,hajeakjc-1
18,0,glpiipmi-1
19,0,gpoclhfj-1
20,0,haanfnfm-1
21,0,bjapjkhc-1
22,0,bjocfhcc-1
23,0,hagcooaf-1
24,0,hacaldil-1
25,0,gmffmdfj-1
26,0,bjbbnkij-1
27,0,gmfdjkkg-1
28,0,cemmdadm-1
29,0,cemdphbk-1
30,0,hamiggma-1
31,0,cejeeoie-1
32,0,habahgof-1
33,0,cepnjnkp-1
34,0,gmfeibke-1
35,0,bjnoconf-1
36,0,bjkgkepp-1
37,0,bjjhdpee-1
38,0,cefjohme-1
39,0,bjknmpah-1
40,0,hacdijij-1
41,0,bjbbambp-1
42,0,bjndpoai-1
43,0,bjnjlpmp-1
44,0,hafggnbg-1
45,0,glpojbjn-1
46,0,bjfjlibi-1
47,0,haepmhjj-1
48,0,bjkhkofi-1
49,0,hamoaoml-1
50,0,gldceadi-1
51,0,hajkohci-1
52,0,glompaee-1
53,0,bjjbidbm-1
54,0,hakkmfca-1
55,0,hakejimb-1
56,0,gloijaoc-1
57,0,hadmmfbn-1
58,0,handdpid-1
59,0,bjkmekdf-1
60,0,bjondlch-1
61,0,hakhbpkd-1
62,0,bjllbodb-1
63,0,gmednopg-1
64,0,glepdnjg-1
65,0,bjfkjihn-1
66,0,bjfcmalj-1
67,0,hacghllc-1
68,0,bjgifhgk-1
69,0,bjncnocl-1
70,0,haekbala-1
71,0,haaihjpa-1
72,0,hakidlbn-1
73,0,celebhdo-1
74,0,bjncjkba-1
75,0,cemjldhk-1
76,0,hagdnokf-1
77,0,glgicglc-1
78,0,gleobipa-1
79,0,glepppii-1
80,0,bjomoeph-1
81,0,hagbeheo-1
82,0,hamcflpe-1
83,0,haaeimde-1
84,0,bjffinca-1
85,0,bjaheiig-1
86,0,hanfbade-1
87,0,bjledifm-1
88,0,ceklopbn-1
89,0,cepemofi-1
90,0,haaoedlh-1
91,0,cejjdlmf-1
92,0,glphhidm-1
93,0,gpoiklin-1
94,0,hanbemjj-1
95,0,bjgjdkkf-1
96,0,bjfdgdob-1
97,0,haaepghp-1
98,0,hajmoeca-1
99,0,celcllpf-1
100,0,hamaanfa-1
101,0,bjbggnbf-1
102,0,bjffjmef-1
103,0,bjjmjdem-1
104,0,bjbhlhoh-1
105,0,bjmbodji-1
106,0,bjbblbfi-1
107,0,cemdecid-1
108,0,bjnieoep-1
109,0,hambocgl-1
110,0,gmgnkhce-1
111,0,bjiojpid-1
112,0,haiiallh-1
113,0,hagkjdgl-1
114,0,bjlcinjd-1
115,0,hajdgmgb-1
116,0,bjgndbef-1
117,0,cefjeche-1
118,0,bjfimcih-1
119,0,hacbahah-1
120,0,hamkodkh-1
121,0,hajadpel-1
122,0,bipnfejn-1
123,0,bjppbfbi-1
124,0,glfagmdc-1
125,0,hacpiljf-1
126,0,glonpffn-1
127,0,gmenkiki-1
128,0,bjnfdfoh-1
129,0,gpoapcbb-1
130,0,haepobjo-1
131,0,hakphfmb-1
132,0,hahcmekk-1
133,0,gpakcnlh-1
134,0,bjglekal-1
135,0,glfmafap-1
136,0,haakfjea-1
137,0,bjobefeh-1
138,0,cemlccfj-1
139,0,hajbdfjc-1
140,0,bjlnigde-1
141,0,haaonjoj-1
142,0,haffhbgm-1
143,0,hamapccj-1
144,0,hadiinhh-1
145,0,bjkpagej-1
146,0,bjbgfjoj-1
147,0,celjbopa-1
148,0,cephodjg-1
149,0,gppmpppe-1
150,0,cejpcplg-1
151,0,hancdfck-1
152,0,hacmibgh-1
153,0,hajanimi-1
154,0,hagiefpf-1
155,0,celngjii-1
156,0,cejepcke-1
157,0,hamcgelo-1
158,0,gpoafldm-1
159,0,haaphepo-1
160,0,gldddgip-1
161,0,cejhheje-1
162,0,bjmllegp-1
163,0,bjipcnmp-1
164,0,cefmkloi-1
165,0,cemahfgf-1
166,0,bjlfknbg-1
167,0,bjapefhi-1
168,0,bjfikkci-1
169,0,cekdfnhc-1
170,0,bjnenndo-1
171,0,bjnkdjej-1
172,0,glfbgche-1
173,0,cfaigjio-1
174,0,bjmdmhin-1
175,0,haejcopf-1
176,0,habolode-1
177,0,gpoafceo-1
178,0,hajlpmoj-1
179,0,glgjdnkf-1
180,0,gloioakk-1
181,0,glgblifm-1
182,0,hagokela-1
183,0,gpppngad-1
184,0,bjjcccoj-1
185,0,haffgomp-1
186,0,habhpcni-1
187,0,hambhpbm-1
188,0,bjipjjlh-1
189,0,hacngjkg-1
190,0,cejlemkk-1
191,0,haefclmn-1
192,0,cefmelff-1
193,0,gmgfnjea-1
194,0,gmghopbj-1
195,0,bjaocnhi-1
196,0,hadicpim-1
197,0,gpabmopa-1
198,0,bjocigfm-1
199,0,hadepldi-1
200,0,bjpcpoce-1
201,0,bjonglfl-1
202,0,glgehdin-1
203,0,hahacakd-1
204,0,bjanbknh-1
205,0,ceipoajl-1
206,0,bjgigekp-1
207,0,cemeeaif-1
208,0,gmfhgbad-1
209,0,hacnmfnd-1
210,0,bjkhmbfb-1
211,0,celbbodf-1
212,0,glomioei-1
213,0,halmjdhg-1
214,0,glpanmei-1
215,0,hbeeaipo-1
216,0,glggdcfj-1
217,0,hamgdbcp-1
218,0,hacgpgcb-1
219,0,glcpekam-1
220,0,bipfcjgo-1
221,0,bjlkgebg-1
222,0,gpoamole-1
223,0,bjobffel-1
224,0,bjlnfhol-1
225,0,hafioilb-1
226,0,gmffmfho-1
227,0,celimokk-1
228,0,cejghmhm-1
229,0,bipicgbn-1
230,0,cekenhln-1
231,0,hagfolch-1
232,0,gmflmoib-1
233,0,bipldblo-1
234,0,bjljalpe-1
235,0,gmembkob-1
236,0,bjgoalen-1
237,0,hamaejkl-1
238,0,bjoihejh-1
239,0,bipmobdf-1
240,0,bjhmplhm-1
241,0,bjmcgepe-1
242,0,hannkonm-1
243,0,gmhbieaa-1
244,0,hakpabol-1
245,0,cefkdgmp-1
246,0,bjogobmh-1
247,0,habcgobf-1
248,0,biplphim-1
249,0,gmejdpdj-1
250,0,bjbgpcpo-1
251,0,gpocijoa-1
252,0,bjgobkcm-1
253,0,bjpejada-1
254,0,gmeppbjg-1
255,0,hahenkme-1
256,0,bipmfhki-1
257,0,bjknbknl-1
258,0,bjmekgcb-1
259,0,gmenonnj-1
260,0,gmeeknll-1
261,0,habalfpg-1
262,0,bjjngnag-1
263,0,haeaaege-1
264,0,hakhgbep-1
265,0,gmegfkml-1
266,0,habhnahj-1
267,0,celkhgog-1
268,0,cembbnoi-1
269,0,haecndhj-1
270,0,hagiehan-1
271,0,hahpnalh-1
272,0,glomfpei-1
273,0,glpndppf-1
274,0,bjmnhfmk-1
275,0,hafgeccn-1
276,0,hakcnnai-1
277,0,glpomilg-1
278,0,glpploip-1
279,0,celbepkp-1
280,0,cejcijjd-1
281,0,haklhjpd-1
282,0,hacfnkgb-1
283,0,halgalpf-1
284,0,ceinnenp-1
285,0,glcleohh-1
286,0,haghnpac-1
287,0,hamacdcd-1
288,0,bjhndekj-1
289,0,hadbkbkj-1
290,0,bjfjoeea-1
291,0,habpahaa-1
292,0,bipeabfc-1
293,0,hakkhkme-1
294,0,ocedbicb-1
295,0,bjlodcng-1
296,0,glcfpdbc-1
297,0,hakdlpaa-1
298,0,gpobkpnp-1
299,0,cemciipk-1
300,0,hakhmlej-1
301,0,glpphhbc-1
302,0,hamfkedp-1
303,0,bjmppiho-1
304,0,bipijomi-1
305,0,gmgjiedp-1
306,0,haifboef-1
307,0,bjnonoll-1
308,0,gmgbpllf-1
309,0,cepmlfii-1
310,0,bjbddagl-1
311,0,bjpmhllg-1
312,0,glfemlie-1
313,0,hagapkda-1
314,0,hanpbkpl-1
315,0,hangiedj-1
316,0,gppnabbc-1
317,0,hacdjlof-1
318,0,haficafm-1
319,0,celjhjal-1
320,0,hambmjpa-1
321,0,hahmpcma-1
322,0,bipnccck-1
323,0,hamkmjpo-1
324,0,glfdlkke-1
325,0,glfdpobe-1
326,0,hakkablg-1
327,0,bjhcpngk-1
328,0,bjmeojll-1
329,0,gpacgfgc-1
330,0,hagonlkh-1
331,0,handkleb-1
332,0,gpojblcl-1
333,0,bjppploe-1
334,0,ocedhbok-1
335,0,bjnldmep-1
336,0,celgnkpn-1
337,0,bjphfblf-1
338,0,halpbjmd-1
339,0,bjmcoehe-1
340,0,bjpmbdig-1
341,0,haffbomb-1
342,0,bjbgkmcf-1
343,0,hanbocfb-1
344,0,hagdpbhp-1
345,0,bjomkahh-1
346,0,hakhacfl-1
347,0,cepajenp-1
348,0,hamckeil-1
349,0,haajecgp-1
350,0,bjmfihai-1
351,0,bjoiocdn-1
352,0,bjnedall-1
353,0,bjbaggam-1
354,0,hadmncnf-1
355,0,bjamgkpm-1
356,0,bjhoalba-1
357,0,cefmhlea-1
358,0,hbeglpje-1
359,0,bjbfklod-1
360,0,bjpcjjbc-1
361,0,bjjgpbhe-1
362,0,cemomlpf-1
363,0,cefdoefc-1
364,0,celmmpel-1
365,0,haghnoeg-1
366,0,glpmpjfi-1
367,0,hahfkfdo-1
368,0,gldcmimp-1
369,0,hacohmhk-1
370,0,haehmgpm-1
371,0,bipdldcd-1
372,0,cejkejcg-1
373,0,haaiggpo-1
374,0,habeklle-1
375,0,gpakkgcc-1
376,0,bjmilocb-1
377,0,bjikgnlc-1
378,0,hajdnofk-1
379,0,hakkejad-1
380,0,hacfigfg-1
381,0,gmefmfgn-1
382,0,bjlgfnli-1
383,0,bjaadlid-1
384,0,haiakpce-1
385,0,habkkijp-1
386,0,gpocpjnj-1
387,0,bjnhaeik-1
388,0,gmhddhbf-1
389,0,gloofahg-1
390,0,biopfihg-1
391,0,gleopkla-1
392,0,bjiphpbe-1
393,0,bjgmccik-1
394,0,gmfeclil-1
395,0,gpaajdol-1
396,0,hamfjbdf-1
397,0,bkabnfkk-1
398,0,hamocjdd-1
399,0,bjimgpcb-1
400,0,gmfldkif-1
401,0,hacioogg-1
402,0,hanfebho-1
403,0,gmgciaha-1
404,0,bjabbcfi-1
405,0,cejnfdcn-1
406,0,bjkfhifm-1
407,0,bjppmdcp-1
408,0,cemcgdpi-1
409,0,hafianhm-1
410,0,bjfjjgdm-1
411,0,haindkcl-1
412,0,cepbikje-1
413,0,cepjfoih-1
414,0,hankbkdh-1
415,0,bjadeiak-1
416,0,cekffeha-1
417,0,hadmmiik-1
418,0,bjncjilk-1
419,0,cemcbafl-1
420,0,hadcaenj-1
421,0,hbcflcdn-1
422,0,halmkfkb-1
423,0,celndhnj-1
424,0,hakohcan-1
425,0,gmfdjffd-1
426,0,haagpekn-1
427,0,hangbbof-1
428,0,hagpekej-1
429,0,bjjmhphe-1
430,0,hahanafe-1
431,0,bjbafnjp-1
432,0,bjilhfkd-1
433,0,bjpecjbh-1
434,0,glfmehlc-1
435,0,haaaokic-1
436,0,hacpdope-1
437,0,bjgngmhb-1
438,0,haepojga-1
439,0,gmgillde-1
440,0,hallldfa-1
441,0,haedciim-1
442,0,hacomicp-1
443,0,cejpmgnk-1
444,0,bjljciem-1
445,0,bjknoblm-1
446,0,bkadcbph-1
447,0,cepalnfg-1
448,0,ceimncdn-1
449,0,habibcgp-1
450,0,haddingg-1
451,0,gpagbmna-1
452,0,bjhcfdjl-1
453,0,hajkoogp-1
454,0,haobahjb-1
455,0,gmgngkha-1
456,0,bjnbknej-1
457,0,halpgfej-1
458,0,hbcejkpl-1
459,0,gmejopgm-1
460,0,cepeoaja-1
461,0,haghbicd-1
462,0,glcmolhj-1
463,0,hadncogp-1
464,0,haemlklc-1
465,0,hagekjjo-1
466,0,bjamobbh-1
467,0,gpoajldm-1
468,0,gldeafih-1
469,0,cfaebiim-1
470,0,hakfchbi-1
471,0,bjojkhdg-1
472,0,gpobmjde-1
473,0,gloobjmh-1
474,0,bjafjnpj-1
475,0,hanijiin-1
476,0,bjadbebl-1
477,0,bjhmfcgm-1
478,0,gmcbfcbh-1
479,0,gpnljgfg-1
480,0,hacdgeae-1
481,0,hahcemgb-1
482,0,hahfjalo-1
483,0,hadgmfjo-1
484,0,haiapbnl-1
485,0,hafadmik-1
486,0,bjleoadf-1
487,0,gmffpbol-1
488,0,bjolpcga-1
489,0,glolfeee-1
490,0,bjhaleek-1
491,0,hakphchg-1
492,0,hakipgem-1
493,0,hallknhp-1
494,0,hadaachn-1
495,0,glpgfiki-1
496,0,hamfphml-1
497,0,hacepngg-1
498,0,cepbcmcf-1
499,0,bjjobmfk-1
500,0,hangejfc-1
501,0,bjhaflfn-1
502,0,cekifbpc-1
503,0,gmfepfba-1
504,0,bipohfpa-1
505,0,glcnemba-1
506,0,hagkmlfl-1
507,0,haoakilp-1
508,0,bjfjfhnf-1
509,0,hampjbol-1
510,0,hbeepeoj-1
511,0,bjpkclge-1
512,0,ceplfado-1
513,0,bjleggge-1
514,0,gldchikh-1
515,0,haiancej-1
516,0,bjnpbnjh-1
517,0,cemallaa-1
518,0,bipiiobi-1
519,0,gpamffmk-1
520,0,hajkdcjc-1
521,0,hacgmeff-1
522,0,bjbahiom-1
523,0,cedjomeg-1
524,0,bjofaaio-1
525,0,haidjmne-1
526,0,bjbdgala-1
527,0,bjjedaen-1
528,0,cepekcme-1
529,0,bjlcdpjp-1
530,0,glopgonp-1
531,0,haafnjng-1
532,0,haeincki-1
533,0,bjoccela-1
534,0,hakfjffc-1
535,0,bjmjfgbn-1
536,0,bjoeiaki-1
537,0,glpheabe-1
538,0,bkaacpgc-1
539,0,gpobbgkl-1
540,0,bjnpghdc-1
541,0,bipbkofi-1
542,0,haamiiap-1
543,0,bjlonokg-1
544,0,hafnodll-1
545,0,bipnhbfe-1
546,0,bjkkbijp-1
547,0,bjpdagke-1
548,0,gmeigicm-1
549,0,bjpbkbhg-1
550,0,cemkjjen-1
551,0,bjgmegck-1
552,0,bjfegfki-1
553,0,habgmbpe-1
554,0,bjaaiejo-1
555,0,bjncdcpf-1
556,0,hacgonbm-1
557,0,bjpblkmn-1
558,0,bjofjgoa-1
559,0,gmenpeoc-1
560,0,bipefmhj-1
561,0,hanfpmbl-1
562,0,glpoimgd-1
563,0,gmgnbgbp-1
564,0,gpnmdkhj-1
565,0,haakabkd-1
566,0,haghndlj-1
567,0,hagloohk-1
568,0,hadcbefm-1
569,0,hadldgal-1
570,0,bjjpidfc-1
571,0,haebbfnm-1
572,0,hafgoico-1
573,0,cepfbndi-1
574,0,gpnmaecj-1
575,0,bjnhdlje-1
576,0,bjlnbnkc-1
577,0,haaocaga-1
578,0,hajgkhkg-1
579,0,bjhclhak-1
580,0,celdhegk-1
581,0,hallhnbh-1
582,0,cemloeki-1
583,0,glgdngfm-1
584,0,ceppfiki-1
585,0,glgjaoil-1
586,0,bjkngfpo-1
587,0,bjnonbee-1
588,0,gmfkdefh-1
589,0,hafmkihc-1
590,0,hagjolgd-1
591,0,hakodhcn-1
592,0,bjklkclk-1
593,0,bjlhjfga-1
594,0,cemfpgpb-1
595,0,bjaibjlm-1
596,0,gmhcdnae-1
597,0,hadafjpf-1
598,0,glcnbdmo-1
599,0,glgeiigb-1
600,0,bipcgiak-1
601,0,bjnjgjlh-1
602,0,gmemnaii-1
603,0,gmgaihlc-1
604,0,cepjcjpi-1
605,0,haimhcao-1
606,0,bjanhfei-1
607,0,bjjnhomf-1
608,0,cefdhpmp-1
609,0,haiipeeo-1
610,0,cejhpmcm-1
611,0,cfacmjhn-1
612,0,glgbidci-1
613,0,gmgmahki-1
614,0,cefeflgc-1
615,0,hafeceif-1
616,0,hanenclg-1
617,0,hangajai-1
618,0,gmcbmnpp-1
619,0,haggjpep-1
620,0,hajdabda-1
621,0,gmgjcbeh-1
622,0,hagoimde-1
623,0,bionjnij-1
624,0,bjbhoani-1
625,0,bjaagllh-1
626,0,hakdlpfe-1
627,0,hakofepe-1
628,0,celiclpo-1
629,0,bjpbceon-1
630,0,haedahla-1
631,0,glgjangg-1
632,0,cefhldel-1
633,0,glcecnof-1
634,0,celdhbih-1
635,0,bjacneno-1
636,0,cfahgbjh-1
637,0,cepgiaan-1
638,0,hafbfmmc-1
639,0,hakjjcbn-1
640,0,hanmjoha-1
641,0,hadglghm-1
642,0,haiagead-1
643,0,cemmanaf-1
644,0,bjkjalmp-1
645,0,bionkiaf-1
646,0,bjpegmjl-1
647,0,bjolmabl-1
648,0,ceknalom-1
649,0,cekieldd-1
650,0,haadfabj-1
651,0,bjkhdbbm-1
652,0,hahokdea-1
653,0,haijnjgm-1
654,0,bipnaemf-1
655,0,bjaflnca-1
656,0,hanfcfgg-1
657,0,hakgdbmk-1
658,0,bjhbjfcb-1
659,0,bjmmiiaa-1
660,0,gpnmoihd-1
661,0,hagpgbdb-1
662,0,bjaapnec-1
663,0,haeofapl-1
664,0,hanefacn-1
665,0,haajmfga-1
666,0,hagpmlkc-1
667,0,bjplpcoo-1
668,0,cepkgmdg-1
669,0,cekcfine-1
670,0,glffhafh-1
671,0,glggcinj-1
672,0,gpaaoaad-1
673,0,bjjaalln-1
674,0,gmfliknh-1
675,0,gmfliphd-1
676,0,bjokjgbf-1
677,0,haeefeck-1
678,0,cekmaibp-1
679,0,glcpcoah-1
680,0,bipndfbf-1
681,0,bjpidipp-1
682,0,hamddhoc-1
683,0,bjopebdg-1
684,0,hafkkfkj-1
685,0,hajjnekh-1
686,0,cejfkbmo-1
687,0,hfeeloij-1
688,0,hafdlbjf-1
689,0,haadeeak-1
690,0,hahbhiag-1
691,0,gmgjbcab-1
692,0,haaofame-1
693,0,bjoajghg-1
694,30,gllcbbhh-1
695,30,hbabjofi-1
696,30,ocecikgi-1
697,30,bjenfocm-1
698,30,gldehmca-1
699,30,glcakpfb-1
700,30,bjnnkjeb-1
701,30,glfjaclh-1
702,30,gpmdpdff-1
703,30,gpaigmck-1
704,30,bjgobohp-1
705,30,gmildiaf-1
706,30,cfbicfjp-1
707,30,ochcmjoi-1
708,30,bjeoillk-1
709,30,glcdepfg-1
710,30,haljbhhl-1
711,30,gllapicl-1
712,30,hbdjiink-1
713,30,gmcpglmb-1
714,30,hbddaggi-1
715,30,gphncjmd-1
716,30,gpdbkhbm-1
717,30,hbaagpeh-1
718,30,kbbbpdnc-1
719,30,gmiigebi-1
720,30,gkihfakf-1
721,30,gjceikkb-1
722,30,bjdecnpc-1
723,30,gpblhjni-1
724,30,glkgkfbd-1
725,30,gmjlojca-1
726,30,glkebcic-1
727,30,gmchodai-1
728,30,cfcplcna-1
729,30,ceeakepg-1
730,30,gloahjmm-1
731,30,gpikeijn-1
732,30,ochjeokc-1
733,30,gpachbkg-1
734,30,gpejjmna-1
735,30,glhnibdb-1
736,30,glmdllgp-1
737,30,glkgaodc-1
738,30,hajfhadf-1
739,30,gmafhbfj-1
740,30,glmnjpja-1
741,30,glpgbbli-1
742,30,ceejdadc-1
743,30,hbedappa-1
744,30,cejcamdp-1
745,30,gpjibofb-1
746,30,heikjffn-1
747,30,hbboalok-1
748,30,cfcipccf-1
749,30,bjgcieoh-1
750,30,ceeapdpm-1
751,30,bjdfjmof-1
752,30,bjgappld-1
753,30,gldoneif-1
754,30,kamlnabf-1
755,30,gppefmii-1
756,30,gpcpncbd-1
757,30,hapabclb-1
758,30,gmbejdhj-1
759,30,gpfcicjb-1
760,30,cfbibcnd-1
761,30,ceibgpmk-1
762,30,bjghpkbj-1
763,30,gmhhhfek-1
764,30,hbanleak-1
765,30,bjihcbnc-1
766,30,glpbikoa-1
767,30,hapedina-1
768,30,gkjgmifo-1
769,30,hbcfppkc-1
770,30,hbeomink-1
771,30,ceodkkck-1
772,30,cefhfana-1
773,30,gpcpkgdl-1
774,30,glbgggea-1
775,30,bigiijgm-1
776,30,gkhnnibc-1
777,30,gphncpic-1
778,30,gppihipg-1
779,30,gpehaphg-1
780,30,haoohcop-1
781,30,glemgdie-1
782,30,gmfppfop-1
783,30,gkhmbbpd-1
784,30,cfbpcicf-1
785,30,gmhpjfgc-1
786,30,bjggfamm-1
787,30,bijhjnpc-1
788,30,gplpfign-1
789,30,cfcpdgib-1
790,30,hbcndkdk-1
791,30,glebnijk-1
792,30,bjibdeph-1
793,30,bjkcnhmf-1
794,30,kbcepcmj-1
795,30,gmbogiok-1
796,30,glbbpgkf-1
797,30,gldenpkc-1
798,30,hffdlleg-1
799,30,gpanfohh-1
800,30,gpboemkd-1
801,30,ocilpcjb-1
802,30,bjkheocp-1
803,30,gpnfpcko-1
804,30,bjhedobn-1
805,30,hbbkmpgg-1
806,30,gldkekfh-1
807,30,gmklmdgd-1
808,30,gpgifhdk-1
809,30,gldgfccg-1
810,30,hfemcnhl-1
811,30,gldhoagd-1
812,30,gkhjjelp-1
813,30,ocekgofi-1
814,30,hapbhnle-1
815,30,ocikppca-1
816,30,ceekogee-1
817,30,gpgdloif-1
818,30,hbdagefa-1
819,30,cedlpgnh-1
820,30,ocebbceg-1
821,30,hahgndgb-1
822,30,gpcgbpkf-1
823,30,cefgbhcj-1
824,30,glkbglio-1
825,30,gkjecmdh-1
826,30,bijehmlm-1
827,30,glapjogc-1
828,30,hbdlodhp-1
829,30,cfciggah-1
830,30,cejdkmep-1
831,30,gmcpimfe-1
832,30,gmdnhcjn-1
833,30,bjkbfali-1
834,30,glleembo-1
835,30,kccgehdc-1
836,30,bjgdmkln-1
837,30,bjaligee-1
838,30,glladnpi-1
839,30,gmkcelga-1
840,30,gpceejhd-1
841,30,hbadbdob-1
842,30,hekcaegp-1
843,30,halgepbi-1
844,30,glbejlpa-1
845,30,gljlgpmp-1
846,30,bjdcifpd-1
847,30,bjnoaldk-1
848,30,haliciki-1
849,30,bjejamkl-1
850,30,cfbjdmpm-1
851,30,glgjkglj-1
852,30,bijidloj-1
853,30,haonlfpf-1
854,30,gmccemlp-1
855,30,hbcmdgbn-1
856,30,bjegpkmk-1
857,30,hbemglbc-1
858,30,hbcpjcdi-1
859,30,haojafmk-1
860,30,cedlehhf-1
861,30,gldibjgn-1
862,30,gpfjdaji-1
863,30,ocdmhdoc-1
864,30,bjhdepki-1
865,30,gphehodl-1
866,30,hbbdimao-1
867,30,glnmldii-1
868,30,gkjffacb-1
869,30,gppanaaf-1
870,30,gpfgcdae-1
871,30,gldnfbhe-1
872,30,gpcoidlk-1
873,30,cfccjgph-1
874,30,cfcnbpel-1
875,30,glhkdcfm-1
876,30,hajnoiaf-1
877,30,glblgneo-1
878,30,gpdpgiin-1
879,30,gpgkddjp-1
880,30,gpdjcpng-1
881,30,hakcinip-1
882,30,cfbjcfin-1
883,30,gpeelbma-1
884,30,bjdedcnf-1
885,30,gliafogm-1
886,30,cfcdfmnj-1
887,30,gmjhlepe-1
888,30,gpgcgjol-1
889,30,gpcfdeha-1
890,30,ceoliclp-1
891,30,hbaglamg-1
892,30,bjhkapme-1
893,30,gpncpohd-1
894,30,gpikaemk-1
895,30,cejajmdk-1
896,30,cefiifhj-1
897,30,glhengoe-1
898,30,kbcajnpc-1
899,30,glamlddl-1
900,30,gleffpbd-1
901,30,gmfnoefj-1
902,30,gmdfaofa-1
903,30,gmedhdmf-1
904,30,gppgebhi-1
905,30,gpbbpaek-1
906,30,gmlmdcnl-1
907,30,gmcmipbf-1
908,30,gponmnii-1
909,30,hffgkdbb-1
910,30,gjbnidnm-1
911,30,gmhkpaob-1
912,30,heimbimm-1
913,30,cedebheo-1
914,30,cfacpipa-1
915,30,gpdbefjo-1
916,30,glpblhmn-1
917,30,gpabeaef-1
918,30,gmaocnnd-1
919,30,gmimmahi-1
920,30,gmcjbahi-1
921,30,cfheckko-1
922,30,gkilabib-1
923,30,glpbhjpe-1
924,30,gkjffdaj-1
925,30,hbdcpbmg-1
926,30,gmjadeal-1
927,30,cfgknmhd-1
928,30,bjegenpn-1
929,30,bjcpoajk-1
930,30,heipdllo-1
931,30,gmjgeepd-1
932,30,cednmmpn-1
933,30,gpnammak-1
934,30,gkipenbk-1
935,30,kamkmigc-1
936,30,glhkhpaj-1
937,30,gphccnpo-1
938,30,heiplahe-1
939,30,hekiodfj-1
940,30,hbbecmdh-1
941,30,gmgaeofg-1
942,30,bjbiagid-1
943,30,gpcmcmdj-1
944,30,bjefljko-1
945,30,kbackolc-1
946,30,gljmijfg-1
947,30,gpejjhdd-1
948,30,gmimmdhm-1
949,30,glbjapof-1
950,30,hekeapgk-1
951,30,gpnhplde-1
952,30,hbbpenil-1
953,30,glpeheip-1
954,30,gpblibhl-1
955,30,cedjhiba-1
956,30,hbeajlma-1
957,30,gldnppmo-1
958,30,kbagcpfc-1
959,30,kbbjenkk-1
960,30,bjflfddf-1
961,30,glglggjm-1
962,30,glhanfld-1
963,30,ochpjgbk-1
964,30,cfbpnojf-1
965,30,ocdnjdik-1
966,30,hbcikpom-1
967,30,kanabial-1
968,30,gmlkgiji-1
969,30,hbdegbhj-1
970,30,hbegnbaa-1
971,30,gpeffope-1
972,30,gpcinlle-1
973,30,glnmemob-1
974,30,gpjeamoh-1
975,30,hbdhinpi-1
976,30,glhemejp-1
977,30,glbkmihj-1
978,30,gmdjoeko-1
979,30,gphmooha-1
980,30,gppfphfj-1
981,30,glkodlab-1
982,30,glmgmdnh-1
983,30,kancmgkf-1
984,30,gpeekoon-1
985,30,gmanmnjf-1
986,30,hekgcpae-1
987,30,gpeanolk-1
988,30,hbbkclba-1
989,30,gmgpokjl-1
990,30,glbldnpd-1
991,30,gpnleiep-1
992,30,gpdlapbb-1
993,30,glodnkha-1
994,30,gkjcbjjc-1
995,30,kamibjfo-1
996,30,glmpoing-1
997,30,hbdmfgpl-1
998,30,gmfomkjj-1
999,30,kamfpagf-1
1000,30,cedknbhd-1
1001,30,gpgemfom-1
1002,30,kanjmngf-1
1003,30,gpefdpaf-1
1004,30,gmlliojo-1
1005,30,gloifoim-1
1006,30,hbagkeba-1
1007,30,gpnnboap-1
1008,30,gpgfkcad-1
1009,30,cedeglho-1
1010,30,haplpokk-1
1011,30,cfbjiepo-1
1012,30,gppiaodm-1
1013,30,glangebp-1
1014,30,ochcmfke-1
1015,30,gpbeffgj-1
1016,30,kamffjpn-1
1017,30,hbacjiaa-1
1018,30,gmjgogph-1
1019,30,gpcnafgn-1
1020,30,hbbnoaol-1
1021,30,glhdddee-1
1022,30,hajnlffm-1
1023,30,gmkecbmh-1
1024,30,glkbdmbk-1
1025,30,gmbidbgm-1
1026,30,gmjjbmkl-1
1027,30,gkhklcnm-1
1028,30,gmaphhnk-1
1029,30,glbpncoj-1
1030,30,gkifmpkd-1
1031,30,gmdpaefi-1
1032,30,hakdagii-1
1033,30,hbcmknih-1
1034,30,gpddghgh-1
1035,30,gpfcllab-1
1036,30,gmeaahhd-1
1037,30,glcipbna-1
1038,30,gmjpkfbj-1
1039,30,ocdmhihd-1
1040,30,kbcgaeib-1
1041,30,heilbjfo-1
1042,30,gldkjnng-1
1043,30,cfadakld-1
1044,30,gmkfphgj-1
1045,30,gldhimoe-1
1046,30,gpjggcmb-1
1047,30,hbacoagm-1
1048,30,glaoncij-1
1049,30,kbahiglp-1
1050,30,kbbbghmj-1
1051,30,halgdane-1
1052,30,hekflnhd-1
1053,30,gmaldaea-1
1054,30,bjkbgaon-1
1055,30,haojibdb-1
1056,30,gphlgmbb-1
1057,30,gmlmlpcd-1
1058,30,ocekcijh-1
1059,30,gmdiafnd-1
1060,30,kamcndbc-1
1061,30,glcogddm-1
1062,30,ochkdmfg-1
1063,30,cfadphfp-1
1064,30,gmjblpbg-1
1065,30,biihplnf-1
1066,30,gmjnmkjf-1
1067,30,gppjpmpo-1
1068,30,hbafonpl-1
1069,30,bigjchcb-1
1070,30,gkikpcle-1
1071,30,hajpmlip-1
1072,30,hahjbcfm-1
1073,30,gmbcpfpd-1
1074,30,gmjobfhi-1
1075,30,glnbenad-1
1076,30,glhhfokb-1
1077,30,gpighmga-1
1078,30,bjocfonj-1
1079,30,gmkdhnho-1
1080,30,glmflfma-1
1081,30,gpgefkok-1
1082,30,hbaclcff-1
1083,30,gldpbgbc-1
1084,30,gmcnahbg-1
1085,30,cfchikoc-1
1086,30,halifgnf-1
1087,30,hbbjgaoc-1
1088,30,glhknakk-1
1089,30,kbbdakmo-1
1090,30,ocjaadje-1
1091,30,bjellbof-1
1092,30,gmhhigmc-1
1093,30,gmjgcogm-1
1094,30,gmjeflpm-1
1095,30,gloehdee-1
1096,30,hhnlammf-1
1097,30,glhdcpog-1
1098,30,glfjpiba-1
1099,30,hbefgnoo-1
1100,30,glnhbdpd-1
1101,30,gmcfkhon-1
1102,30,hbdecklf-1
1103,30,gldnfcne-1
1104,30,gpmdloja-1
1105,30,gmjmljjb-1
1106,30,gmbcpghi-1
1107,30,gpcbdjom-1
1108,30,gmjpfjjd-1
1109,30,hbdfinag-1
1110,30,bjbkahbe-1
1111,30,hbddpjnj-1
1112,30,hbbmfafo-1
1113,30,glbbbgdd-1
1114,30,glleiikl-1
1115,30,gkihlbkl-1
1116,30,glkglbpl-1
1117,30,bjieknao-1
1118,30,bjflgdnh-1
1119,30,gmilkano-1
1120,30,ocegdeol-1
1121,30,haoljmeg-1
1122,30,glmhamaf-1
1123,30,gphepcgk-1
1124,30,biidieej-1
1125,30,gmcadajc-1
1126,30,gpibgkhp-1
1127,30,gppdfilo-1
1128,30,gmihncnd-1
1129,30,gmkdihjd-1
1130,30,gpclldah-1
1131,30,gpegcdhj-1
1132,30,cfcdfmag-1
1133,30,gpbcnakn-1
1134,30,gmlnblfd-1
1135,30,gpifgahl-1
1136,30,gpjhfmbd-1
1137,30,gmdfochf-1
1138,30,glapdmhe-1
1139,30,hbbpajgj-1
1140,30,hakmhpkm-1
1141,30,cednmdjp-1
1142,30,hbchgplg-1
1143,30,glefbcob-1
1144,30,glfedpee-1
1145,30,gpfaofgj-1
1146,30,gpepgnba-1
1147,30,hapghpea-1
1148,30,gpefmepf-1
1149,30,gpbkhlcp-1
1150,30,hbajcehn-1
1151,30,ocefjbcd-1
1152,30,hekcaffe-1
1153,30,gmdfofhe-1
1154,30,glngalfm-1
1155,30,gmkofceg-1
1156,30,gmdhencm-1
1157,30,glbglide-1
1158,30,glnicnlg-1
1159,30,ocikanah-1
1160,30,gkjmfalh-1
1161,30,gpgijfdg-1
1162,30,haknlpbl-1
1163,30,glcghmkm-1
1164,30,glicjknc-1
1165,30,glpnbkaf-1
1166,30,hbehdjil-1
1167,30,bigjoomm-1
1168,30,bjhibnak-1
1169,30,glfkeakk-1
1170,30,gpejoikj-1
1171,30,gpaedhkl-1
1172,30,bjhhdlgp-1
1173,30,gmbohlil-1
1174,30,gmagajmo-1
1175,30,haokdbfn-1
1176,30,gppagdkd-1
1177,30,bjhkgnab-1
1178,30,gpmeboid-1
1179,30,hekipfoi-1
1180,30,ocgofepd-1
1181,30,gpfnmjgk-1
1182,30,hahfkibl-1
1183,30,gkjfkbim-1
1184,30,gkiinjdf-1
1185,30,glnialnm-1
1186,30,gmbfkana-1
1187,30,gmgpekaj-1
1188,30,gldnohjj-1
1189,30,glnngoga-1
1190,30,cfcgfdjm-1
1191,30,gldkkdaf-1
1192,30,glnhobhe-1
1193,30,bjepefma-1
1194,30,gphkbagn-1
1195,30,hbdhbcmn-1
1196,30,hbabghon-1
1197,30,hbdkoipm-1
1198,30,cfhdiich-1
1199,30,gkikkfal-1
1200,30,hajnjdei-1
1201,30,hbcbegjh-1
1202,30,gkibaeef-1
1203,30,hbdddmmj-1
1204,30,glmiokni-1
1205,30,hbekedpn-1
1206,30,hbbaeaic-1
1207,30,ocikpfnn-1
1208,30,gpcdhhbj-1
1209,30,biiicige-1
1210,30,glnakbfk-1
1211,30,kameillo-1
1212,30,heipgabf-1
1213,30,hekglloe-1
1214,30,bjdcdcji-1
1215,30,gmipfcbl-1
1216,30,gmkjlhpb-1
1217,30,gjbpcgjb-1
1218,30,ceeglnig-1
1219,30,gmldfbcf-1
1220,30,gmaehfmc-1
1221,30,gpcnfkab-1
1222,30,kapncfko-1
1223,30,bjhichao-1
1224,30,hbchbnfg-1
1225,30,glofphpp-1
1226,30,hbdkkepd-1
1227,30,gmdiolap-1
1228,30,hbcehpgd-1
1229,30,glenggfd-1
1230,30,kbchdceb-1
1231,30,glnbghjn-1
1232,30,gldbpbdm-1
1233,30,gmceabhd-1
1234,30,gppiinnc-1
1235,30,gmlciojp-1
1236,30,gpippekp-1
1237,30,cfboiadf-1
1238,30,gpdggiec-1
1239,30,gmklfkbg-1
1240,30,ocibkokl-1
1241,30,kamgkplf-1
1242,30,gmlbokej-1
1243,30,ocichndk-1
1244,30,glflepfk-1
1245,30,hapejnfl-1
1246,30,hbcoafml-1
1247,30,gpcbdogj-1
1248,30,hahgjbkd-1
1249,30,gmajhndm-1
1250,30,glnchobd-1
1251,30,glpbfkdk-1
1252,30,glengmpj-1
1253,30,hbbjdknh-1
1254,30,gpckcoan-1
1255,30,ochdfofm-1
1256,30,cepbnbfn-1
1257,30,gmcglbbd-1
1258,30,gmkolkoj-1
1259,30,hbednhmg-1
1260,30,glnkhean-1
1261,30,cfcppjhg-1
1262,30,cfbpnomh-1
1263,30,gmaegmgo-1
1264,30,hffigfbb-1
1265,30,hfefhjcp-1
1266,30,cefdfboe-1
1267,30,hbcpepaf-1
1268,30,ocelochi-1
1269,30,glbgjbia-1
1270,30,glcigbif-1
1271,30,gldjfhdn-1
1272,30,gpmekcmm-1
1273,30,ceefbkgh-1
1274,30,ceeihnog-1
1275,30,gmileeic-1
1276,30,glkbmlgi-1
1277,30,kbchhaka-1
1278,30,hapmjkbc-1
1279,30,gppbafdj-1
1280,30,glbojbgi-1
1281,30,gphegjok-1
1282,30,gpdodomo-1
1283,30,kapmlbli-1
1284,30,gpokbafd-1
1285,30,hbakfpdo-1
1286,30,gmjfmmaj-1
1287,30,bjfabono-1
1288,30,gmdcidco-1
1289,30,bigdfgcf-1
1290,30,gmimpmho-1
1291,30,gpbdkbfo-1
1292,30,gmkgpfkk-1
1293,30,glmpljek-1
1294,30,gmkfjahf-1
1295,30,gmkhgmkj-1
1296,30,gpcnoheo-1
1297,30,gmeclicf-1
1298,30,hbapdjom-1
1299,30,haoncifd-1
1300,30,glbdjifk-1
1301,30,gmldpgef-1
1302,30,bjgfhebd-1
1303,30,gmaodpdp-1
1304,30,hbamofnp-1
1305,30,kbadjkpp-1
1306,30,gmdkkajn-1
1307,30,glmppemb-1
1308,30,gmajfhcf-1
1309,30,kamdfolj-1
1310,30,bifpkgjk-1
1311,30,bjenokhk-1
1312,30,glhabcde-1
1313,30,hbcfpgek-1
1314,30,gmlcbdkg-1
1315,30,gpdoiomo-1
1316,30,ocikclhe-1
1317,30,bigpdmbm-1
1318,30,hbdfjdkh-1
1319,30,cfccnlfe-1
1320,30,gmfodioo-1
1321,30,gmdcgbba-1
1322,30,ceekagmc-1
1323,30,gldliigb-1
1324,30,gmhlnmbg-1
1325,30,glofdhnb-1
1326,30,gpndekad-1
1327,30,glhphhbg-1
1328,30,cfhemcon-1
1329,30,cedmiaeg-1
1330,30,gpbepkek-1
1331,30,gpfjgaip-1
1332,30,hffdkbjn-1
1333,30,gjefenhm-1
1334,30,gpgmpddm-1
1335,30,bjhihdio-1
1336,30,glcdomen-1
1337,30,gpdiolfg-1
1338,30,glmmeche-1
1339,30,kbaibcja-1
1340,30,haofmloh-1
1341,30,hekegmhh-1
1342,30,glhbfjgb-1
1343,30,cedlbomc-1
1344,30,gliglbeo-1
1345,30,bjflbcah-1
1346,30,ochfljcb-1
1347,30,gpgbgmph-1
1348,30,hbckogco-1
1349,30,bjakimlb-1
1350,30,hbaomjnp-1
1351,30,kbabigke-1
1352,30,gpckhbom-1
1353,30,gpemdbkk-1
1354,30,hejochic-1
1355,30,gpdgiikh-1
1356,30,glmekceh-1
1357,30,gpehfedb-1
1358,30,cedhnpcb-1
1359,30,gldpcmhg-1
1360,30,glkpnkch-1
1361,30,kbcgoimp-1
1362,30,glcimlml-1
1363,30,hahjdpni-1
1364,30,bjgllebm-1
1365,30,gmkhmdgb-1
1366,30,bjdgcldd-1
1367,30,gpbaclnh-1
1368,30,gmiadhgk-1
1369,30,gpjfmnme-1
1370,30,gkjkbbcj-1
1371,30,cfbpacgi-1
1372,30,gmamggnp-1
1373,30,gpcmcdpb-1
1374,30,bjdffkgo-1
1375,30,gkhilccj-1
1376,30,glekjoea-1
1377,30,ocemkikf-1
1378,30,gliakpna-1
1379,30,hffmdmbi-1
1380,30,gmcdolof-1
1381,30,haoofofb-1
1382,30,glkdkofl-1
1383,30,glmgmlke-1
1384,30,hemdnbkh-1
1385,30,gmchcngd-1
1386,30,haobnlnb-1
1387,30,gmilfgek-1
1388,30,gpbpfmca-1
1389,30,bigdlojn-1
1390,30,bigalkba-1
1391,30,gpcnngei-1
1392,30,glkagibj-1
1393,30,bjfbbokp-1
1394,30,gmhjohjl-1
1395,30,bjifbpdh-1
1396,30,gmhidlnd-1
1397,30,gpbfiamk-1
1398,30,bigfnbel-1
1399,30,kbbebogi-1
1400,30,glmoocgc-1
1401,30,gmancgjd-1
1402,30,cepcicaf-1
1403,30,kbaeikhd-1
1404,30,gkibejld-1
1405,30,glmpjcip-1
1406,30,kancojfp-1
1407,30,gmbonfab-1
1408,30,gpeecigc-1
1409,30,ochnaafl-1
1410,30,gjceamdi-1
1411,30,bjgdphnc-1
1412,30,bjkfcpec-1
1413,30,glejnemf-1
1414,30,gljmjnbn-1
1415,30,ceeamchm-1
1416,30,glpeliko-1
1417,30,hbbfedel-1
1418,30,glcfnlkk-1
1419,30,glofkeho-1
1420,30,gpbkjakf-1
1421,30,bigojigc-1
1422,30,glicgijj-1
1423,30,gpelmhfm-1
1424,30,hahoeemk-1
1425,30,bjgebjhk-1
1426,30,heimaohm-1
1427,30,gppepcja-1
1428,30,gpfbfhoc-1
1429,30,kbcmlcck-1
1430,30,gmdcfhpf-1
1431,30,glbegolo-1
1432,30,hbamnpfn-1
1433,30,gkiodadk-1
1434,30,hbbbameh-1
1435,30,glbjoclp-1
1436,30,gmlhgjab-1
1437,30,ceffhhph-1
1438,30,hbblgghm-1
1439,30,kamdfnbe-1
1440,30,kccdfmbe-1
1441,30,glkhjkbf-1
1442,30,gldnmgpo-1
1443,30,cedoacen-1
1444,30,bjjobpbg-1
1445,30,gphigjcg-1
1446,30,gmknffid-1
1447,30,gpfagpck-1
1448,30,glbkfenh-1
1449,30,kbahblfg-1
1450,30,heigoiko-1
1451,30,hbeifelj-1
1452,30,gppjnmfl-1
1453,30,ceofekfa-1
1454,30,gpgdlilc-1
1455,30,gmljmnpo-1
1456,30,cefcdfjm-1
1457,30,kbbbifea-1
1458,30,gmliilhe-1
1459,30,ochpdklm-1
1460,30,bjaklaej-1
1461,30,ockhdmko-1
1462,30,hbeoplcl-1
1463,30,hapchejn-1
1464,30,kanjehgb-1
1465,30,haphmggj-1
1466,30,gkhhoenj-1
1467,30,hekdaili-1
1468,30,gpckbiag-1
1469,30,glknkhbh-1
1470,30,gpglhbhd-1
1471,30,glhgooob-1
1472,30,glihhfgg-1
1473,30,halgbajk-1
1474,30,gpfbjecj-1
1475,30,gppmhnmo-1
1476,30,hapbicmc-1
1477,30,gkifogoe-1
1478,30,bjajneef-1
1479,30,gmhfipmn-1
1480,30,bjinjnlj-1
1481,30,gpbcaflf-1
1482,30,gmhakfgp-1
1483,30,gpclnnfh-1
1484,30,gphccmpm-1
1485,30,bjkchlne-1
1486,30,hahhilpp-1
1487,30,gjcapgfe-1
1488,30,hbebglmk-1
1489,30,gpcpdaac-1
1490,30,kbbobnmd-1
1491,30,bjdcjgnb-1
1492,30,glnfapke-1
1493,30,gpcfddpn-1
1494,30,gloklobk-1
1495,30,bjemjinc-1
1496,30,glhhmnmj-1
1497,30,haobjhdc-1
1498,30,gmhkinck-1
1499,30,gpdamiel-1
1500,30,gpfgdfgi-1
1501,30,gmaibeih-1
1502,30,hbaepbhn-1
1503,30,gpidenmm-1
1504,30,hapdljck-1
1505,30,gmddoekb-1
1506,30,gmbdfkoi-1
1507,30,hbdpdopf-1
1508,30,bjfllnoj-1
1509,30,glclhgge-1
1510,30,gldlbbjm-1
1511,30,gpicdeno-1
1512,30,bjfohkmi-1
1513,30,gmldpnmf-1
1514,30,gpolcihk-1
1515,30,gmcciogi-1
1516,30,glpbabab-1
1517,30,gpghlpok-1
1518,30,glehbpll-1
1519,30,glpdmodi-1
1520,30,gmhnkhej-1
1521,30,bjhkeacg-1
1522,30,gpgnbjgg-1
1523,30,gmaklana-1
1524,30,gmdhhaje-1
1525,30,biifeoeo-1
1526,30,hbboikep-1
1527,30,gmailijl-1
1528,30,glejhjnh-1
1529,30,cfbnjbdk-1
1530,30,gpbphmlj-1
1531,30,glnlgihn-1
1532,30,hejomhmo-1
1533,30,gldbagcd-1
1534,30,ochdlilo-1
1535,30,gliepcmi-1
1536,30,biggogae-1
1537,30,gpdednhi-1
1538,30,glmpcbnn-1
1539,30,ochmapbc-1
1540,30,gkhpekil-1
1541,30,gmalijkd-1
1542,30,cfgmejkc-1
1543,30,glfjinmh-1
1544,30,gmbbnmid-1
1545,30,haophbfm-1
1546,30,hakbacfn-1
1547,30,gpgnpcnc-1
1548,30,gppmjcej-1
1549,30,bjalcaad-1
1550,30,gpbmbffp-1
1551,30,glicfklk-1
1552,30,gpfeidoc-1
1553,30,gmkncekg-1
1554,30,gmcgfpkj-1
1555,30,bjghimfo-1
1556,30,ceooccck-1
1557,30,hbbgknlj-1
1558,30,kamlilai-1
1559,30,gmcoemgh-1
1560,30,gpmpjhhj-1
1561,30,cfcnpnjp-1
1562,30,hfeddmic-1
1563,30,gjcciikf-1
1564,30,gkibnieh-1
1565,30,gliakmjo-1
1566,30,glhpckkg-1
1567,30,gmecahga-1
1568,30,gpnehehn-1
1569,30,ociakmeg-1
1570,30,haopbpjf-1
1571,30,gmkjinhi-1
1572,30,glnbaehc-1
1573,30,gpphpfnj-1
1574,30,gmienkgj-1
1575,30,hekcphnp-1
1576,30,bjkbicep-1
1577,30,gppmkbjj-1
1578,30,ceoemiec-1
1579,30,gmkfmpoa-1
1580,30,cfcggmfm-1
1581,30,gpibnbak-1
1582,30,cfcfckap-1
1583,30,glbcfhid-1
1584,30,glkjfhbd-1
1585,30,kbbkcigk-1
1586,30,hfeeimgp-1
1587,30,ceejgopp-1
1588,30,hapcicpo-1
1589,30,hbeckapo-1
1590,30,hapnfgnf-1
1591,30,gllbnmio-1
1592,30,hbccengn-1
1593,30,bjeocomj-1
1594,30,gmcobkfp-1
1595,30,cfcccofm-1
1596,30,gmdejdci-1
1597,30,gphjefnp-1
1598,30,heinjphh-1
1599,30,glkbmnlc-1
1600,30,hbalkmai-1
1601,30,hfelhhkp-1
1602,30,gljmdlog-1
1603,30,gkjfecee-1
1604,30,bigggibe-1
1605,30,gkjemoec-1
1606,30,glhioooa-1
1607,30,gmbhonlb-1
1608,30,gllhhghl-1
1609,30,gmdeagfm-1
1610,30,glbfdpim-1
1611,30,ceffolfg-1
1612,30,hbcfpljm-1
1613,30,hajplfea-1
1614,30,gmjpglli-1
1615,30,glcbinel-1
1616,30,gmalicpi-1
1617,30,gpccclga-1
1618,30,gpdfakpk-1
1619,30,heilpifh-1
1620,30,gmbhakdn-1
1621,30,ochohfgf-1
1622,30,gmhnhfhd-1
1623,30,gmbgjmmm-1
1624,30,glgkjfff-1
1625,30,glcigafn-1
1626,30,glnpfiac-1
1627,30,biggdean-1
1628,30,ochkglcb-1
1629,30,glbifmmk-1
1630,30,hbalbpal-1
1631,30,ceffmadn-1
1632,30,glhaoohp-1
1633,30,gpfjofnl-1
1634,30,glmgpmml-1
1635,30,gmapkddg-1
1636,30,glnijjcl-1
1637,30,ochkaddm-1
1638,30,haoefodd-1
1639,30,ocekinhe-1
1640,30,hbbijfej-1
1641,30,glbmibno-1
1642,30,gmhgaema-1
1643,30,gmeaippl-1
1644,30,gmkmglob-1
1645,30,hbbhdbkj-1
1646,30,hahnclng-1
1647,30,gpdeokpo-1
1648,30,bjaikllf-1
1649,30,kbclppda-1
1650,30,gpfjldgp-1
1651,30,gkjapgjo-1
1652,30,glgmdlmc-1
1653,30,hbblbhbl-1
1654,30,gpijncle-1
1655,30,kbaohjbn-1
1656,30,ocejfbpc-1
1657,30,oceaonmh-1
1658,30,halgobjj-1
1659,30,hbchjnkn-1
1660,30,glbaimaj-1
1661,30,bjihhldd-1
1662,30,glfhcebd-1
1663,30,gkhodnid-1
1664,30,hbafhjam-1
1665,30,glnnjinc-1
1666,30,ceoojgph-1
1667,30,glhaddkf-1
1668,30,ceepjnpe-1
1669,30,gmjhdbmm-1
1670,30,ocimegkc-1
1671,30,hapnnkce-1
1672,30,kbadilli-1
1673,30,bigfdeol-1
1674,30,hbdpiejo-1
1675,30,gmidgbeg-1
1676,30,ceefkhim-1
1677,30,glkpeocc-1
1678,30,halkelih-1
1679,30,hekcojfk-1
1680,30,gpdmgeej-1
1681,30,gpjafafd-1
1682,30,cfbjdjgl-1
1683,30,glbmeehj-1
1684,30,gmabgfje-1
1685,30,gppjdbnn-1
1686,30,cfccfikp-1
1687,30,gkipedll-1
1688,30,gjcaaohb-1
1689,30,gpfoomkk-1
1690,30,glekmicm-1
1691,30,bjgokhkb-1
1692,30,gmjdhbgj-1
1693,30,gkiakaeb-1
1694,30,gppldihm-1
1695,30,kbakgjfh-1
1696,30,kbbkpbng-1
1697,30,oclbfolg-1
1698,30,gmkblmnf-1
1699,30,hbddpelp-1
1700,30,bigklcja-1
1701,30,gpdldldn-1
1702,30,gloaajpd-1
1703,30,bjggbdmo-1
1704,30,gkjcahcj-1
1705,30,gpbbpiho-1
1706,30,gliigbkk-1
1707,30,glmcdflk-1
1708,30,kbbiejni-1
1709,30,glfkcmoh-1
1710,30,gligpnoj-1
1711,30,gpeibdki-1
1712,30,cfgndadk-1
1713,30,ocekecfh-1
1714,30,gpbippib-1
1715,30,ocgpppdm-1
1716,30,gpooflep-1
1717,30,hbcoijdc-1
1718,30,kbbjkigf-1
1719,30,hfekjfik-1
1720,30,gpciakoh-1
1721,30,gmklejod-1
1722,30,bjinpcde-1
1723,30,gldpfjid-1
1724,30,ocemebng-1
1725,30,gpfedcjb-1
1726,30,hbcedpfo-1
1727,30,hbadmnmo-1
1728,30,gmknfond-1
1729,30,oceilhed-1
1730,30,heinblbh-1
1731,30,bjijajdl-1
1732,30,gmkalikl-1
1733,30,gpglaeme-1
1734,30,heinkgjl-1
1735,30,gpcpmleh-1
1736,30,ochgebld-1
1737,30,gpidgckj-1
1738,30,haogngfp-1
1739,30,ocecmhaj-1
1740,30,gpcogaol-1
1741,30,bjhdnjmi-1
1742,30,gpmndjli-1
1743,30,cedlhebc-1
1744,30,gpdnmgfb-1
1745,30,kammamhh-1
1746,30,gldopebl-1
1747,30,bjcoompo-1
1748,30,glmcldpk-1
1749,30,gpjidlmd-1
1750,30,kapndhmp-1
1751,30,heifnlhh-1
1752,30,kamhbdkk-1
1753,30,bjakpjlm-1
1754,30,gmicfgdi-1
1755,30,gpfgmhjm-1
1756,30,gpfkikoi-1
1757,30,glkhaiia-1
1758,30,bjkaeomg-1
1759,30,gkhkjlpg-1
1760,30,gmcigboi-1
1761,30,glbenpim-1
1762,30,hbadddde-1
1763,30,kancjdbp-1
1764,30,gldhfbfo-1
1765,30,gkjediid-1
1766,30,gmhpdfgj-1
1767,30,haogipfm-1
1768,30,cedekmkb-1
1769,30,gpooibik-1
1770,30,hbbbkeop-1
1771,30,hbdmghjf-1
1772,30,bignhbfi-1
1773,30,cedhhmoa-1
1774,30,gpginkhg-1
1775,30,cfboljgn-1
1776,30,gpepdcll-1
1777,30,hapmfibh-1
1778,30,gmjpknon-1
1779,30,gpmpnbab-1
1780,30,gkhkpbfa-1
1781,30,kbbagpmb-1
1782,30,ceebilpl-1
1783,30,hahlpndm-1
1784,30,hbaphpkd-1
1785,30,ocioonca-1
1786,30,hfekcpli-1
1787,30,glnjeppk-1
1788,30,hakmgabl-1
1789,30,gmafbgkd-1
1790,30,gpokbhfh-1
1791,30,haoiblko-1
1792,30,gloafhni-1
1793,30,gpchfpal-1
1794,30,hffjpkmp-1
1795,30,cfbhagei-1
1796,30,gliccgkc-1
1797,30,gpbkkaej-1
1798,30,oceioknm-1
1799,30,cefdhecn-1
1800,30,glmhchpd-1
1801,30,gmjdgacm-1
1802,30,glblbjdc-1
1803,30,bjilgjoo-1
1804,30,gmlagdmi-1
1805,30,glblfejd-1
1806,30,halhjobf-1
1807,30,bighjfjj-1
1808,30,gmcmppnl-1
1809,30,bkabdafk-1
1810,30,glklgbjg-1
1811,30,gkjanpjc-1
1812,30,hbennkpn-1
1813,30,gmjakdop-1
1814,30,glegipah-1
1815,30,gkhkdfcb-1
1816,30,gmbmlpao-1
1817,30,ceekjiak-1
1818,30,hemeaofg-1
1819,30,ceenfodg-1
1820,30,hbcnpkmo-1
1821,30,glodocbd-1
1822,30,gmchlnnk-1
1823,30,cfbniebn-1
1824,30,bjeplhnh-1
1825,30,ceeoibhh-1
1826,30,hakmjpdc-1
1827,30,gpelnhbh-1
1828,30,glkplapj-1
1829,30,hemejnoe-1
1830,30,glnhhfkc-1
1831,30,ocdmmndp-1
1832,30,bjoeofmn-1
1833,30,cfgoclae-1
1834,30,ceehjgeo-1
1835,30,bjkdenan-1
1836,30,gpbbppec-1
1837,30,hfededjk-1
1838,30,hbbpmfpg-1
1839,30,glejoada-1
1840,30,haoifhdn-1
1841,30,oclakpgk-1
1842,30,hejoejbd-1
1843,30,hbdlgoio-1
1844,30,bjhdombd-1
1845,30,ocejihnn-1
1846,30,bjelldie-1
1847,30,gpeiikjo-1
1848,30,ociknjpl-1
1849,30,gpdnkini-1
1850,30,gpfnlmpj-1
1851,30,hahilkpe-1
1852,30,hakllaak-1
1853,30,glhgpepd-1
1854,30,haochjek-1
1855,30,glocgkie-1
1856,30,gmabhjka-1
1857,30,ocinkkco-1
1858,30,gmdbeaab-1
1859,30,gpgcoajl-1
1860,30,gmljndck-1
1861,30,gleailcn-1
1862,60,henneajd-1
1863,60,cfdcjakf-1
1864,60,gibdbeha-1
1865,60,gklpjlpj-1
1866,60,gknilgdo-1
1867,60,oehgkpib-1
1868,60,heodbnel-1
1869,60,ocdljaod-1
1870,60,hjelbidm-1
1871,60,hgjgeahf-1
1872,60,biikmhke-1
1873,60,ceiakdkd-1
1874,60,gjejbaal-1
1875,60,cfebljnn-1
1876,60,gkljhmji-1
1877,60,bjegfoep-1
1878,60,oegndbll-1
1879,60,hepbpdhc-1
1880,60,hjflpeen-1
1881,60,hjcgjmdg-1
1882,60,gkhelonl-1
1883,60,gikkecjm-1
1884,60,gkdpfgbn-1
1885,60,gjafgbdp-1
1886,60,gjebanpg-1
1887,60,hfckdgcm-1
1888,60,hipjccbj-1
1889,60,gimgklgl-1
1890,60,cehmiaef-1
1891,60,bjcjlchj-1
1892,60,cggpgklh-1
1893,60,glakokmb-1
1894,60,kaoakfhm-1
1895,60,hemnfphd-1
1896,60,cfeimlao-1
1897,60,bjckjlch-1
1898,60,glkeknkf-1
1899,60,cgipohea-1
1900,60,gkfhlibk-1
1901,60,gkjoiobc-1
1902,60,hjfdpncm-1
1903,60,cfeeajnf-1
1904,60,gjiaeofl-1
1905,60,hjfelelh-1
1906,60,ghofljkd-1
1907,60,bilagjml-1
1908,60,hfngkpca-1
1909,60,bjheidbf-1
1910,60,hjfpagkf-1
1911,60,gkapklmm-1
1912,60,kcgbhnpn-1
1913,60,hejeblcl-1
1914,60,hjcdmjkh-1
1915,60,gkfbdcdi-1
1916,60,hemfggep-1
1917,60,ceicgghp-1
1918,60,gjhipkaa-1
1919,60,gkgelfba-1
1920,60,cfibnann-1
1921,60,gjdkekio-1
1922,60,heocjjld-1
1923,60,oeibpfpf-1
1924,60,hfecojki-1
1925,60,kcdiojon-1
1926,60,helpmbnb-1
1927,60,gjdibgfp-1
1928,60,hfoaoeoj-1
1929,60,kaolpged-1
1930,60,gidlhkim-1
1931,60,hejaepnp-1
1932,60,hfeebikd-1
1933,60,gplknjdo-1
1934,60,heiimddg-1
1935,60,glljffkk-1
1936,60,cehikgfb-1
1937,60,cfeanenl-1
1938,60,gkngfhjd-1
1939,60,ocednmpa-1
1940,60,hejoakia-1
1941,60,cgigojpe-1
1942,60,gkgenhfd-1
1943,60,kbkokndc-1
1944,60,kanebjcl-1
1945,60,kbkpcmcg-1
1946,60,bilblabj-1
1947,60,ceenpigd-1
1948,60,gkcehcgb-1
1949,60,cghcjdmc-1
1950,60,glabnbfd-1
1951,60,hjbcgeej-1
1952,60,kbaofjol-1
1953,60,cehemmgj-1
1954,60,ceimainh-1
1955,60,gplelpfa-1
1956,60,henpejag-1
1957,60,hginkhga-1
1958,60,hfpcbmcn-1
1959,60,gkfjnpcn-1
1960,60,kapmieij-1
1961,60,gkkomkbe-1
1962,60,hjcaacha-1
1963,60,gljdadem-1
1964,60,hfcoopbp-1
1965,60,bimcnafp-1
1966,60,kcchmlkl-1
1967,60,gkfgfikc-1
1968,60,gjebhmaj-1
1969,60,ocmlapbj-1
1970,60,gikikhpc-1
1971,60,hfomkieg-1
1972,60,cfhcgfpb-1
1973,60,cfedmnoe-1
1974,60,gkodpbid-1
1975,60,kbanmcpb-1
1976,60,hjedgnhj-1
1977,60,gkeedlpd-1
1978,60,kbklgnkf-1
1979,60,hjdoiejh-1
1980,60,ocdgoloe-1
1981,60,hgjelbdj-1
1982,60,gkgfocal-1
1983,60,cejamajo-1
1984,60,gkakmedo-1
1985,60,gklaaejn-1
1986,60,gkgiifoh-1
1987,60,gkjpdilm-1
1988,60,oehlcnga-1
1989,60,hfdbhbme-1
1990,60,gpjnakcm-1
1991,60,bioddjim-1
1992,60,hjeanmif-1
1993,60,ockkclam-1
1994,60,helhijmn-1
1995,60,hjgchmci-1
1996,60,kccdlfld-1
1997,60,gjhffiip-1
1998,60,hemogngk-1
1999,60,kcfnknfg-1
2000,60,hipfgach-1
2001,60,gimlmbnc-1
2002,60,bihogjca-1
2003,60,cfhlaknn-1
2004,60,gjhmemkj-1
2005,60,bijodgme-1
2006,60,cencpaha-1
2007,60,hgjcckfd-1
2008,60,kbljbkde-1
2009,60,hfebeikc-1
2010,60,oclbpedf-1
2011,60,gkndpaaf-1
2012,60,gpmfilil-1
2013,60,ghpghoph-1
2014,60,glioibfg-1
2015,60,hemlappb-1
2016,60,kcdokeih-1
2017,60,hjdfdjgb-1
2018,60,bimeodgl-1
2019,60,hfnlmgmm-1
2020,60,hjfoahpb-1
2021,60,hgjmckel-1
2022,60,oefbijfb-1
2023,60,hjfciagd-1
2024,60,cfdpjmci-1
2025,60,cffibnih-1
2026,60,gkmfecpf-1
2027,60,gjeemkbh-1
2028,60,hjeknech-1
2029,60,heidmcho-1
2030,60,cfgpgobk-1
2031,60,kccbodkg-1
2032,60,heifjfpi-1
2033,60,hejbibcn-1
2034,60,cfijjabn-1
2035,60,bihfpfjm-1
2036,60,billihfk-1
2037,60,hjdfijjf-1
2038,60,bigphcae-1
2039,60,hfjgkdad-1
2040,60,cehpooci-1
2041,60,kcfppdeo-1
2042,60,glaijapk-1
2043,60,cgigchib-1
2044,60,glimbopj-1
2045,60,hjgenahb-1
2046,60,hfejaide-1
2047,60,biminpff-1
2048,60,bijnifdp-1
2049,60,hehjmlke-1
2050,60,ghpnanof-1
2051,60,hfkbccfd-1
2052,60,cfepiled-1
2053,60,gkaebfmf-1
2054,60,bjedebhp-1
2055,60,gidankmn-1
2056,60,gpiecnea-1
2057,60,henjbnca-1
2058,60,hekjffld-1
2059,60,kbclpaan-1
2060,60,biokhkfi-1
2061,60,oegmkahd-1
2062,60,gkjokjki-1
2063,60,oefclonb-1
2064,60,gklbjcee-1
2065,60,goenemhk-1
2066,60,bimfefjh-1
2067,60,ocdloipj-1
2068,60,hjepbmlm-1
2069,60,gplacbek-1
2070,60,glkjdhhn-1
2071,60,cgibaepf-1
2072,60,heihlnah-1
2073,60,bijcghpa-1
2074,60,ockhljdo-1
2075,60,gjpcnemf-1
2076,60,bjchphjl-1
2077,60,hjcdppnk-1
2078,60,gjebdnef-1
2079,60,ockkhhjp-1
2080,60,gpjcjfle-1
2081,60,hejmcpab-1
2082,60,kaohllbi-1
2083,60,cfhjkaif-1
2084,60,ghpafbmg-1
2085,60,gkgjjkep-1
2086,60,kaoffgge-1
2087,60,binhmpmh-1
2088,60,biodfbck-1
2089,60,giaegjni-1
2090,60,bjedppcm-1
2091,60,bilealkg-1
2092,60,biogfjjc-1
2093,60,hemofiea-1
2094,60,bincelmg-1
2095,60,hganehhl-1
2096,60,gljgkeko-1
2097,60,bikaekha-1
2098,60,hfmoopie-1
2099,60,bihjfaoo-1
2100,60,binnfkgg-1
2101,60,gjpafplp-1
2102,60,gjeccgkb-1
2103,60,hfnkfkcd-1
2104,60,ocdpehmp-1
2105,60,hiolnkba-1
2106,60,hjfokfbc-1
2107,60,cfbkeinl-1
2108,60,gkkagdlc-1
2109,60,cffoidkl-1
2110,60,hjdmekkc-1
2111,60,glafnock-1
2112,60,gjedmnom-1
2113,60,gjegnfbk-1
2114,60,gimhepcd-1
2115,60,hepcclhn-1
2116,60,gkgiolbf-1
2117,60,hehfefbn-1
2118,60,gjpibcbe-1
2119,60,kcdlokip-1
2120,60,giadgaeh-1
2121,60,hjbaifgi-1
2122,60,hjbogldp-1
2123,60,gkfpaakc-1
2124,60,gpkgkoem-1
2125,60,hfpimjhd-1
2126,60,oefdfmoo-1
2127,60,gkmoofmb-1
2128,60,kcfjankm-1
2129,60,cfionlaf-1
2130,60,kaplokmn-1
2131,60,hjfonoak-1
2132,60,ghogkflf-1
2133,60,henalbmp-1
2134,60,gljkpdae-1
2135,60,hjhbnahf-1
2136,60,hfomhdmp-1
2137,60,gjppdcfm-1
2138,60,ghpmliee-1
2139,60,cgiaccem-1
2140,60,bjblomfn-1
2141,60,gklngjhp-1
2142,60,ocdihbhm-1
2143,60,bilandpe-1
2144,60,bjbpgkkc-1
2145,60,kapjdcma-1
2146,60,gjfibbnp-1
2147,60,gkaofmeh-1
2148,60,gilpodkj-1
2149,60,hipgdiid-1
2150,60,bjdhcbka-1
2151,60,hjbjcflh-1
2152,60,ghppcdcm-1
2153,60,heofnllk-1
2154,60,oegahjjj-1
2155,60,glkiccgj-1
2156,60,glimdfnk-1
2157,60,kaphdogc-1
2158,60,gijnokgd-1
2159,60,gplbcmmi-1
2160,60,heoeggdc-1
2161,60,heldkdch-1
2162,60,hfphmpif-1
2163,60,biocmmko-1
2164,60,gjedneep-1
2165,60,kcdlghpc-1
2166,60,gidafhgf-1
2167,60,gillgkoc-1
2168,60,hipddgdf-1
2169,60,ocamdccl-1
2170,60,cffebgno-1
2171,60,oefblbmn-1
2172,60,gklakfhh-1
2173,60,gippgkoc-1
2174,60,hjeniljk-1
2175,60,kaocbdfo-1
2176,60,gkioocha-1
2177,60,hfdpbipc-1
2178,60,cffhhkda-1
2179,60,gpnhhnpm-1
2180,60,hjhffmfa-1
2181,60,glkiblec-1
2182,60,hgahichd-1
2183,60,hjfiaaol-1
2184,60,cfdidkma-1
2185,60,hehhjdpo-1
2186,60,gpmdpaka-1
2187,60,gidcigol-1
2188,60,hemmlecg-1
2189,60,hjabnecm-1
2190,60,gjfdmica-1
2191,60,gplgblhe-1
2192,60,hjegkpep-1
2193,60,kapgdkph-1
2194,60,gkjnmdkl-1
2195,60,gplajaig-1
2196,60,gkfefjci-1
2197,60,gkmhjeae-1
2198,60,gknepbdc-1
2199,60,cehpkpng-1
2200,60,gjiceaoj-1
2201,60,cghkncig-1
2202,60,kcfigoba-1
2203,60,biloadja-1
2204,60,hemejlla-1
2205,60,bihpooba-1
2206,60,cfhkabam-1
2207,60,cfgpeajc-1
2208,60,oefcdcdd-1
2209,60,hjahfobg-1
2210,60,hjbfaedc-1
2211,60,hjalegbg-1
2212,60,heoeamdd-1
2213,60,bimhljka-1
2214,60,bimeiiak-1
2215,60,oefangme-1
2216,60,gibcogjg-1
2217,60,gkhgdmhi-1
2218,60,hjcdhffp-1
2219,60,hfpmdjfg-1
2220,60,hfdfopee-1
2221,60,gkgmgdlj-1
2222,60,gkhhcdpg-1
2223,60,bjdojekl-1
2224,60,cfhmbjhk-1
2225,60,bindmmni-1
2226,60,hfndndpc-1
2227,60,heiaiifp-1
2228,60,gipoppnd-1
2229,60,gplfjbgg-1
2230,60,oehkpfmm-1
2231,60,ocjpemdn-1
2232,60,gkhfcfcc-1
2233,60,ocmomeim-1
2234,60,gidddeci-1
2235,60,ghppfboj-1
2236,60,hgjodcgi-1
2237,60,gjfelgif-1
2238,60,glipifkc-1
2239,60,gplbbcmm-1
2240,60,gjdhhedj-1
2241,60,bijgeikf-1
2242,60,ghoklfna-1
2243,60,kcfhdagl-1
2244,60,gilhpnei-1
2245,60,bjdnbpfj-1
2246,60,bigpfaho-1
2247,60,hipceiin-1
2248,60,hemkpiec-1
2249,60,hjgaffan-1
2250,60,gpmgijff-1
2251,60,ockenomp-1
2252,60,bincabma-1
2253,60,gjiahmoc-1
2254,60,cfjefgji-1
2255,60,heobpked-1
2256,60,gkeopolj-1
2257,60,hejjoodk-1
2258,60,kblkkjib-1
2259,60,kaopohhl-1
2260,60,hjflodjh-1
2261,60,hjdokmde-1
2262,60,kanekood-1
2263,60,ocamgjin-1
2264,60,gliooako-1
2265,60,gpkoiggb-1
2266,60,ceicalhh-1
2267,60,heholike-1
2268,60,ghoiogca-1
2269,60,gofcgjih-1
2270,60,hjhcdfpc-1
2271,60,ockmifae-1
2272,60,bihdbahk-1
2273,60,bjelcddm-1
2274,60,gkgcapia-1
2275,60,gkcffdpk-1
2276,60,hfdeiegm-1
2277,60,kanieldg-1
2278,60,hjefloeb-1
2279,60,gijnlbbn-1
2280,60,kcfjfcfa-1
2281,60,bihhbpba-1
2282,60,gidffnjg-1
2283,60,cfhjakjf-1
2284,60,hempfoho-1
2285,60,gjpggodh-1
2286,60,cfgpmekj-1
2287,60,hgjbdlkm-1
2288,60,ghojjcjn-1
2289,60,gllfflia-1
2290,60,hfcnchia-1
2291,60,heofldnn-1
2292,60,hjdojded-1
2293,60,bimciodk-1
2294,60,bjealloh-1
2295,60,gjfdfmji-1
2296,60,gilnkndk-1
2297,60,gkopojkc-1
2298,60,bilpocpo-1
2299,60,hgjjabjh-1
2300,60,gklilgen-1
2301,60,glimibco-1
2302,60,hgajgmka-1
2303,60,helgbmde-1
2304,60,kceaepcn-1
2305,60,gkoigkdf-1
2306,60,bjblpalo-1
2307,60,hjgjefgl-1
2308,60,gkknhina-1
2309,60,hjbpfmpe-1
2310,60,kceokkcp-1
2311,60,bijokfnl-1
2312,60,gijpgnjb-1
2313,60,kaolppch-1
2314,60,kcegmgln-1
2315,60,gkjpdnho-1
2316,60,gpjpolod-1
2317,60,hfphflgp-1
2318,60,kcfimpbb-1
2319,60,bimahlil-1
2320,60,gkkgkjpn-1
2321,60,hjfamief-1
2322,60,gljpeeej-1
2323,60,bjchgooa-1
2324,60,hipfidpk-1
2325,60,hfjjfpjh-1
2326,60,gimffbic-1
2327,60,gjabddgp-1
2328,60,gjppnmbd-1
2329,60,bimgbjem-1
2330,60,kbajphca-1
2331,60,gkfeljfd-1
2332,60,hjhbccpg-1
2333,60,hehnnpge-1
2334,60,hjackbkk-1
2335,60,gjpdpbin-1
2336,60,gkpmkgef-1
2337,60,gljjhmjn-1
2338,60,gklcccbb-1
2339,60,ghpnijhf-1
2340,60,hemegoda-1
2341,60,oceaocgo-1
2342,60,bjbnbagk-1
2343,60,gjcihamc-1
2344,60,hfchebod-1
2345,60,hemaelpi-1
2346,60,hejbbkck-1
2347,60,kcfmodoe-1
2348,60,henklceb-1
2349,60,bildfkjh-1
2350,60,bogcknmf-1
2351,60,hehleemf-1
2352,60,cgiiefoe-1
2353,60,gklokdhg-1
2354,60,cffegphe-1
2355,60,gialjbah-1
2356,60,hjfngeli-1
2357,60,helpldfe-1
2358,60,hfpdbblk-1
2359,60,gkknejhe-1
2360,60,gkldcblg-1
2361,60,bjcfjppa-1
2362,60,bjboamnl-1
2363,60,gkfjgpbk-1
2364,60,gkoefinn-1
2365,60,hendabmd-1
2366,60,kbmegfnf-1
2367,60,hjeemdni-1
2368,60,gjfghdai-1
2369,60,gpllgnon-1
2370,60,gjpekpkk-1
2371,60,gjpopkan-1
2372,60,bigapppb-1
2373,60,cfhemlal-1
2374,60,ghoiehll-1
2375,60,kcenfjpn-1
2376,60,gkanppnd-1
2377,60,bimhedfe-1
2378,60,gkfajgcg-1
2379,60,ceiknkla-1
2380,60,gknephlm-1
2381,60,glakajhg-1
2382,60,bjdhbpcj-1
2383,60,cghkfnab-1
2384,60,hendadgi-1
2385,60,glljkdde-1
2386,60,hgbgofjo-1
2387,60,hjciljbe-1
2388,60,gidmefkm-1
2389,60,gplbadmm-1
2390,60,ocmmbgbh-1
2391,60,gjdnfkid-1
2392,60,henphbfi-1
2393,60,gknidcdg-1
2394,60,hfoipicb-1
2395,60,gkofieab-1
2396,60,hejcolbl-1
2397,60,gkppchgd-1
2398,60,ghpbmfff-1
2399,60,cfjdfnoh-1
2400,60,hjhgmhbb-1
2401,60,hjfckipp-1
2402,60,gknoenji-1
2403,60,ceoheedp-1
2404,60,hepdhmdc-1
2405,60,gkfkjcif-1
2406,60,cgilofji-1
2407,60,cfijnifo-1
2408,60,giaboged-1
2409,60,gjpjfhic-1
2410,60,gpkeojcn-1
2411,60,gkgfjfcl-1
2412,60,kapmfhnk-1
2413,60,gilneioo-1
2414,60,hgabfgen-1
2415,60,heodgngf-1
2416,60,bihpakkk-1
2417,60,giaajagp-1
2418,60,henhppng-1
2419,60,biinnkcf-1
2420,60,bihkfkpf-1
2421,60,hjbkfjlj-1
2422,60,hjepjhgm-1
2423,60,hgjobdpb-1
2424,60,hjahjjhj-1
2425,60,gkpdjhjc-1
2426,60,gplpgaaa-1
2427,60,hjdjplaf-1
2428,60,cginmocf-1
2429,60,hjamjmcm-1
2430,60,glafmgho-1
2431,60,bilibjie-1
2432,60,gkamaipa-1
2433,60,giabkjnk-1
2434,60,hjdpcgjd-1
2435,60,gkdpfbna-1
2436,60,cghjmekm-1
2437,60,cgijfbcp-1
2438,60,hemaiagb-1
2439,60,bijcehbp-1
2440,60,kccafmhh-1
2441,60,bjdmkaco-1
2442,60,giabanjm-1
2443,60,hgaodbkm-1
2444,60,hiopoaga-1
2445,60,oehikcgm-1
2446,60,hjfbjgga-1
2447,60,kanfhami-1
2448,60,helfhmnf-1
2449,60,gkojpbke-1
2450,60,glkifdik-1
2451,60,cbmjegnm-1
2452,60,cfdhmmeg-1
2453,60,gjoohhgd-1
2454,60,cfjdipol-1
2455,60,gimfdchj-1
2456,60,cghkocag-1
2457,60,gjppnnjf-1
2458,60,oegdheda-1
2459,60,hjfdikef-1
2460,60,gidecjka-1
2461,60,glinljhb-1
2462,60,bikalcbo-1
2463,60,giafgcgn-1
2464,60,gjfidman-1
2465,60,bijimcml-1
2466,60,cfhmlcdm-1
2467,60,bihpeaie-1
2468,60,gkfijcmf-1
2469,60,biljnhem-1
2470,60,gpjpnkhm-1
2471,60,gplmgbkc-1
2472,60,hfmolkbj-1
2473,60,hjhaciif-1
2474,60,bihblbia-1
2475,60,kccaoneo-1
2476,60,gklakphg-1
2477,60,cfjebang-1
2478,60,cfgpehio-1
2479,60,ockhgohf-1
2480,60,bjcdofjf-1
2481,60,gkkafidd-1
2482,60,hjgnpblf-1
2483,60,hgacegig-1
2484,60,binjjjnn-1
2485,60,gkpepppe-1
2486,60,kcfnckdo-1
2487,60,cfiphkae-1
2488,60,gjadejll-1
2489,60,oehlijll-1
2490,60,gplhaill-1
2491,60,gkjpijfm-1
2492,60,gilbhama-1
2493,60,cfenjmid-1
2494,60,kanmalkh-1
2495,60,cfhmmlci-1
2496,60,hfppffpc-1
2497,60,hjgpfkgn-1
2498,60,kcfenckh-1
2499,60,oegbfkde-1
2500,60,hfpfcdcb-1
2501,60,gjpmhmcl-1
2502,60,gkgmpofi-1
2503,60,gkgjngah-1
2504,60,gkfkpohm-1
2505,60,gjpemodh-1
2506,60,ceigodpe-1
2507,60,gljjgodc-1
2508,60,bijbanng-1
2509,60,gpjifnnj-1
2510,60,hfjfmlli-1
2511,60,bjclbohd-1
2512,60,hjelekkp-1
2513,60,bjdooalj-1
2514,60,cffejeng-1
2515,60,hfpafhlj-1
2516,60,gkkhgfag-1
2517,60,gkmbjpno-1
2518,60,hjbjglge-1
2519,60,hfckalha-1
2520,60,heopfdko-1
2521,60,hjdpmcoe-1
2522,60,cgigihfk-1
2523,60,bimnbmgi-1
2524,60,hjcheaap-1
2525,60,ocbjphog-1
2526,60,hjgmhfgp-1
2527,60,ocdpcjko-1
2528,60,kapgakdj-1
2529,60,hepbljdj-1
2530,60,hjfcgnlo-1
2531,60,bjdjdooe-1
2532,60,helhppmc-1
2533,60,ghonmbdm-1
2534,60,helklmpa-1
2535,60,kcdjbcaa-1
2536,60,hemmblba-1
2537,60,gidbebgb-1
2538,60,gkpjojkn-1
2539,60,gkfkgoha-1
2540,60,gjpjjfnl-1
2541,60,hjfjnkcb-1
2542,60,cbmkffmo-1
2543,60,gidenkcp-1
2544,60,kaodipao-1
2545,60,gpjnepca-1
2546,60,gpkmdnao-1
2547,60,glafbbal-1
2548,60,ockndaam-1
2549,60,hjajcbhi-1
2550,60,gomcciei-1
2551,60,gllkmgbe-1
2552,60,cfefgcie-1
2553,60,ocdhgcfo-1
2554,60,gplknjmc-1
2555,60,gpjjgbhi-1
2556,60,gkgdfnbk-1
2557,60,hjcaeflb-1
2558,60,hjdmplmi-1
2559,60,kanfgkkh-1
2560,60,oefddkhn-1
2561,60,cfempadh-1
2562,60,hjchjeni-1
2563,60,hfeaiilo-1
2564,60,biomapcc-1
2565,60,hjfedmpi-1
2566,60,bjcfnmpe-1
2567,60,kannmibh-1
2568,60,oegnknfp-1
2569,60,gjpdlpip-1
2570,60,gknhpjml-1
2571,60,biobecjo-1
2572,60,hgbelapi-1
2573,60,cfblccha-1
2574,60,gllfekji-1
2575,60,ghpglpfg-1
2576,60,heihkill-1
2577,60,cfejigje-1
2578,60,heiachcl-1
2579,60,hemhemfa-1
2580,60,cfeclgkh-1
2581,60,glijefcj-1
2582,60,kcfeolfk-1
2583,60,oehpehgk-1
2584,60,gkmglkmc-1
2585,60,gkffghnh-1
2586,60,bihahdph-1
2587,60,gkpeipmo-1
2588,60,gknacmol-1
2589,60,bijjkofk-1
2590,60,hjhhojgm-1
2591,60,gkhgjndd-1
2592,60,gjeaclfl-1
2593,60,gkagjppb-1
2594,60,gkpmkihh-1
2595,60,gkkbgdok-1
2596,60,kbcjmdal-1
2597,60,cfdhlgcb-1
2598,60,kanmkhif-1
2599,60,kcginnnn-1
2600,60,ceojjiab-1
2601,60,cfefdmfb-1
2602,60,kapandkl-1
2603,60,bincmlaa-1
2604,60,gjpfdcic-1
2605,60,gkhedhmn-1
2606,60,kcdfdcni-1
2607,60,gikdkkii-1
2608,60,hfcjejnp-1
2609,60,gkaaemjh-1
2610,60,hfpedeeb-1
2611,60,gjhfgjmd-1
2612,60,gpjcihmd-1
2613,60,hgapfoai-1
2614,60,gikiekjn-1
2615,60,cfhfiofl-1
2616,60,hjgdbkgl-1
2617,60,hjblilgl-1
2618,60,oclggepb-1
2619,60,bjhfjhop-1
2620,60,ghofflki-1
2621,60,bjclnocl-1
2622,60,kaockjni-1
2623,60,henpddbg-1
2624,60,oegadcfn-1
2625,60,gjdlaklf-1
2626,60,hjbhdmjg-1
2627,60,hemanjbc-1
2628,60,cfejjihp-1
2629,60,hfpddigk-1
2630,60,gljodakk-1
2631,60,bikbgcdg-1
2632,60,oehdnokh-1
2633,60,gklbhglk-1
2634,60,bilpphkl-1
2635,60,cfcoabfk-1
2636,60,hfngcelm-1
2637,60,heibnmhj-1
2638,60,kcfbnmgk-1
2639,60,heiiddjb-1
2640,60,gkkelkki-1
2641,60,gkgjcoie-1
2642,60,gkmchhkb-1
2643,60,heipmpej-1
2644,60,cfejpgfp-1
2645,60,giaafgpk-1
2646,60,binekjka-1
2647,60,gkmhigmg-1
2648,60,kcceopap-1
2649,60,gkokbbhc-1
2650,60,bjhfjimc-1
2651,60,hfcpnngc-1
2652,60,gkfcnkna-1
2653,60,gkoaieda-1
2654,60,ocdhcppg-1
2655,60,cfhogele-1
2656,60,oceifmmo-1
2657,60,gkmcocic-1
2658,60,gjabdmjh-1
2659,60,gkammgao-1
2660,60,gkpoblcc-1
2661,60,hionjjnb-1
2662,60,hffkpafo-1
2663,60,gjebacdg-1
2664,60,heloafan-1
2665,60,gjdlcfll-1
2666,60,hfclcpkp-1
2667,60,kcdblmje-1
2668,60,kbbbklid-1
2669,60,gklbhkjh-1
2670,60,gplgmlaa-1
2671,60,bikabofg-1
2672,60,hfdlbabp-1
2673,60,kcecebkn-1
2674,60,kcgnohnm-1
2675,60,heifgpal-1
2676,60,kcfhbgcb-1
2677,60,cfhfkhcp-1
2678,60,helcgoao-1
2679,60,bikegjkc-1
2680,60,gkgcjmfd-1
2681,60,ceilgcdf-1
2682,60,hemgcchj-1
2683,60,kcgbcokb-1
2684,60,oefcfejg-1
2685,60,ocfofoal-1
2686,60,ghppdeik-1
2687,60,kcfgijel-1
2688,60,oehoiamb-1
2689,60,bilanifh-1
2690,60,kcgiceai-1
2691,60,gikifcpn-1
2692,60,hjdhefnk-1
2693,60,gkgpmgmb-1
2694,60,cencigkp-1
2695,60,oegokcoe-1
2696,60,gildgajc-1
2697,60,gkhgldcn-1
2698,60,bjcbcjom-1
2699,60,gpkhgoki-1
2700,60,gjpnfpjg-1
2701,60,hgacgjjj-1
2702,60,gjdjgcmk-1
2703,60,hjhgflhf-1
2704,60,ceeomoff-1
2705,60,binkgflh-1
2706,60,gkflmboi-1
2707,60,gkgaceaf-1
2708,60,kbaigejn-1
2709,60,hfponbdk-1
2710,60,gpnfafee-1
2711,60,hipkkmlf-1
2712,60,gkokgood-1
2713,60,gkkgkmgf-1
2714,60,bihmcgoo-1
2715,60,ccenbbem-1
2716,60,ghpoghnn-1
2717,60,helkigjg-1
2718,60,cfddfbdp-1
2719,60,oefdmcmj-1
2720,60,glkfplbg-1
2721,60,biochbcf-1
2722,60,gkpgaghd-1
2723,60,bjcodlng-1
2724,60,gpkjgjol-1
2725,60,bihddnba-1
2726,60,hfddpmop-1
2727,60,biobnhig-1
2728,60,kaocinok-1
2729,60,bijpgden-1
2730,60,ocifeapi-1
2731,60,kcgpoahk-1
2732,60,kccpganp-1
2733,60,hjobkhjj-1
2734,60,cfechnck-1
2735,60,glakchen-1
2736,60,goepoocl-1
2737,60,glhdgfpj-1
2738,60,kaopmick-1
2739,60,cfhhknpa-1
2740,60,hjebipfn-1
2741,60,hfednphm-1
2742,60,gpmkdaih-1
2743,60,gkkkklbc-1
2744,60,kcdigcgh-1
2745,60,bihphnbo-1
2746,60,cfdlbghd-1
2747,60,hembiblp-1
2748,60,cfgbaopi-1
2749,60,cffkbmhh-1
2750,60,gkpkbdmf-1
2751,60,biimlcmf-1
2752,60,gkjnmiom-1
2753,60,gknnblck-1
2754,60,hjfmhnnj-1
2755,60,cfdfondi-1
2756,60,cgjaonjb-1
2757,60,bilmfmik-1
2758,60,gikbfhae-1
2759,60,bingpeaf-1
2760,60,gkjpiian-1
2761,60,hemhanpc-1
2762,60,kandcman-1
2763,60,hemeilne-1
2764,60,heniophd-1
2765,60,bigcadaj-1
2766,60,gknpfabb-1
2767,60,gljnhopc-1
2768,60,hgjdlhie-1
2769,60,gjchdejn-1
2770,60,heodjijn-1
2771,60,hfpighoa-1
2772,60,hjbncbem-1
2773,60,glipbkfn-1
2774,60,oclageol-1
2775,60,cfbkackl-1
2776,60,bjekopgl-1
2777,60,glildhbc-1
2778,60,cfhcfncm-1
2779,60,kapbjbhn-1
2780,60,gimgfpja-1
2781,60,hjadhfdc-1
2782,60,hjaenolm-1
2783,60,hfpbiboi-1
2784,60,kapehemn-1
2785,60,hjgcdpma-1
2786,60,hgipmlao-1
2787,60,oehpbnfp-1
2788,60,bigpebmh-1
2789,60,cefadigc-1
2790,60,gibjppid-1
2791,60,kcfaiddf-1
2792,60,hjgihgfk-1
2793,60,hjnhlebn-1
2794,60,gjelapob-1
2795,60,helcaglk-1
2796,60,bilhdpko-1
2797,60,hejnoahb-1
2798,60,kbcdplah-1
2799,60,gknmogcc-1
2800,60,gofdodfd-1
2801,60,gkkfibdn-1
2802,60,bjekeaag-1
2803,60,gkfadden-1
2804,60,hejmogke-1
2805,60,bjhffgbe-1
2806,60,gkbaphlp-1
2807,60,ceogopmd-1
2808,60,oegffkfm-1
2809,60,hgjnmfnj-1
2810,60,hfnfkked-1
2811,60,kaogemda-1
2812,60,hfpagego-1
2813,60,kbccnend-1
2814,60,bjbiknpo-1
2815,60,bjdmeiib-1
2816,60,gjhmbnia-1
2817,60,gkpacdok-1
2818,60,cffdgapg-1
2819,60,gkpldcfp-1
2820,60,kcdiknfa-1
2821,60,bingladd-1
2822,60,ocidnnje-1
2823,60,ockalpjp-1
2824,60,hipeocjf-1
2825,60,kccnkkpo-1
2826,60,bijhickl-1
2827,60,hfpodlka-1
2828,60,bjbnjdig-1
2829,60,hjgbpcki-1
2830,60,ocbanhde-1
2831,60,heiccilk-1
2832,60,bnnomngg-1
2833,60,hiplhneh-1
2834,60,hfpfaaok-1
2835,60,biogjlja-1
2836,60,gkpbngge-1
2837,60,gliognom-1
2838,60,gkoagahn-1
2839,60,hfpejdkn-1
2840,60,heobclfd-1
2841,60,hjehlalp-1
2842,60,hekjgkhf-1
2843,60,gplfphmp-1
2844,60,billcodk-1
2845,60,hhnkiebj-1
2846,60,henlienc-1
2847,60,cfdkocgo-1
2848,60,cgihjgpk-1
2849,60,hejeogop-1
2850,60,cfjcjdkm-1
2851,60,gjpchajc-1
2852,60,kblimjih-1
2853,60,cfbjmfog-1
2854,60,bihmfcpk-1
2855,60,hjfggobf-1
2856,60,ceiapbni-1
2857,60,glilclfe-1
2858,60,kaoaaopc-1
2859,60,gmjhhoaj-1
2860,60,gijponle-1
2861,60,giajghmj-1
2862,60,gidjhndb-1
2863,60,hjhelfam-1
2864,60,hfpfnblg-1
2865,60,gknhgjll-1
2866,60,kcfkngjk-1
2867,60,gkahdnfb-1
2868,60,cfdhbjdf-1
2869,60,gkgmendl-1
2870,60,oehpadoh-1
2871,60,glahdohd-1
2872,60,kcdmcbnf-1
2873,60,hjepjmdp-1
2874,60,gjpmgomb-1
2875,60,henapcih-1
2876,60,bigcgffd-1
2877,60,gljbhcld-1
2878,60,cffgoedp-1
2879,60,hfdelkkj-1
2880,60,gkbbhhli-1
2881,60,bimjleih-1
2882,60,biofepbb-1
2883,60,gjaafkjj-1
2884,60,bjeglgci-1
2885,60,cfeikngj-1
2886,60,kcfbkbjb-1
2887,60,gljcppig-1
2888,60,hemciekl-1
2889,60,ockpdlal-1
2890,60,gjfhjgcp-1
2891,60,gkljgnjf-1
2892,60,kbajkckj-1
2893,60,hjffgnao-1
2894,60,gjpofeng-1
2895,60,kaphmbkf-1
2896,60,kbccdgfh-1
2897,60,kbkpjjbp-1
2898,60,cggkjfhh-1
2899,60,heoffopm-1
2900,60,glhamncn-1
2901,60,bihibdli-1
2902,60,oboabjih-1
2903,60,hfnfnnai-1
2904,60,cfhkaedn-1
2905,60,gplnkkdh-1
2906,60,bjchadab-1
2907,60,gjpikoef-1
2908,60,hjeclfic-1
2909,60,gimmhbpo-1
2910,60,ceopfjfa-1
2911,60,gikkffin-1
2912,60,gplpkaoo-1
2913,60,hencioab-1
2914,60,gjpocfnh-1
2915,60,hjhdgebp-1
2916,60,gjdphmde-1
2917,60,gjpkeemg-1
2918,60,bioiicdj-1
2919,60,gkpjkleh-1
2920,60,gkljfgim-1
2921,60,glameldg-1
2922,60,cfhmomaa-1
2923,60,hjcgmljj-1
2924,60,hfeaeooe-1
2925,60,heibkkgf-1
2926,60,hiplfkam-1
2927,60,gikmgbkh-1
2928,60,boaabdhk-1
2929,60,gpjoenag-1
2930,60,hionbpfk-1
2931,60,hjbpmhho-1
2932,60,kangbpcn-1
2933,60,gjbnfako-1
2934,60,bihfkilo-1
2935,60,kcgmljih-1
2936,60,gilapkip-1
2937,60,cgjabnbn-1
2938,60,cghlbjcc-1
2939,60,kccgipkf-1
2940,60,gpknhaom-1
2941,60,gpljecoh-1
2942,60,gkgdcfhh-1
2943,60,hfpbhfmh-1
2944,60,gjhfeoni-1
2945,60,hjakmpeo-1
2946,60,gkmdbaed-1
2947,60,ocmmjmfm-1
2948,60,gjeeiehh-1
2949,60,gljhddlb-1
2950,60,hejipcfa-1
2951,60,kcepafhh-1
2952,60,heibbffp-1
2953,60,hejbchpm-1
2954,60,hipckajh-1
2955,60,kcdndfch-1
2956,60,gjdiapcf-1
2957,60,ockcobik-1
2958,60,heocjnnj-1
2959,60,hjehhpea-1
2960,60,bjbibbbj-1
2961,60,oclimjla-1
2962,60,gkahfdhl-1
2963,60,gpklbjbn-1
2964,60,ocknclgd-1
2965,60,kbcnllgi-1
2966,60,cenadhoc-1
2967,60,heodggaa-1
2968,60,hepeleoj-1
2969,60,hjbdeoii-1
2970,60,hjffifmj-1
2971,60,hjgpihdo-1
2972,60,gikhadhg-1
2973,60,hjphkbpl-1
2974,60,bjcmdbnl-1
2975,60,hjgieflm-1
2976,60,gjdpldop-1
2977,60,gkmjccij-1
2978,60,gkaeecgo-1
2979,60,hjepneho-1
2980,60,kcfcppmb-1
2981,60,cfhcmbip-1
2982,60,kcdocgbk-1
2983,60,hemiodij-1
2984,60,cfjehemk-1
2985,60,hemnpbop-1
2986,60,hjfpcmmi-1
2987,60,hjaaknhf-1
2988,60,gjfbhfli-1
2989,60,cfdnfkcb-1
2990,60,kapinane-1
2991,60,hfejdnnb-1
2992,60,gkncnfcc-1
2993,60,hjhabfkj-1
2994,60,hjgpgaoi-1
2995,60,hfpcodeh-1
2996,60,kaoelcpk-1
2997,60,ghojbkdo-1
2998,60,hgamfcnk-1
2999,60,kaogeped-1
3000,60,ceogapao-1
3001,60,gjiaomla-1
3002,60,hjccjlim-1
3003,60,giabefil-1
3004,60,hjhhdeni-1
3005,60,hfeinfam-1
3006,60,gpkbdbln-1
3007,60,giboibnc-1
3008,60,glionihc-1
3009,60,hjffgiop-1
3010,60,oclidnlh-1
3011,60,kccanohj-1
3012,60,gikphcmg-1
3013,60,hejejlpe-1
3014,60,hgacdalb-1
3015,60,cfbnedfc-1
3016,60,gjfbpnbg-1
3017,60,ockhllha-1
3018,60,kcdbnpll-1
3019,60,kbkmobfm-1
3020,60,bjbnjfab-1
3021,60,hffbnadf-1
3022,60,henlekmn-1
3023,60,giaakmhd-1
3024,60,gkopoebm-1
3025,60,hfebhoel-1
3026,60,kcgflffp-1
3027,60,glijghcg-1
3028,60,biobddpm-1
3029,60,helacclg-1
3030,60,hfnimgim-1
3031,60,gjecnccl-1
3032,60,kcdjajio-1
3033,60,ocaomico-1
3034,60,gklidclb-1
3035,60,bilhgdfh-1
3036,60,bjcghaod-1
3037,60,ocanibcl-1
3038,60,hjgdjhil-1
3039,60,hfdcddef-1
3040,60,gibhfgem-1
3041,60,hjaiodlh-1
3042,60,hgadlhoc-1
3043,60,binkjiih-1
3044,60,binkdpcm-1
3045,60,hgaebfhi-1
3046,60,heimfmkn-1
3047,60,hfngjpnp-1
3048,60,gjablekl-1
3049,60,hfjlgldg-1
3050,60,kcgdnimf-1
3051,60,gpjljegm-1
3052,60,bilmlibj-1
3053,60,glinncgm-1
3054,60,gkglhhde-1
3055,60,giknnemp-1
3056,60,hejbgeed-1
3057,60,biibpeji-1
3058,60,kcgoabed-1
3059,60,bjchcdpo-1
3060,60,hjbdnhdg-1
3061,60,kanldoen-1
3062,60,gkljobof-1
3063,60,cfdgfdfa-1
3064,60,gkmahngh-1
3065,60,kbankikm-1
3066,60,gkaadkba-1
3067,60,biijpbdk-1
3068,60,gkgnepjh-1
3069,60,hfcpcaka-1
3070,60,kapamiel-1
3071,60,hjelccja-1
3072,60,glhbpoic-1
3073,60,helbeihj-1
3074,60,kaoagkdg-1
3075,60,gpjodeba-1
3076,60,gkpgfnan-1
3077,60,gjeflhhd-1
3078,60,bihlekbk-1
3079,60,gilbblgj-1
3080,60,oegccidd-1
3081,60,gkhbfnng-1
3082,60,cfcemjdp-1
3083,60,cbmkkccg-1
3084,60,hfdfnplk-1
3085,60,cenegoin-1
3086,60,cfebngal-1
3087,60,ghppilfa-1
3088,60,ceilpkhm-1
3089,60,gholniin-1
3090,60,gholdpeh-1
3091,60,gjfghejc-1
3092,60,binomole-1
3093,60,bildjjdo-1
3094,60,bofpcfgk-1
3095,60,cfdigepf-1
3096,60,gjaccach-1
3097,60,bjdpbfbl-1
3098,60,gpjnapbp-1
3099,60,gllpbehl-1
3100,60,ocbkbljp-1
3101,60,hjfbmocb-1
3102,60,gikikeph-1
3103,60,hjoilhbi-1
3104,60,ocbejaoc-1
3105,60,kaomghja-1
3106,60,ocdlchkk-1
3107,60,gjdiopgd-1
3108,60,hiphkmgp-1
3109,60,gimimcal-1
3110,60,bimomefc-1
3111,60,cehiehhb-1
3112,60,gimgfpeh-1
3113,60,gkhfgnfj-1
3114,60,bihbjomb-1
3115,60,cfbkdoec-1
3116,60,kanembnk-1
3117,60,bilobdpi-1
3118,60,hjgciljn-1
3119,60,gibmhdep-1
3120,60,kcflcghg-1
3121,60,hejighkn-1
3122,60,billpjkd-1
3123,60,hjeablal-1
3124,60,hjfoonol-1
3125,60,biidhfjd-1
3126,60,cfhllghm-1
3127,60,gllhlklm-1
3128,60,gkfkbglj-1
3129,60,gjcggojp-1
3130,60,gjegicjd-1
3131,60,bjccconp-1
3132,60,kchaambm-1
3133,60,hemdbnog-1
3134,60,cfdelajp-1
3135,60,hjfophpe-1
3136,60,kccddbhh-1
3137,60,gllnkced-1
3138,60,bincjhhm-1
3139,60,cfeajoaf-1
3140,60,oegdlfob-1
3141,60,gpjogpdc-1
3142,60,oehhfaag-1
3143,60,hgaiclce-1
3144,60,gkokhcck-1
3145,60,gkomdcdn-1
3146,60,bjccogfg-1
3147,60,gjenciib-1
3148,60,bimchadi-1
3149,60,gikogklm-1
3150,60,hendbepj-1
3151,60,heofphge-1
3152,60,bjcijnff-1
3153,60,kcenbagb-1
3154,60,gijodbkj-1
3155,60,gkncnhhi-1
3156,60,cfiicjbh-1
3157,60,ocaphlpf-1
3158,60,hejnopfb-1
3159,60,hipfmipb-1
3160,60,hekplkjm-1
3161,60,hjhdhlka-1
3162,60,kapjegfl-1
3163,60,bimocpeg-1
3164,60,oehgnmpd-1
3165,60,gilaggll-1
3166,60,hehnadpa-1
3167,60,gkkjoion-1
3168,60,ceibgjef-1
3169,60,glacgdbk-1
3170,60,hfdfngkj-1
3171,60,kaplaaaa-1
3172,60,ghnjpkkb-1
3173,60,hjeolode-1
3174,60,hfooafif-1
3175,60,gjecbpbe-1
3176,60,gkaojljn-1
3177,60,oclgknll-1
3178,60,hjhlccoh-1
3179,60,cfecoche-1
3180,60,bihdnpnc-1
3181,60,hjapibbo-1
3182,60,giddpgdb-1
3183,60,hjbddllb-1
3184,60,cceohnoe-1
3185,60,glkfnphf-1
3186,60,gkbanmlb-1
3187,60,gkhdpldb-1
3188,60,hipdabjj-1
3189,60,gikkhfld-1
3190,60,gilddpff-1
3191,60,ockagiae-1
3192,60,bjhefned-1
3193,60,glkaleel-1
3194,60,hjclohhl-1
3195,60,gpmnnkjb-1
3196,60,binclopo-1
3197,60,gkkmhebn-1
3198,60,gkfibfjc-1
3199,60,gpkaggge-1
3200,60,bnoapjha-1
3201,60,henkffda-1
3202,60,ocifkpmo-1
3203,60,bihdgmde-1
3204,60,bilkbjcj-1
3205,60,heneijnc-1
3206,60,bjdpddbf-1
3207,60,cfdmofnh-1
3208,60,hfcophph-1
3209,60,hfpfkkab-1
3210,60,kbknjlhk-1
3211,60,kccobpbg-1
3212,60,glipfbnc-1
3213,60,binpbmmo-1
3214,60,hjfbocdd-1
3215,60,bjedmocl-1
3216,60,hemobplc-1
3217,60,gikiaocc-1
3218,60,ockfllke-1
3219,60,cgibdeab-1
3220,60,oegcjneg-1
3221,60,cffmmnfo-1
3222,60,hepfkhpi-1
3223,60,gkalnade-1
3224,60,oefdpkdi-1
3225,60,gpkfiapn-1
3226,60,hjfogcmj-1
3227,60,hjdmeoni-1
3228,60,ocejcgkf-1
3229,60,hjceemmb-1
3230,60,gjebadka-1
3231,60,hjeolbmi-1
3232,60,hipidhfd-1
3233,60,kcdighff-1
3234,60,gpkfennh-1
3235,60,hfpdgoio-1
3236,60,cfdgkjdm-1
3237,60,gidhghag-1
3238,60,cfblhnhe-1
3239,60,gjacjmfl-1
3240,60,glaggpcb-1
3241,60,heofnkld-1
3242,60,hfdfmcco-1
3243,60,gidmhjge-1
3244,60,hehfagpp-1
3245,60,kbkpcfle-1
3246,60,ghppncak-1
3247,60,giljdmlg-1
3248,60,kbboaidl-1
3249,60,gkamenhj-1
3250,60,gkfkfkln-1
3251,60,cbmkdnoi-1
3252,60,cfcedpfi-1
3253,60,gikidfgd-1
3254,60,gjpidhcm-1
3255,60,hepgjjpb-1
3256,60,biocljif-1
3257,60,hjcdbaln-1
3258,60,bjbmlcda-1
3259,60,gplgejcc-1
3260,60,binobhlm-1
3261,60,hekjemif-1
3262,60,gijpdmnm-1
3263,60,hjglaeeh-1
3264,60,gknffeca-1
3265,60,ocknpjik-1
3266,60,gjpgaojl-1
3267,60,oegnnnab-1
3268,60,hjeaenje-1
3269,60,hjdnnlnn-1
3270,60,hjbkgihh-1
3271,60,gkpnjijo-1
3272,60,gkfelgko-1
3273,60,cfedchgi-1
3274,60,hfpfcdjh-1
3275,60,gkplhdif-1
3276,60,oboamigh-1
3277,60,gibcanjb-1
3278,60,cghacnao-1
3279,60,bikflkng-1
3280,60,kcdoaojj-1
3281,60,gjafcbip-1
3282,60,gklpmckl-1
3283,60,ocibdleh-1
3284,60,gpkcmaja-1
3285,60,cfipgpph-1
3286,60,gikihpbf-1
3287,60,gicplihi-1
3288,60,gkgcaobb-1
3289,60,kceagaee-1
3290,60,gibappae-1
3291,60,gkdphean-1
3292,60,hjnjljfh-1
3293,60,kbmfjngk-1
3294,60,kccgjfda-1
3295,60,biiagopf-1
3296,60,gpkgielo-1
3297,60,hfppogce-1
3298,60,biikngho-1
3299,60,ocbmciod-1
3300,60,heibkknh-1
3301,60,gjaekjbo-1
3302,60,gkojnngb-1
3303,60,ghpdbjkf-1
3304,60,gkllkbdl-1
3305,60,kcfhcdfe-1
3306,60,hfdenomm-1
3307,60,hfcgmnab-1
3308,60,gkpnemne-1
3309,60,kcgfkefn-1
3310,60,gimemjke-1
3311,60,gjfjcoej-1
3312,60,gholpfdb-1
3313,60,kcckfgei-1
3314,60,kchaejbc-1
3315,60,gkmkimaa-1
3316,60,bjckloea-1
3317,60,gkgnodpp-1
3318,60,cfgopeci-1
3319,60,gljgnpab-1
3320,60,helfejbj-1
3321,60,gkkccapb-1
3322,60,gjpbkndk-1
3323,60,hjcfocfn-1
3324,60,ockbkccg-1
3325,60,gpkcailk-1
3326,60,biochemf-1
3327,60,kanlhijc-1
3328,60,hjhkmpmi-1
3329,60,hejfhbfd-1
3330,60,gjchhppl-1
3331,60,hgbbgpnc-1
3332,60,ocdflpea-1
3333,60,bjdkikfc-1
3334,60,bjddgbbm-1
3335,60,hgjejcke-1
3336,60,ociilhan-1
3337,60,ceollijj-1
3338,60,bijdboao-1
3339,60,gkninjlg-1
3340,60,bimekbfo-1
3341,60,gpjcfhjb-1
3342,60,gimefmnc-1
3343,60,bimhgonb-1
3344,60,gjpccphi-1
3345,60,bjbnjmah-1
3346,60,hjahieji-1
3347,60,hgjfgnpe-1
3348,60,hjbgminl-1
3349,60,cfimneko-1
3350,60,kaphdcfg-1
3351,60,hehikmdl-1
3352,60,cfeckaci-1
3353,60,glmbfmfb-1
3354,60,hgajoibj-1
3355,60,gkjofagg-1
3356,60,cfgpehga-1
3357,60,hfcoggjh-1
3358,60,kanphlnk-1
3359,60,gkomdlal-1
3360,60,gholeclo-1
3361,60,bjeemnni-1
3362,60,hjphmnch-1
3363,60,ccemmhmi-1
3364,60,ocdpaegm-1
3365,60,glamfjeh-1
3366,60,gkhdilnp-1
3367,60,cfjbhboc-1
3368,60,bikfdphj-1
3369,60,gkmfbpda-1
3370,60,cghaciih-1
3371,60,gjfhnlom-1
3372,60,gjeonbbh-1
3373,60,bimokoki-1
3374,60,cfiomfoe-1
3375,60,cfhohcdg-1
3376,60,kccbgbfo-1
3377,60,hgalmkfl-1
3378,60,hgaabmne-1
3379,60,kcfbmaek-1
3380,60,bjdgmgoc-1
3381,60,hjaempjk-1
3382,60,ceijchcf-1
3383,60,cfeblmdh-1
3384,60,gkmeiock-1
3385,60,gjdonmnj-1
3386,60,kcdofpmc-1
3387,60,bimkdjac-1
3388,60,hgjidfno-1
3389,60,gjejcolp-1
3390,60,gkppjbhe-1
3391,60,hjaoookd-1
3392,60,bogcedbl-1
3393,60,ghponkbb-1
3394,60,hjdnejfj-1
3395,60,heocebpi-1
3396,60,biojgfof-1
3397,60,hgjdnbgh-1
3398,60,ockbagkm-1
3399,60,cfjfedci-1
3400,60,hipfbdfg-1
3401,60,gkabhele-1
3402,60,heogkdpn-1
3403,60,henjpljh-1
3404,60,hjdoofmg-1
3405,60,gimhdmig-1
3406,60,hjfaclgh-1
3407,60,gkicojca-1
3408,60,gillgobc-1
3409,60,hjfnoibm-1
3410,60,glmcdlkh-1
3411,60,gknnehmg-1
3412,60,gkgfhbia-1
3413,60,gkohlgpa-1
3414,60,gjphjbmn-1
3415,60,hjhboihb-1
3416,60,gkoepjjh-1
3417,60,bogceolp-1
3418,60,gjaekphi-1
3419,60,bogbjmge-1
3420,60,hipbbnja-1
3421,60,kbckbhbe-1
3422,60,ocdidpli-1
3423,60,kapfjjao-1
3424,60,hjehjghp-1
3425,60,cfhadhkj-1
3426,60,gimhkhpb-1
3427,60,cficffcb-1
3428,60,cfhggopj-1
3429,60,kaphggfg-1
3430,60,bilghpal-1
3431,60,cghcbkbl-1
3432,60,bihlenla-1
3433,60,kcebdakb-1
3434,60,gofcmhdo-1
3435,60,kbclenjg-1
3436,60,hjfhamcf-1
3437,60,gkkjphfd-1
3438,60,hjdngkjj-1
3439,60,gkgiaigm-1
3440,60,gklmnoog-1
3441,60,gimgmjfj-1
3442,60,gidfimci-1
3443,60,helfmajj-1
3444,60,hjebmhih-1
3445,60,giaipgif-1
3446,60,gkdnhlae-1
3447,60,kcdinhkl-1
3448,60,heijnjme-1
3449,60,kcdkpjpd-1
3450,60,ghnmloal-1
3451,60,cficlhcj-1
3452,60,cbmjlokf-1
3453,60,cfilcjhp-1
3454,60,hejndhpp-1
3455,60,hjonjllc-1
3456,60,hfoaamcb-1
3457,60,gllmgipg-1
3458,60,golpgglc-1
3459,60,hfjkhaln-1
3460,60,hjbjhfgd-1
3461,60,hjheeifc-1
3462,60,henecehj-1
3463,60,bjckgcaj-1
3464,60,hfnnmbea-1
3465,60,gkobcapc-1
3466,60,giajjpkm-1
3467,60,hjfnlmfm-1
3468,60,hjejfgmm-1
3469,60,gilmlfni-1
3470,60,hfekennm-1
3471,60,hhnkefki-1
3472,100,hjkacjoo-1
3473,100,hgebgccb-1
3474,100,hjjbfaip-1
3475,100,gjcojcle-1
3476,100,heonmjfo-1
3477,100,hfaebmme-1
3478,100,liccfpjm-1
3479,100,hglbfegg-1
3480,100,kcedmnee-1
3481,100,hdjgkfad-1
3482,100,kbnebkhp-1
3483,100,hkblbjbh-1
3484,100,hjnagbni-1
3485,100,cfaimgdh-1
3486,100,kcbmckia-1
3487,100,hidkoanm-1
3488,100,gdlbpehp-1
3489,100,hinemndb-1
3490,100,cgghpmmj-1
3491,100,hjiajapg-1
3492,100,goojljlb-1
3493,100,ccffkknm-1
3494,100,hgpgladn-1
3495,100,cdhehpem-1
3496,100,cbmpblck-1
3497,100,goimbiom-1
3498,100,behjdbpd-1
3499,100,hgefmeoc-1
3500,100,hfjbhldl-1
3501,100,fdmbefhl-1
3502,100,cbodnpod-1
3503,100,hgdnjlcg-1
3504,100,hjnnkaep-1
3505,100,oegnpmck-1
3506,100,kcbkblji-1
3507,100,ffhgcabc-1
3508,100,gfiadedp-1
3509,100,cdfhhhbd-1
3510,100,ffnllpkn-1
3511,100,gjlelmdm-1
3512,100,gdnpnkgo-1
3513,100,gimapcno-1
3514,100,hjibnjhg-1
3515,100,hhdmjebn-1
3516,100,hdkkdggg-1
3517,100,cbnnlfgj-1
3518,100,gomglhja-1
3519,100,hidocbdb-1
3520,100,hjmamgbg-1
3521,100,hjhpgefd-1
3522,100,cfmlmmme-1
3523,100,hjnfefjb-1
3524,100,cggihndn-1
3525,100,gjjdnpcl-1
3526,100,libkfblc-1
3527,100,gkcgfnep-1
3528,100,hfkgbgce-1
3529,100,hhjpojdj-1
3530,100,hhjepkla-1
3531,100,fnmfbiaf-1
3532,100,gonbfgom-1
3533,100,gigmglac-1
3534,100,hjoannoj-1
3535,100,gjlpkgci-1
3536,100,gdlcjidi-1
3537,100,beflcjhl-1
3538,100,cfnlfhnb-1
3539,100,cgdmaehp-1
3540,100,hjljdnma-1
3541,100,kbddecck-1
3542,100,gfgmnjlf-1
3543,100,fficebon-1
3544,100,gjkaaleb-1
3545,100,hdjjblcj-1
3546,100,gehdbbgo-1
3547,100,ffgcdcak-1
3548,100,cfgebbgk-1
3549,100,hgdhacgb-1
3550,100,hfingged-1
3551,100,hidelnbi-1
3552,100,cfpbbimb-1
3553,100,gomdipng-1
3554,100,fdilokbf-1
3555,100,gigdoknf-1
3556,100,ghnngldg-1
3557,100,hjjlfogf-1
3558,100,cdibaofl-1
3559,100,gjafifkg-1
3560,100,gokpcfaf-1
3561,100,cgcplnji-1
3562,100,hhhnfpdi-1
3563,100,cghnccfd-1
3564,100,gdiodghp-1
3565,100,lhnimklc-1
3566,100,ffopemce-1
3567,100,hjckpnim-1
3568,100,goipgilp-1
3569,100,golhmadl-1
3570,100,licekakb-1
3571,100,hdleiddm-1
3572,100,cfjomjie-1
3573,100,hficfdgm-1
3574,100,oadjflnj-1
3575,100,fdnconjb-1
3576,100,hfikegfg-1
3577,100,hjpakchn-1
3578,100,hdbdiehd-1
3579,100,cdfehfkd-1
3580,100,gdnhakjd-1
3581,100,gdikbfin-1
3582,100,boheboni-1
3583,100,kbefppfm-1
3584,100,kbedjiok-1
3585,100,hjmakgdi-1
3586,100,gdhpjiag-1
3587,100,kbmaaleg-1
3588,100,kcbodeme-1
3589,100,hhoofncd-1
3590,100,giefekce-1
3591,100,kbofoemi-1
3592,100,fffhacaa-1
3593,100,gipelfjh-1
3594,100,gomjikcn-1
3595,100,gkdmifkp-1
3596,100,hhoimgkh-1
3597,100,hhlljcpc-1
3598,100,hgfiiobd-1
3599,100,hhgckeeo-1
3600,100,gipjeeed-1
3601,100,giiacmah-1
3602,100,hepjnfhd-1
3603,100,hfihdhdk-1
3604,100,hhdoekpb-1
3605,100,ccgkgnec-1
3606,100,gjddlban-1
3607,100,hieknkge-1
3608,100,fdkbfcfh-1
3609,100,ocblijae-1
3610,100,gieigakm-1
3611,100,fffmclmn-1
3612,100,kbmdhfml-1
3613,100,fdkblchd-1
3614,100,cdmaoicj-1
3615,100,gejondai-1
3616,100,gdlhofnb-1
3617,100,hgckmknl-1
3618,100,hjmmdaen-1
3619,100,hgepbjhb-1
3620,100,hienhfak-1
3621,100,gdkifhea-1
3622,100,cdfekcfi-1
3623,100,gijfhfpj-1
3624,100,hhmgplhn-1
3625,100,hhdokcme-1
3626,100,heomfoeh-1
3627,100,hibeciba-1
3628,100,hgcnkmii-1
3629,100,ffiohgck-1
3630,100,giobikkk-1
3631,100,kbdbcjkm-1
3632,100,cgbifbce-1
3633,100,hjmkpphk-1
3634,100,gehfljaa-1
3635,100,ffmebpgi-1
3636,100,obogmbll-1
3637,100,fflahjag-1
3638,100,cgklidoa-1
3639,100,licebcjj-1
3640,100,gibegfhl-1
3641,100,gfibgkae-1
3642,100,kblknpap-1
3643,100,cdmheiml-1
3644,100,ffepmjje-1
3645,100,hjklpodn-1
3646,100,gialklib-1
3647,100,cfkmplel-1
3648,100,ocagpigd-1
3649,100,kbimkfch-1
3650,100,gijgloig-1
3651,100,hjhocekh-1
3652,100,hkbkpahi-1
3653,100,ccnaeccp-1
3654,100,beflogje-1
3655,100,hhnmdanl-1
3656,100,cflpknjh-1
3657,100,hfhfbfef-1
3658,100,hfigkheb-1
3659,100,hhojljkp-1
3660,100,cflogdld-1
3661,100,gdhohcio-1
3662,100,gdidockc-1
3663,100,gonbmnim-1
3664,100,gfcheajd-1
3665,100,ffnangpf-1
3666,100,hgffcaeb-1
3667,100,bnodbaia-1
3668,100,hhejhcmo-1
3669,100,hkcoobjh-1
3670,100,hjohgdgh-1
3671,100,hhhpilce-1
3672,100,hkacpafl-1
3673,100,bikioadc-1
3674,100,hfamgkck-1
3675,100,befmbnpd-1
3676,100,cfjflfgk-1
3677,100,ffpgdcni-1
3678,100,gijmphkb-1
3679,100,ffgcnoke-1
3680,100,kbladlee-1
3681,100,ohbpggnk-1
3682,100,ffgomenn-1
3683,100,cdgeldkk-1
3684,100,cdgfcnik-1
3685,100,lidjalmp-1
3686,100,hhgabcef-1
3687,100,hghmnkcc-1
3688,100,hdjihddo-1
3689,100,hjckmpbk-1
3690,100,kbjnikii-1
3691,100,gkclblkg-1
3692,100,himeglla-1
3693,100,cgknldfm-1
3694,100,gehdndgn-1
3695,100,hhffaekb-1
3696,100,hingbdbh-1
3697,100,hgbkipdc-1
3698,100,hghjailh-1
3699,100,hilpmlja-1
3700,100,gifhhkig-1
3701,100,gomjciho-1
3702,100,gfhjdmjc-1
3703,100,befkkfij-1
3704,100,cdiafajn-1
3705,100,gdhhgind-1
3706,100,gdnglpnc-1
3707,100,gkddfnme-1
3708,100,gfhbgcgd-1
3709,100,gidpickf-1
3710,100,gdlacmaj-1
3711,100,bikkpclg-1
3712,100,cgjmcbpo-1
3713,100,hghcmlen-1
3714,100,hkbcoaad-1
3715,100,cfkoncam-1
3716,100,obpgnalm-1
3717,100,hgggoemp-1
3718,100,gieoencl-1
3719,100,ocaafldp-1
3720,100,hkcbfdep-1
3721,100,ljepomae-1
3722,100,ffehagnj-1
3723,100,hgpjenhg-1
3724,100,fdmilolm-1
3725,100,gfhancpo-1
3726,100,hghnbilj-1
3727,100,gkeopged-1
3728,100,hhjiiani-1
3729,100,obffebgi-1
3730,100,gdkmgphb-1
3731,100,kbnjabon-1
3732,100,gjomljmb-1
3733,100,gokogfff-1
3734,100,gjlphaca-1
3735,100,hjmicajd-1
3736,100,cbnmgngi-1
3737,100,gejkfdkn-1
3738,100,gdjefenc-1
3739,100,hipapgif-1
3740,100,gihjfedc-1
3741,100,gjhacmio-1
3742,100,geglcogh-1
3743,100,hhhfdjpd-1
3744,100,hilojdgi-1
3745,100,cggkajfk-1
3746,100,hfamdkbf-1
3747,100,cgepmgnn-1
3748,100,hjmiohlg-1
3749,100,hggbpjok-1
3750,100,himbamgo-1
3751,100,gokdgkgh-1
3752,100,hhlcfplo-1
3753,100,giicagik-1
3754,100,hjkfhnfb-1
3755,100,gdnponjb-1
3756,100,obofdcdf-1
3757,100,hepmcijj-1
3758,100,fdgmpeci-1
3759,100,gdhdnggo-1
3760,100,hdkkhfni-1
3761,100,gjddooho-1
3762,100,hjmfpkae-1
3763,100,cfjiiljh-1
3764,100,cgeehple-1
3765,100,hjjaagma-1
3766,100,gdjnnbde-1
3767,100,hgdlopjh-1
3768,100,hhlcdkgn-1
3769,100,goomcclo-1
3770,100,hggdnedn-1
3771,100,gdmojcan-1
3772,100,hjidbdim-1
3773,100,cfokibbi-1
3774,100,kbddbgeh-1
3775,100,ffjfodgc-1
3776,100,kbpielhc-1
3777,100,cfjopkhd-1
3778,100,gfhkjkce-1
3779,100,hfghhofk-1
3780,100,hiegpolm-1
3781,100,hggpdgnd-1
3782,100,gokdklbd-1
3783,100,cgalaikp-1
3784,100,kcedjmkd-1
3785,100,bnofhpio-1
3786,100,kcbjhgng-1
3787,100,gjihlbmj-1
3788,100,cfjjgljn-1
3789,100,bnneiijj-1
3790,100,oaclibdj-1
3791,100,goiolabn-1
3792,100,licgdjam-1
3793,100,cdfhghhe-1
3794,100,cgdocmdn-1
3795,100,cghiongg-1
3796,100,hcdplcjc-1
3797,100,gejjjiok-1
3798,100,gieenjpo-1
3799,100,cgdgbngo-1
3800,100,cfnkcnfl-1
3801,100,cgipgmpm-1
3802,100,hgcbppah-1
3803,100,goolajcg-1
3804,100,hghfambn-1
3805,100,gomebmbg-1
3806,100,cgkdoggk-1
3807,100,hghlbjme-1
3808,100,ffmnmbla-1
3809,100,kbkfopnk-1
3810,100,gjkjcdej-1
3811,100,ffegddfc-1
3812,100,cbninhei-1
3813,100,giioidfj-1
3814,100,cgdmoloo-1
3815,100,hgffobap-1
3816,100,hdlcffmj-1
3817,100,hfglkeeo-1
3818,100,ffodihke-1
3819,100,gikeklib-1
3820,100,hjohjfel-1
3821,100,hkbelbph-1
3822,100,hgkhemje-1
3823,100,oacnjdfl-1
3824,100,ginfmflc-1
3825,100,obpcjknk-1
3826,100,gdphmfak-1
3827,100,hjlghkla-1
3828,100,ocgndlgc-1
3829,100,gkbcekgb-1
3830,100,hepjkldp-1
3831,100,hfgfdpjp-1
3832,100,oadofghe-1
3833,100,golmepem-1
3834,100,gicfnand-1
3835,100,gjagdidd-1
3836,100,ffimcmnn-1
3837,100,goomaljj-1
3838,100,fdmaifjl-1
3839,100,gopbegeh-1
3840,100,gjificbl-1
3841,100,bikpinpg-1
3842,100,gjcgekgk-1
3843,100,hffpjakc-1
3844,100,oacljfga-1
3845,100,hhgpjich-1
3846,100,bnnghgfg-1
3847,100,hhmmklee-1
3848,100,gikggbji-1
3849,100,gdkgellh-1
3850,100,himfkoii-1
3851,100,gofjjaaf-1
3852,100,hgpefnif-1
3853,100,giilijbc-1
3854,100,kbngcpam-1
3855,100,cegjaock-1
3856,100,hhjhognm-1
3857,100,behjicee-1
3858,100,gihajeln-1
3859,100,gompbbbm-1
3860,100,gieidbcc-1
3861,100,gjmjiobd-1
3862,100,gjmakena-1
3863,100,cgbnblgj-1
3864,100,lidlcoaa-1
3865,100,hfidcfeo-1
3866,100,gfchjjod-1
3867,100,gohmlcep-1
3868,100,cdijoooe-1
3869,100,obpahijb-1
3870,100,hieniigp-1
3871,100,hkcapcef-1
3872,100,hjlapmgj-1
3873,100,hgepmejg-1
3874,100,kbeekbel-1
3875,100,gjomibgp-1
3876,100,hkbndmho-1
3877,100,hdlbmlcl-1
3878,100,hioknhef-1
3879,100,oehgijbh-1
3880,100,gokhbofd-1
3881,100,cdfeahga-1
3882,100,kbikkonj-1
3883,100,kcacpdin-1
3884,100,ghnpccnj-1
3885,100,obfdgeac-1
3886,100,ceobgkee-1
3887,100,cfbdnobf-1
3888,100,ljfjoeme-1
3889,100,hienpjkn-1
3890,100,kcbcnpmp-1
3891,100,bikpmdom-1
3892,100,gjhchjao-1
3893,100,gjgfenoi-1
3894,100,cgbiddep-1
3895,100,gjogamal-1
3896,100,gihmdfll-1
3897,100,gkbhkgdb-1
3898,100,gioaecal-1
3899,100,cflaallb-1
3900,100,hjdfaefa-1
3901,100,gomhgbgm-1
3902,100,cfpdnnpk-1
3903,100,gjkihonk-1
3904,100,gjoofdoe-1
3905,100,beicjjal-1
3906,100,cgengeil-1
3907,100,oboapmfd-1
3908,100,ffjpkkip-1
3909,100,cgghkmbh-1
3910,100,fffgijfb-1
3911,100,hgbkeghk-1
3912,100,gjbfdpho-1
3913,100,hfbofpoj-1
3914,100,gofpacki-1
3915,100,ffkklloo-1
3916,100,cgkgmkge-1
3917,100,hgcaodch-1
3918,100,ffnmgcij-1
3919,100,cbncmgjd-1
3920,100,fnmgadpn-1
3921,100,gfhnbnil-1
3922,100,oadfedjp-1
3923,100,ffgjoege-1
3924,100,gfiiokom-1
3925,100,gomdbjho-1
3926,100,hkaafede-1
3927,100,hjlkaapf-1
3928,100,ocgbbaea-1
3929,100,giogogfj-1
3930,100,hjnnjemo-1
3931,100,bikcalba-1
3932,100,hidpohhl-1
3933,100,hkcfapke-1
3934,100,ocgikfkg-1
3935,100,heplglin-1
3936,100,ccncbbfm-1
3937,100,hjdeicae-1
3938,100,gdikmaaj-1
3939,100,hkbeompo-1
3940,100,bogebjlh-1
3941,100,oadkfhan-1
3942,100,gojbfcif-1
3943,100,heoijhec-1
3944,100,obhdgoln-1
3945,100,cdfkbgpe-1
3946,100,gijllcfj-1
3947,100,gioaclhh-1
3948,100,ffjngcbn-1
3949,100,ocgamphd-1
3950,100,hhbljocg-1
3951,100,gigpeehm-1
3952,100,ffkiecln-1
3953,100,golnedhp-1
3954,100,cgfiffhe-1
3955,100,cgkcgaid-1
3956,100,cgkmnmpo-1
3957,100,cgcnfjbi-1
3958,100,hfhgniek-1
3959,100,ffokfeai-1
3960,100,gommahna-1
3961,100,hjclpcbh-1
3962,100,kbmjgabc-1
3963,100,hgldoccb-1
3964,100,gihfhdhh-1
3965,100,gjjnfmkn-1
3966,100,gofppcil-1
3967,100,ffgdgjbh-1
3968,100,cghppbdk-1
3969,100,hibehmdg-1
3970,100,hjlfmmcm-1
3971,100,bnppgach-1
3972,100,ocbodmdh-1
3973,100,gofamndn-1
3974,100,hggeboaj-1
3975,100,ffpdalll-1
3976,100,gdnolcpa-1
3977,100,ljfjobdm-1
3978,100,ocncnfel-1
3979,100,hjkkjfin-1
3980,100,hhgiaopk-1
3981,100,goohmlak-1
3982,100,hilpjjkb-1
3983,100,gdhmomhd-1
3984,100,fdmfcakn-1
3985,100,cgkcchnn-1
3986,100,ffofpmlj-1
3987,100,cgjgibhi-1
3988,100,gjjjmhgn-1
3989,100,gjidnehp-1
3990,100,ccmocabj-1
3991,100,kcahckip-1
3992,100,hidfigad-1
3993,100,cfppkcaa-1
3994,100,gjicegpp-1
3995,100,obilfefo-1
3996,100,cfonffco-1
3997,100,gigpfgmg-1
3998,100,hggmkeoi-1
3999,100,hfgpbolm-1
4000,100,hjjikmmb-1
4001,100,libmhjic-1
4002,100,gkbopfbf-1
4003,100,obfgppbk-1
4004,100,gehacfed-1
4005,100,hjnffnec-1
4006,100,gdlgkckm-1
4007,100,cfodbfap-1
4008,100,gibgihff-1
4009,100,cgefckme-1
4010,100,gihfdekl-1
4011,100,oaclddhh-1
4012,100,ffghkpmc-1
4013,100,hgdebjcj-1
4014,100,hjmkhcok-1
4015,100,cgfphbbo-1
4016,100,fdkbfmab-1
4017,100,hkaomjic-1
4018,100,fdmjkmig-1
4019,100,ffjcneii-1
4020,100,hfcejpgd-1
4021,100,hgcnagcl-1
4022,100,gojhblnm-1
4023,100,gipdjcic-1
4024,100,ginmgbbh-1
4025,100,goiocdao-1
4026,100,hippehgo-1
4027,100,ffmdblan-1
4028,100,hjldpjdg-1
4029,100,kbdloebp-1
4030,100,gdlhhcbc-1
4031,100,cgendjip-1
4032,100,ffinabpe-1
4033,100,hjpnphol-1
4034,100,gjcpjmgg-1
4035,100,cgdimgnl-1
4036,100,hghjjefo-1
4037,100,gjjmnmia-1
4038,100,hfalbloj-1
4039,100,fdlppdcp-1
4040,100,cfjgmhgn-1
4041,100,gfhpcmgj-1
4042,100,gingndhc-1
4043,100,hjpjhcij-1
4044,100,gipcnace-1
4045,100,cgbpkdgm-1
4046,100,ffhekela-1
4047,100,boafimia-1
4048,100,hjlidfln-1
4049,100,hhfjmcme-1
4050,100,cfjggaoc-1
4051,100,gicakkkj-1
4052,100,gdkbfjab-1
4053,100,kbngjojc-1
4054,100,giomkfoi-1
4055,100,giiejbip-1
4056,100,gehajcdo-1
4057,100,giiaegkb-1
4058,100,hjkdboin-1
4059,100,hhnlemfo-1
4060,100,ocgbcijc-1
4061,100,hhcggdmp-1
4062,100,hgkcdlgm-1
4063,100,gkehgkbb-1
4064,100,hioedeml-1
4065,100,kbnppnnp-1
4066,100,gjaljoom-1
4067,100,cbnioklm-1
4068,100,hgkkabhn-1
4069,100,hgcbfpie-1
4070,100,ffmjfjnh-1
4071,100,hjkffpge-1
4072,100,kcbopiga-1
4073,100,bohfclka-1
4074,100,hgbnimff-1
4075,100,ffoklnih-1
4076,100,goifomip-1
4077,100,oegfkjbk-1
4078,100,bikolpbj-1
4079,100,gifolppn-1
4080,100,gomjmnjk-1
4081,100,ognkoedo-1
4082,100,gdklcobi-1
4083,100,gdjajpop-1
4084,100,gjhldekp-1
4085,100,bikjeiao-1
4086,100,heojkkci-1
4087,100,hgccodhk-1
4088,100,cggeaigo-1
4089,100,hjndoeom-1
4090,100,gjddhmab-1
4091,100,gjbgbmnh-1
4092,100,ffkefodh-1
4093,100,hcdofkba-1
4094,100,hfaenneh-1
4095,100,cfnknoce-1
4096,100,gjlopkhn-1
4097,100,ocfopabo-1
4098,100,cfpjjmej-1
4099,100,cbnnaccd-1
4100,100,ocglojmf-1
4101,100,kbppcjdn-1
4102,100,ocdeojlf-1
4103,100,cfgfdkca-1
4104,100,hgmamhdj-1
4105,100,giahhcbd-1
4106,100,hfokliae-1
4107,100,kbkkbedc-1
4108,100,gonjjklc-1
4109,100,cgcfbbbi-1
4110,100,licjnkac-1
4111,100,cdfoeill-1
4112,100,ccffghep-1
4113,100,giipmeah-1
4114,100,gonbcldh-1
4115,100,hkcngenl-1
4116,100,hjhongei-1
4117,100,cbmobgma-1
4118,100,gdilfipl-1
4119,100,gogloagl-1
4120,100,cenadnkp-1
4121,100,hhbkhcnp-1
4122,100,hjdakena-1
4123,100,gihpanlo-1
4124,100,ccmphcgk-1
4125,100,gkdhmlng-1
4126,100,ffhofbae-1
4127,100,boghecbn-1
4128,100,cfbgaoap-1
4129,100,cennpphl-1
4130,100,libknnib-1
4131,100,oadhfkag-1
4132,100,lidfehmb-1
4133,100,hhmoglfi-1
4134,100,hfabelmc-1
4135,100,kbopjdbg-1
4136,100,gkccflad-1
4137,100,hjmpdlhn-1
4138,100,hhhddpdg-1
4139,100,hfgpngng-1
4140,100,cbobncni-1
4141,100,ffnjfpac-1
4142,100,gjipljpe-1
4143,100,hgkifkid-1
4144,100,gdmgknlp-1
4145,100,kboadbjk-1
4146,100,ocdjegbo-1
4147,100,fdkkbnpe-1
4148,100,kcaflgjd-1
4149,100,gimnigdj-1
4150,100,cfllgegj-1
4151,100,hdjlccom-1
4152,100,hjgdjkfh-1
4153,100,hffbikld-1
4154,100,cdgpdfdh-1
4155,100,cgdkmolk-1
4156,100,hhmdmbbn-1
4157,100,hfmnhdoc-1
4158,100,hjkplpap-1
4159,100,biladcno-1
4160,100,gdkgglkm-1
4161,100,cfmegaji-1
4162,100,cgabjfgk-1
4163,100,hkcjfdkl-1
4164,100,hhpefgol-1
4165,100,himjndml-1
4166,100,gehdngkl-1
4167,100,cfnabnnp-1
4168,100,hfakialg-1
4169,100,cdfignpp-1
4170,100,cfjejjnh-1
4171,100,gejhcbgd-1
4172,100,cgchebgg-1
4173,100,gjoccgma-1
4174,100,hfcboefc-1
4175,100,cenllpgp-1
4176,100,gjkljmdm-1
4177,100,bikgmomc-1
4178,100,ccghphnp-1
4179,100,cfkdppch-1
4180,100,kbkgbnlh-1
4181,100,hffcabdo-1
4182,100,hgdebabf-1
4183,100,hgfkajfi-1
4184,100,gifhaakl-1
4185,100,cgbjmnil-1
4186,100,hfiacmeo-1
4187,100,hepooenm-1
4188,100,cgdlhfjd-1
4189,100,ffnkgdmm-1
4190,100,cfghldkp-1
4191,100,hjkckakj-1
4192,100,hjidandp-1
4193,100,hfgedkbc-1
4194,100,kbjkfeih-1
4195,100,hjmdclma-1
4196,100,ccfcfkgn-1
4197,100,gjbaojjf-1
4198,100,hhephlni-1
4199,100,gidnngon-1
4200,100,hepljpal-1
4201,100,gjbbemeg-1
4202,100,hiehfeag-1
4203,100,cehkfogh-1
4204,100,hhgghebc-1
4205,100,gokodpdh-1
4206,100,hdleeegp-1
4207,100,cfanajfg-1
4208,100,gdjkolpd-1
4209,100,cdfiioeo-1
4210,100,gdlpnjin-1
4211,100,kbehcapm-1
4212,100,hjmegpin-1
4213,100,lidhamja-1
4214,100,fdjgojge-1
4215,100,bnplanal-1
4216,100,hjjmbgio-1
4217,100,kbgfdlhg-1
4218,100,ljfdgdpm-1
4219,100,ocdiopif-1
4220,100,hkbmjaik-1
4221,100,ffpalokc-1
4222,100,hjhongfk-1
4223,100,ffeebeon-1
4224,100,giaoniek-1
4225,100,ffnhnfbd-1
4226,100,bohlhjoo-1
4227,100,gdofgnkl-1
4228,100,kbdnadef-1
4229,100,gogcflbp-1
4230,100,hfaljkob-1
4231,100,goifchpp-1
4232,100,hjihnlji-1
4233,100,cgeknnbi-1
4234,100,ccncmiko-1
4235,100,liccplna-1
4236,100,hjlgnfbg-1
4237,100,hhgcdlhg-1
4238,100,hgecnfmm-1
4239,100,hjiimpja-1
4240,100,gifggpld-1
4241,100,hgkmiloa-1
4242,100,ghpdckli-1
4243,100,hkbcagik-1
4244,100,heojlbkp-1
4245,100,hhmnmfna-1
4246,100,gnbaffda-1
4247,100,giobbfib-1
4248,100,cfomabbc-1
4249,100,bikplldj-1
4250,100,cfbanock-1
4251,100,hheeinna-1
4252,100,ffigdjml-1
4253,100,gijicaef-1
4254,100,hfmmcipf-1
4255,100,oacjfhin-1
4256,100,hhlbjlpk-1
4257,100,golghikf-1
4258,100,hgdajded-1
4259,100,kbeiinol-1
4260,100,cgfcgaij-1
4261,100,hingdlld-1
4262,100,gigjbjla-1
4263,100,ceoceall-1
4264,100,ocgcgcho-1
4265,100,hfoemkal-1
4266,100,hheakdmh-1
4267,100,hifakfad-1
4268,100,ffmmcfih-1
4269,100,gofpjdhm-1
4270,100,hjmnninc-1
4271,100,cfpfjaii-1
4272,100,hfofoohg-1
4273,100,hfenppel-1
4274,100,kbdeenjk-1
4275,100,ffjpmjhh-1
4276,100,hgfkjpao-1
4277,100,kbmleghb-1
4278,100,hghcfefg-1
4279,100,hjphjfbo-1
4280,100,himhkijf-1
4281,100,gkbgochp-1
4282,100,gonmljbg-1
4283,100,ocbepddh-1
4284,100,gogodlii-1
4285,100,hdjofclm-1
4286,100,cfmbdhkp-1
4287,100,hffpljeo-1
4288,100,hhblojeh-1
4289,100,kbeakokl-1
4290,100,ohbpcgkg-1
4291,100,gdjbinnp-1
4292,100,hgljlpba-1
4293,100,fflaennk-1
4294,100,gibfgpop-1
4295,100,cgedmihk-1
4296,100,cfanjkna-1
4297,100,cgdegmbb-1
4298,100,gdkcodcb-1
4299,100,oehbjodm-1
4300,100,hhjgoegl-1
4301,100,hfogaocd-1
4302,100,gigpdegl-1
4303,100,occdlmda-1
4304,100,cfljcnbc-1
4305,100,hgbdpici-1
4306,100,hjjjoneo-1
4307,100,hjkphmkp-1
4308,100,gihlmjkj-1
4309,100,hhgepofi-1
4310,100,gojbjlpb-1
4311,100,oefpiooj-1
4312,100,hdjnfepm-1
4313,100,hjoncaig-1
4314,100,hfhmoipg-1
4315,100,cgdpnapi-1
4316,100,hjlcnkjb-1
4317,100,oeggcahm-1
4318,100,gjijlnpo-1
4319,100,cegiegke-1
4320,100,gjoedhmi-1
4321,100,hgkpghfe-1
4322,100,hhfjdiea-1
4323,100,hjliomik-1
4324,100,cgddkhdg-1
4325,100,lkepliao-1
4326,100,hgejaodc-1
4327,100,ffnniemj-1
4328,100,ccghjoji-1
4329,100,cgfhidhh-1
4330,100,hjmhjahb-1
4331,100,giaedfmf-1
4332,100,gjjfpbgk-1
4333,100,gehapikk-1
4334,100,ccgmjikg-1
4335,100,cggegcmg-1
4336,100,gielgdem-1
4337,100,oboljapi-1
4338,100,ccffljbi-1
4339,100,hepkgnin-1
4340,100,bnnhkhch-1
4341,100,hjngdoei-1
4342,100,fffoodbm-1
4343,100,hgmajphk-1
4344,100,hjknkndp-1
4345,100,hibgjdmc-1
4346,100,gfhkcjcd-1
4347,100,hjcnlfoh-1
4348,100,cfjnickm-1
4349,100,gjhfehkb-1
4350,100,gkdhekdf-1
4351,100,ffnoeaip-1
4352,100,ocbncnba-1
4353,100,gdjmjfgp-1
4354,100,ghpkhcdi-1
4355,100,kbnocgfj-1
4356,100,gkbofecb-1
4357,100,hfgkilno-1
4358,100,fdkihjpo-1
4359,100,hdjghjfl-1
4360,100,hjkgkehi-1
4361,100,cgcpcmkc-1
4362,100,cdfiekon-1
4363,100,gjjjhomd-1
4364,100,begbmpah-1
4365,100,bnnfnpje-1
4366,100,gdmjpegl-1
4367,100,gkbfeghm-1
4368,100,kbimoakd-1
4369,100,gdlbpfil-1
4370,100,hjlablba-1
4371,100,cgcadhde-1
4372,100,gohljkgi-1
4373,100,gjnlfenh-1
4374,100,himooggi-1
4375,100,cgfpplom-1
4376,100,hfhnanak-1
4377,100,hggflgad-1
4378,100,kbipjcak-1
4379,100,hkbffaik-1
4380,100,gibdiilm-1
4381,100,ffkcfjjd-1
4382,100,hhfkpafj-1
4383,100,hdjfiljh-1
4384,100,hhgonpkn-1
4385,100,cdhlocbd-1
4386,100,ffjlfdne-1
4387,100,gjbadhfj-1
4388,100,hdljneie-1
4389,100,cgehmpii-1
4390,100,gipfcmep-1
4391,100,ffhphnmc-1
4392,100,hgfbjgoo-1
4393,100,gjkgidpj-1
4394,100,hhmiimke-1
4395,100,bogfppbg-1
4396,100,fffdigjh-1
4397,100,cbmlehhd-1
4398,100,bnnljgpd-1
4399,100,gfhibgpp-1
4400,100,hgldgpfi-1
4401,100,bohnfibp-1
4402,100,kbjecdhb-1
4403,100,ffkcaacf-1
4404,100,hinedckg-1
4405,100,gijcabmk-1
4406,100,hidmdhhd-1
4407,100,bnneneca-1
4408,100,hjpdkohk-1
4409,100,hgeoaeaj-1
4410,100,kblodhia-1
4411,100,kbcpdlki-1
4412,100,hjijpdhl-1
4413,100,hcenajma-1
4414,100,ffoelkmg-1
4415,100,lidephie-1
4416,100,obhalfbf-1
4417,100,ffkpcojb-1
4418,100,gifhehbh-1
4419,100,hhpadebn-1
4420,100,hjkgnala-1
4421,100,gohcefaf-1
4422,100,bohiclbd-1
4423,100,bnnnknfh-1
4424,100,gkcjfoba-1
4425,100,gfgohpmg-1
4426,100,gdnkahdn-1
4427,100,hkahhcgi-1
4428,100,hkdclpdp-1
4429,100,ffmambil-1
4430,100,gicinbgc-1
4431,100,cfmjnlea-1
4432,100,hiemegga-1
4433,100,gidnpded-1
4434,100,gkbboagb-1
4435,100,gjahkmli-1
4436,100,hfhgpkik-1
4437,100,cgdjblho-1
4438,100,hjimlghn-1
4439,100,kbgeepeo-1
4440,100,kbjcnmlb-1
4441,100,hfholkee-1
4442,100,gihdkmnf-1
4443,100,gokhfijb-1
4444,100,oboahjcg-1
4445,100,oegkciln-1
4446,100,cfofjipf-1
4447,100,libjjfno-1
4448,100,hjkefceg-1
4449,100,gojbgpgf-1
4450,100,kcebooia-1
4451,100,ffmemfpn-1
4452,100,lhnjkjkn-1
4453,100,kbdffbkk-1
4454,100,hfggehld-1
4455,100,gejfndfc-1
4456,100,cfkfackm-1
4457,100,hjkpobih-1
4458,100,cgiildii-1
4459,100,lkfdpcgg-1
4460,100,ffofladi-1
4461,100,gdogahpd-1
4462,100,gijhgpji-1
4463,100,bnpoienp-1
4464,100,hdlggbpn-1
4465,100,cdipgdhn-1
4466,100,ffkpdoon-1
4467,100,gejpdiip-1
4468,100,gjhkeigb-1
4469,100,cfjhdaaf-1
4470,100,hidapffb-1
4471,100,kbjlioac-1
4472,100,gdkolffj-1
4473,100,lidhiicd-1
4474,100,gofdkhdj-1
4475,100,befdiffk-1
4476,100,giekealc-1
4477,100,cfkcnapj-1
4478,100,giegkfpc-1
4479,100,gjheahle-1
4480,100,kbdkdpco-1
4481,100,ffkjeeji-1
4482,100,gdnalokf-1
4483,100,ocnbmpeg-1
4484,100,ghpmbpkg-1
4485,100,gihhfpda-1
4486,100,hcdndjbn-1
4487,100,hifcoeli-1
4488,100,hdkijnnl-1
4489,100,ljfhgoei-1
4490,100,gjcoflee-1
4491,100,hfaicpcc-1
4492,100,gdlhfbjp-1
4493,100,gibobmbf-1
4494,100,cbmlhlmk-1
4495,100,cgfbkgjd-1
4496,100,libkdnpn-1
4497,100,fnjimfnd-1
4498,100,fffekbjo-1
4499,100,hhfkcejn-1
4500,100,kbpmlpag-1
4501,100,hkcanigb-1
4502,100,kbipojnl-1
4503,100,kbnmlkbm-1
4504,100,hjociggk-1
4505,100,gjgbfepb-1
4506,100,gfcobcme-1
4507,100,hdkcilka-1
4508,100,hjplllpp-1
4509,100,gjblbhbn-1
4510,100,gdnjnban-1
4511,100,cgfeidml-1
4512,100,gionbfdc-1
4513,100,hkcnlemh-1
4514,100,cgbpkdkm-1
4515,100,hjlaodin-1
4516,100,bikldjlh-1
4517,100,ccncdjnp-1
4518,100,hhlbfknb-1
4519,100,oboaenak-1
4520,100,befdckke-1
4521,100,ffhejglo-1
4522,100,hhmgghkj-1
4523,100,cgdijohg-1
4524,100,gfcjgbjj-1
4525,100,hfakhncb-1
4526,100,hjlelhbh-1
4527,100,fdmbapfl-1
4528,100,gogckkef-1
4529,100,goenikla-1
4530,100,ffedkfnb-1
4531,100,gdhpfmkd-1
4532,100,gojhpoao-1
4533,100,kcaamngd-1
4534,100,hjipkogc-1
4535,100,gofkmgej-1
4536,100,kcdbcepd-1
4537,100,hgbkbhin-1
4538,100,cbmpgbfk-1
4539,100,cbocllbk-1
4540,100,hjdcclld-1
4541,100,bogcmiie-1
4542,100,hgcihjhd-1
4543,100,ocamclnm-1
4544,100,hgmbcbbi-1
4545,100,ghnnebme-1
4546,100,cbnmmild-1
4547,100,fdmcojpl-1
4548,100,hfjnncbd-1
4549,100,hepmodan-1
4550,100,hjleogoe-1
4551,100,fdmggncp-1
4552,100,licfcijf-1
4553,100,ghpgjmjb-1
4554,100,gieekclg-1
4555,100,cbnciafm-1
4556,100,hgkhjhbn-1
4557,100,hgmbfpdb-1
4558,100,cdgbfadd-1
4559,100,cfljmamn-1
4560,100,hgjhmohf-1
4561,100,ccmllimd-1
4562,100,hjnkghbc-1
4563,100,gombekgm-1
4564,100,hgdkhgdf-1
4565,100,ccbkhhbc-1
4566,100,gfckpodb-1
4567,100,hgddcbmj-1
4568,100,gfgpkbmm-1
4569,100,hglbcmno-1
4570,100,cgecgngg-1
4571,100,ccnfhepo-1
4572,100,ocggmgif-1
4573,100,hjkhhnco-1
4574,100,ffpjinem-1
4575,100,gicjmhcp-1
4576,100,hjpeogci-1
4577,100,gdjflfcg-1
4578,100,hhmenamf-1
4579,100,hjlbjboc-1
4580,100,gihobejo-1
4581,100,gonobghn-1
4582,100,boabdaaf-1
4583,100,bnolnpgm-1
4584,100,cclcjoog-1
4585,100,giiodppg-1
4586,100,fdjmjkib-1
4587,100,hfamjoaf-1
4588,100,kcejglgc-1
4589,100,ffmgilbk-1
4590,100,cgfjihkp-1
4591,100,boagoagn-1
4592,100,kblegmfn-1
4593,100,ffochknf-1
4594,100,obomkann-1
4595,100,hjjfeeep-1
4596,100,gigccgpo-1
4597,100,cfkfmhgg-1
4598,100,cdfjcglj-1
4599,100,gigdopla-1
4600,100,cclfmfjp-1
4601,100,cfnigbma-1
4602,100,hfkcohch-1
4603,100,ffmibmfd-1
4604,100,gicnjbnk-1
4605,100,cgdckfaj-1
4606,100,hkaaglpf-1
4607,100,hffmmgjf-1
4608,100,gdhjljmo-1
4609,100,cgdafigl-1
4610,100,kbjngmmd-1
4611,100,cgbngkal-1
4612,100,cggfalnl-1
4613,100,gjojckek-1
4614,100,gjifeehf-1
4615,100,ffknbind-1
4616,100,gjljpanh-1
4617,100,hjjjkaon-1
4618,100,bogbckmh-1
4619,100,hgphfkfb-1
4620,100,goifgfac-1
4621,100,hhdmlndm-1
4622,100,cdiaganl-1
4623,100,cdmfikgm-1
4624,100,hceogkac-1
4625,100,oacicdlb-1
4626,100,hkdgffld-1
4627,100,hdkgaial-1
4628,100,hffcengb-1
4629,100,hfcdoncj-1
4630,100,gohgpeep-1
4631,100,hifdcaaa-1
4632,100,giahplol-1
4633,100,hffbhfic-1
4634,100,hfoiphah-1
4635,100,goilmleh-1
4636,100,occnogpb-1
4637,100,hglcnmgb-1
4638,100,cbodjgam-1
4639,100,gimoipje-1
4640,100,ffhjjapk-1
4641,100,ffkimdod-1
4642,100,befldbio-1
4643,100,cdfngppp-1
4644,100,cfjjmdai-1
4645,100,ccobkbdm-1
4646,100,cfgkbbcb-1
4647,100,gfhifhkf-1
4648,100,hjmfajfd-1
4649,100,hhhnfflb-1
4650,100,oboknhfc-1
4651,100,fnmgcgdp-1
4652,100,hcdnnjdk-1
4653,100,ffenddkc-1
4654,100,hgfobkpp-1
4655,100,gfgmplco-1
4656,100,obhdbkle-1
4657,100,kcemlhoa-1
4658,100,hjlbbcfb-1
4659,100,hgkimolh-1
4660,100,hjphanae-1
4661,100,hfcggene-1
4662,100,hgkhohgh-1
4663,100,bnobpide-1
4664,100,himdobdf-1
4665,100,oclldhij-1
4666,100,kcejhnih-1
4667,100,gogjoopk-1
4668,100,cgbjajfj-1
4669,100,hidlhpko-1
4670,100,ocaldmfj-1
4671,100,hiobcbjh-1
4672,100,beffigon-1
4673,100,gkbkbhdb-1
4674,100,obifkcpn-1
4675,100,ocloifpe-1
4676,100,gokoohjg-1
4677,100,giahiahj-1
4678,100,cfpbkijk-1
4679,100,gdhonldd-1
4680,100,hhmckifj-1
4681,100,hghlegih-1
4682,100,gibmecpc-1
4683,100,hiojkeon-1
4684,100,hjibmfnl-1
4685,100,ocmpgdpn-1
4686,100,cdhlbdai-1
4687,100,hjobdgib-1
4688,100,gopknelp-1
4689,100,ognkcnnl-1
4690,100,liblfhag-1
4691,100,gjbghcid-1
4692,100,cfodgldj-1
4693,100,lkfahgmf-1
4694,100,hjghofdn-1
4695,100,goifffna-1
4696,100,fdloejnf-1
4697,100,hglneaof-1
4698,100,kanfefeh-1
4699,100,gimmkhlj-1
4700,100,ffmkfloc-1
4701,100,cflbajon-1
4702,100,gfgpkdmj-1
4703,100,gifffkph-1
4704,100,cgfbagno-1
4705,100,gjojhcll-1
4706,100,hgldcpgc-1
4707,100,hgllndan-1
4708,100,hfjalnhj-1
4709,100,hggknfmb-1
4710,100,gkccojop-1
4711,100,cdiopldl-1
4712,100,gopjjbbk-1
4713,100,kbecbnnj-1
4714,100,hfcepmjd-1
4715,100,gdmkceec-1
4716,100,hkcecfje-1
4717,100,ghodjodm-1
4718,100,lkfbpkgl-1
4719,100,hhghojpl-1
4720,100,cfmcjbca-1
4721,100,hkbkcdcm-1
4722,100,gfhbeejp-1
4723,100,hgdofcdg-1
4724,100,hdjhohke-1
4725,100,fffjaaam-1
4726,100,hggdfgoc-1
4727,100,boafmfhj-1
4728,100,cfmfclmk-1
4729,100,gimbmjoa-1
4730,100,kbnphkbm-1
4731,100,hfjmogmk-1
4732,100,hglfmock-1
4733,100,gickoedk-1
4734,100,gfhbecic-1
4735,100,hgcidigc-1
4736,100,behkhlfg-1
4737,100,kbeeomei-1
4738,100,fdnbifmb-1
4739,100,fdjamjho-1
4740,100,oefmdagh-1
4741,100,gdochlhc-1
4742,100,gdhgnbjn-1
4743,100,cclbcoek-1
4744,100,gdkjkgal-1
4745,100,fnjjnaco-1
4746,100,kblpfdpd-1
4747,100,hhocncco-1
4748,100,gdnhohcp-1
4749,100,gkdfkfbe-1
4750,100,gicpaddk-1
4751,100,gdmmplli-1
4752,100,hhcfacjf-1
4753,100,hjpiehpp-1
4754,100,hffpnlni-1
4755,100,hkandopn-1
4756,100,hfilmgae-1
4757,100,hhhlodkc-1
4758,100,gdjiieoe-1
4759,100,occjepic-1
4760,100,gijmkmhb-1
4761,100,hfimpinc-1
4762,100,gjbdmnim-1
4763,100,kblpkkak-1
4764,100,hjhmngfn-1
4765,100,gjjajcal-1
4766,100,hjoplhlg-1
4767,100,hgcankio-1
4768,100,hgdcojbd-1
4769,100,hfibieag-1
4770,100,bikcihai-1
4771,100,golfmlfi-1
4772,100,kblcghog-1
4773,100,hiehgelk-1
4774,100,kbjjdmke-1
4775,100,ffjljnjo-1
4776,100,cflgbgdg-1
4777,100,hhlmphpj-1
4778,100,hhmhoilk-1
4779,100,fdjfjfdj-1
4780,100,gjkilbdf-1
4781,100,hhggkdhd-1
4782,100,ccncgpii-1
4783,100,ocbighcj-1
4784,100,cfpkjaim-1
4785,100,cflnenop-1
4786,100,hhhbbhcp-1
4787,100,cfmlaafk-1
4788,100,hfaabpnd-1
4789,100,hjmhidmg-1
4790,100,gfhonnfb-1
4791,100,giocmjko-1
4792,100,obphfijc-1
4793,100,behobpml-1
4794,100,obpagaii-1
4795,100,hjplbimc-1
4796,100,fdjeokej-1
4797,100,oaddidia-1
4798,100,hfgighak-1
4799,100,hfipaaaj-1
4800,100,gjiodmea-1
4801,100,gfgdbdfa-1
4802,100,cfmifnkj-1
4803,100,gokjcnhm-1
4804,100,cfanjecp-1
4805,100,gjgnhgck-1
4806,100,kbefapca-1
4807,100,licacjeb-1
4808,100,hhnmcabf-1
4809,100,hhhjjbjm-1
4810,100,hjipkcje-1
4811,100,ghpkboce-1
4812,100,bikopjab-1
4813,100,gohbdnaj-1
4814,100,hjkoeeaj-1
4815,100,cgeclobc-1
4816,100,bjccjbfp-1
4817,100,gjbjagdo-1
4818,100,hjcnbimd-1
4819,100,gooohlia-1
4820,100,bjceoahc-1
4821,100,hgclmjpi-1
4822,100,hhfidfhf-1
4823,100,oadnmpbh-1
4824,100,cbnnnghb-1
4825,100,gjkllgna-1
4826,100,ocmlldag-1
4827,100,hfiaagfk-1
4828,100,cfjfklpb-1
4829,100,cfnaepea-1
4830,100,hiigadnb-1
4831,100,hiehebak-1
4832,100,bnpkfnkg-1
4833,100,ocadhbef-1
4834,100,hgkhgeic-1
4835,100,gibkokbp-1
4836,100,biknanji-1
4837,100,gjgogdkb-1
4838,100,ffeeeaog-1
4839,100,gdnghhia-1
4840,100,gkdinagm-1
4841,100,hfigbdhc-1
4842,100,golfcdda-1
4843,100,giceaabj-1
4844,100,gibplgbh-1
4845,100,himgeaaj-1
4846,100,hhpbimkh-1
4847,100,hghjcpod-1
4848,100,cgfblbkl-1
4849,100,ffjfoopm-1
4850,100,gficagcp-1
4851,100,kbddbjin-1
4852,100,hjiocmba-1
4853,100,ocmfeenn-1
4854,100,gkdcdhbg-1
4855,100,gicpcdgp-1
4856,100,hdldejlg-1
4857,100,cfgbjcol-1
4858,100,hjnpfpdg-1
4859,100,hgelpopb-1
4860,100,cgfjbkpf-1
4861,100,gfcgklja-1
4862,100,ffheopff-1
4863,100,hkddcike-1
4864,100,cggomnem-1
4865,100,ffgjjhba-1
4866,100,gieileen-1
4867,100,oegineod-1
4868,100,hdkinnnk-1
4869,100,hfepmnjm-1
4870,100,ccghkele-1
4871,100,gdlibipg-1
4872,100,gimdbhjj-1
4873,100,gkehgpop-1
4874,100,ocbphgfh-1
4875,100,hjigmmji-1
4876,100,kbgepoae-1
4877,100,hfhhbcif-1
4878,100,cgghpmai-1
4879,100,hjolehla-1
4880,100,kbiofmlb-1
4881,100,ffipibae-1
4882,100,cfjofjel-1
4883,100,ffgaicke-1
4884,100,ocabcgga-1
4885,100,gdnamipi-1
4886,100,ocdkbnec-1
4887,100,cgbjkbde-1
4888,100,hkdgjlab-1
4889,100,fdmblghg-1
4890,100,ccgncngj-1
4891,100,giehfgjo-1
4892,100,bnombihm-1
4893,100,hjmeodfm-1
4894,100,bnpkhjgc-1
4895,100,hglmjpkf-1
4896,100,kbkkkbcn-1
4897,100,gdmcaccn-1
4898,100,ffgfejog-1
4899,100,gjmcedhd-1
4900,100,ffknldin-1
4901,100,ocneenen-1
4902,100,cfghnonb-1
4903,100,ffkciade-1
4904,100,cgcgibio-1
4905,100,gogkmfea-1
4906,100,gkcmhdnb-1
4907,100,hjpkdjim-1
4908,100,giiblhka-1
4909,100,ccliiapc-1
4910,100,gkcfjnjn-1
4911,100,ffmcikjf-1
4912,100,hepineif-1
4913,100,fflaegdo-1
4914,100,kbgccifb-1
4915,100,gokhglio-1
4916,100,hgamdfdd-1
4917,100,cgcmcceh-1
4918,100,cbokfebk-1
4919,100,cfpkhipm-1
4920,100,gjbalogb-1
4921,100,hkbagkpj-1
4922,100,kbjkjbnm-1
4923,100,gdmbjffl-1
4924,100,cgjfibao-1
4925,100,hfikimmj-1
4926,100,kbnodbdb-1
4927,100,hkckmdkj-1
4928,100,ffkhlpig-1
4929,100,cdilgomk-1
4930,100,giceabff-1
4931,100,oegobpmj-1
4932,100,hkdafpph-1
4933,100,gdncbigk-1
4934,100,hgllhkha-1
4935,100,hfkbeehh-1
4936,100,kbdafbjm-1
4937,100,hhmegcfi-1
4938,100,hkcalhme-1
4939,100,hfikpmgj-1
4940,100,gipionjj-1
4941,100,bnpjjiij-1
4942,100,ffnaoiik-1
4943,100,kbgfconi-1
4944,100,gkeofmmk-1
4945,100,oadmiean-1
4946,100,gkcgjhje-1
4947,100,gohcobag-1
4948,100,gfhmhlbj-1
4949,100,giiadcfi-1
4950,100,hhnlohfd-1
4951,100,gofgjjnj-1
4952,100,licdcfgb-1
4953,100,hhgcmamo-1
4954,100,gjhedagd-1
4955,100,cdfciigo-1
4956,100,ocbejbme-1
4957,100,cdipdldh-1
4958,100,gjkodfag-1
4959,100,cfjkidih-1
4960,100,cgelmokp-1
4961,100,obphgibm-1
4962,100,ocmanamh-1
4963,100,ocafnehg-1
4964,100,hjiangcn-1
4965,100,cegjohla-1
4966,100,gkbpcccj-1
4967,100,cbmleioj-1
4968,100,bnoajdik-1
4969,100,cgfgkgbm-1
4970,100,gifjnbig-1
4971,100,kbjmhenb-1
4972,100,hhnolkbf-1
4973,100,fnmfneef-1
4974,100,hfhcfdnc-1
4975,100,cegmdpal-1
4976,100,hhiaicak-1
4977,100,gjiloked-1
4978,100,gkeenleg-1
4979,100,giahkoph-1
4980,100,cghnblan-1
4981,100,gehemcbg-1
4982,100,fnmhbmfa-1
4983,100,hfnijlkn-1
4984,100,hfodjpkb-1
4985,100,obfahpjp-1
4986,100,gjokklmm-1
4987,100,cdganegk-1
4988,100,hhghnnpn-1
4989,100,hfcejdbj-1
4990,100,hfbmhpbd-1
4991,100,hipcopab-1
4992,100,ljfiomhj-1
4993,100,obpgfhpp-1
4994,100,hfaampil-1
4995,100,cgiiafcf-1
4996,100,oclijjkg-1
4997,100,occmbjpn-1
4998,100,hhcjeikk-1
4999,100,hgclfcpe-1
5000,100,ccgbilhp-1
5001,100,gjakfjhe-1
5002,100,gifooeaf-1
5003,100,bohekeae-1
5004,100,hgbllnie-1
5005,100,gjifgfaj-1
5006,100,cehdamlp-1
5007,100,obfpjahh-1
5008,100,goijkmmf-1
5009,100,gkccbjfb-1
5010,100,bogingcc-1
5011,100,hgfhkaed-1
5012,100,hiogodlf-1
5013,100,gohkhjpd-1
5014,100,hipghhoj-1
5015,100,ocadepnn-1
5016,100,hggnhbel-1
5017,100,kblppcbo-1
5018,100,chajjenn-1
5019,100,hgphahni-1
5020,100,ocmphbpb-1
5021,100,gohkifap-1
5022,100,ffjhenfk-1
5023,100,hjicegde-1
5024,100,ocbfmpgc-1
5025,100,hjmmkdec-1
5026,100,ffmefogh-1
5027,100,hjljfnaf-1
5028,100,hgclnian-1
5029,100,gjkhahll-1
5030,100,hgphbboa-1
5031,100,gpaaindh-1
5032,100,kblojbkk-1
5033,100,cdggjbpe-1
5034,100,gidpniim-1
5035,100,giiodiln-1
5036,100,hhoggmdo-1
5037,100,cbnefhcn-1
5038,100,occkknoc-1
5039,100,beiccade-1
5040,100,goljnkle-1
5041,100,gjnodial-1
5042,100,cchaakkf-1
5043,100,hjjemdka-1
5044,100,ocnakdjb-1
5045,100,hilpddjg-1
5046,100,cgglljnf-1
5047,100,boackmhd-1
5048,100,cfgkkeoc-1
5049,100,gopfofka-1
5050,100,himlkmha-1
5051,100,hjnbhhcl-1
5052,100,hjknojkj-1
5053,100,kbpaeieo-1
5054,100,fdkkcoin-1
5055,100,gogmebkk-1
5056,100,hfohmjnm-1
5057,100,hjpagbpk-1
5058,100,oboihppc-1
5059,100,hhnjkeao-1
5060,100,bnnokdko-1
5061,100,giicpmgf-1
5062,100,hhlpdpgg-1
5063,100,ocjkdmnc-1
5064,100,hiolggno-1
5065,100,ffmfhhln-1
5066,100,ocagbbeg-1
5067,100,gjhagccc-1
5068,100,gdifjfgd-1
5069,100,cgghoffc-1
5070,100,hjplmaga-1
5071,100,ffofjoel-1
5072,100,giibhdgn-1
5073,100,cboipibi-1
5074,100,hfhofffp-1
5075,100,hhonojei-1
5076,100,fffjkmph-1
5077,100,cfnlkibe-1
5078,100,kbopdbck-1
5079,100,kbdihoia-1
5080,100,kbofhlec-1
5081,100,cfohogmp-1
5082,100,gopgljlj-1
5083,100,hgaphjhj-1
5084,100,hheniokl-1
5085,100,hfmmhknh-1
5086,100,hhpbdohn-1
5087,100,himahbbp-1
5088,100,ccfjgaij-1
5089,100,lidakbop-1
5090,100,cbmlbnen-1
5091,100,gjmjoaic-1
5092,100,ccfiaheg-1
5093,100,gihfaebi-1
5094,100,ffgapppn-1
5095,100,fdjmlggc-1
5096,100,gkdeocfm-1
5097,100,cdglnmcg-1
5098,100,gkcknfma-1
5099,100,gokaibhh-1
5100,100,hjlmhkom-1
5101,100,ffgoikfb-1
5102,100,hkcfende-1
5103,100,begcglig-1
5104,100,kbpgfiml-1
5105,100,cgbpcgla-1
5106,100,oaddmjki-1
5107,100,ffgamhic-1
5108,100,gohadnem-1
5109,100,gihmlfle-1
5110,100,obipleke-1
5111,100,ghpkmhkb-1
5112,100,bnpmneph-1
5113,100,cgfogmkm-1
5114,100,cfnlliie-1
5115,100,fdjjagbg-1
5116,100,ginjmoag-1
5117,100,bnobhffh-1
5118,100,hinppplb-1
5119,100,gkemfmnl-1
5120,100,hhehcdfe-1
5121,100,hjmlfboj-1
5122,100,gicndmjk-1
5123,100,ceicoial-1
5124,100,gdlaapll-1
5125,100,hhcddkec-1
5126,100,cfmcllgk-1
5127,100,cgghepnn-1
5128,100,hdbbkblg-1
5129,100,ffpkbedm-1
5130,100,hhcggejc-1
5131,100,cbofknag-1
5132,100,hfjbpcim-1
5133,100,hjiikfge-1
5134,100,hfbfoonb-1
5135,100,hfkdnmli-1
5136,100,ccoblcim-1
5137,100,cgghgbhh-1
5138,100,hjoamplb-1
5139,100,gjienncp-1
5140,100,ffnpakhf-1
5141,100,hfjdohpf-1
5142,100,ghpjjmej-1
5143,100,cgkbdmkd-1
5144,100,ginmhoba-1
5145,100,gipgbgjc-1
5146,100,gjhkojbo-1
5147,100,ffnofdpp-1
5148,100,bnnoloka-1
5149,100,kbnecfjn-1
5150,100,fffclmea-1
5151,100,gjangpig-1
5152,100,kbnmhcpk-1
5153,100,obpmboon-1
5154,100,golcbmkc-1
5155,100,hifdbfbe-1
5156,100,gjaihkdg-1
5157,100,hhoiokhk-1
5158,100,gfihpppl-1
5159,100,hgekjkda-1
5160,100,gfigopbe-1
5161,100,hieigcal-1
5162,100,ceihjfke-1
5163,100,gjigihko-1
5164,100,gdicfjnb-1
5165,100,gonkgodc-1
5166,100,cfalhklf-1
5167,100,gonhmlch-1
5168,100,gofgdlnm-1
5169,100,fflhkelp-1
5170,100,cfmkalan-1
5171,100,gjlagobk-1
5172,100,kbpkjmjm-1
5173,100,ffemojjj-1
5174,100,gjnmnhbj-1
5175,100,hgdieffp-1
5176,100,gjjfkomh-1
5177,100,lidajkfj-1
5178,100,hgdlhedo-1
5179,100,kbjkhndn-1
5180,100,cdgmpipn-1
5181,100,gibaikoa-1
5182,100,hhbljjjb-1
5183,100,ffegejcm-1
5184,100,hjodcdba-1
5185,100,gojklbgo-1
5186,100,ffichgai-1
5187,100,gopoddno-1
5188,100,gfiicpho-1
5189,100,gjjmogpb-1
5190,100,gihojged-1
5191,100,cfpgppcb-1
5192,100,gdiddfep-1
5193,100,gfibhcop-1
5194,100,gjdbbaoc-1
5195,100,hghinplh-1
5196,100,hfalfpmp-1
5197,100,hhfhcbgi-1
5198,100,gojhkiac-1
5199,100,oackhicb-1
5200,100,cfgfiooo-1
5201,100,gogkided-1
5202,100,giafjimi-1
5203,100,hjkcemhi-1
5204,100,hinbmahm-1
5205,100,gfhnbdpd-1
5206,100,ocakgfik-1
5207,100,hhnaohip-1
5208,100,gieobbml-1
5209,100,hdlalgck-1
5210,100,hiejmgfg-1
5211,100,ffoolaep-1
5212,100,gfgphabd-1
5213,100,bikokohg-1
5214,100,ffgdgcfh-1
5215,100,cghojhmc-1
5216,100,liddpmij-1
5217,100,hfmolccp-1
5218,100,cgaeikca-1
5219,100,boaenfia-1
5220,100,gjaldmjd-1
5221,100,cfnaeoif-1
5222,100,hjkcibjh-1
5223,100,ffkocdmo-1
5224,100,kbdajhem-1
5225,100,gjbdgnfg-1
5226,100,gjjlcpil-1
5227,100,hkbibpin-1
5228,100,cdepdlmf-1
5229,100,hfidkpgb-1
5230,100,hjdcbhah-1
5231,100,oadolgij-1
5232,100,hieephbe-1
5233,100,goiigfmj-1
5234,100,ffkfdkbc-1
5235,100,oaebknhf-1
5236,100,ghnnjjmc-1
5237,100,fdjkikhk-1
5238,100,hfhmpfia-1
5239,100,ccfcdhig-1
5240,100,cfjonnmi-1
5241,100,oefpkofm-1
5242,100,ocldfgha-1
5243,100,cbnndkbn-1
5244,100,hjnebnko-1
5245,100,hgpdlndp-1
5246,100,hgblaboa-1
5247,100,gdihgjmb-1
5248,100,gipmjgde-1
5249,100,hglfkjoj-1
5250,100,gdhedkpn-1
5251,100,cfnlmnfk-1
5252,100,heohopld-1
5253,100,gkceonkn-1
5254,100,goohjpnp-1
5255,100,ffgiahgc-1
5256,100,gieapmpo-1
5257,100,hjonhjof-1
5258,100,hheadncn-1
5259,100,gopohodi-1
5260,100,gfhdkgga-1
5261,100,hdlbobkl-1
5262,100,gofelgmm-1
5263,100,cfakaagp-1
5264,100,ffjnhfeg-1
5265,100,gigkopao-1
5266,100,ffogoold-1
5267,100,hinnbcdl-1
5268,100,cfnaobld-1
5269,100,cghcpohi-1
5270,100,ffpflhlh-1
5271,100,hfginljh-1
5272,100,obfkpgnn-1
5273,100,hipmkcbl-1
5274,100,ccnaogna-1
5275,100,gjbjofjf-1
5276,100,hgkmcdgh-1
5277,100,hheeccgg-1
5278,100,libokljg-1
5279,100,hfcceljk-1
5280,100,oacndeme-1
5281,100,gofdcknp-1
5282,100,hfibpcca-1
5283,100,gibgbdic-1
5284,100,hjmekaom-1
5285,100,kcekghnb-1
5286,100,hhencoin-1
5287,100,ffkijibc-1
5288,100,cgckpmec-1
5289,100,goplahih-1
5290,100,hjhpjpji-1
5291,100,oeffgogl-1
5292,100,hhomchni-1
5293,100,cfanilfa-1
5294,100,cgcpnbon-1
5295,100,ffkcmlja-1
5296,100,ginfdcld-1
5297,100,hjofgehb-1
5298,100,kbgcejco-1
5299,100,hdkefhin-1
5300,100,ljffljnm-1
5301,100,cfnjbdee-1
5302,100,gigdndfm-1
5303,100,gjdegnff-1
5304,100,hiffdcmn-1
5305,100,obpnjbpi-1
5306,100,ocjohjjp-1
5307,100,kbgggobe-1
5308,100,hjmgdpgd-1
5309,100,hfhkiglj-1
5310,100,gophdgcn-1
5311,100,hepbihhc-1
5312,100,hkdjjklp-1
5313,100,gpaaiobn-1
5314,100,gdiodlic-1
5315,100,hjplgpcl-1
5316,100,hhnhbojn-1
5317,100,hjclckhj-1
5318,100,kbjkkion-1
5319,100,ccgmhgkd-1
5320,100,golpbobb-1
5321,100,hidbfhlp-1
5322,100,ccecdbak-1
5323,100,bnnhcfij-1
5324,100,kbmdgllb-1
5325,100,ccldohkh-1
5326,100,cdgmjkjp-1
5327,100,ffijpllj-1
5328,100,gjgfbhlo-1
5329,100,hjjfefbj-1
5330,100,giicfged-1
5331,100,hfhomlem-1
5332,100,kbjnbhjp-1
5333,100,cgfiabod-1
5334,100,ceobmpka-1
5335,100,hjdemjoc-1
5336,100,hjjehceo-1
5337,100,ffjhhjaf-1
5338,100,ffhceach-1
5339,100,gigipojm-1
5340,100,hfbclbcj-1
5341,100,ffkjjgjk-1
5342,100,hghmoojd-1
5343,100,kcbokhhb-1
5344,100,cdinmobh-1
5345,100,occnagdm-1
5346,100,hieicpml-1
5347,100,hjnnbflm-1
5348,100,gokhgebk-1
5349,100,fdjhffni-1
5350,100,hgdbjgem-1
5351,100,hiohinnh-1
5352,100,gienilpo-1
5353,100,oegggdio-1
5354,100,hkcckake-1
5355,100,ffffkadp-1
5356,100,cgheecbc-1
5357,100,fdjbkcgp-1
5358,100,hgdiheob-1
5359,100,kcahmgde-1
5360,100,ffhmhjbn-1
5361,100,cfobkkbh-1
5362,100,lidmaohm-1
5363,100,lkfdecmo-1
5364,100,bogfbhio-1
5365,100,gkbnfaob-1
5366,100,cgeeobom-1
5367,100,ffjbaaoc-1
5368,100,gogifgcb-1
5369,100,hjlbpgkn-1
5370,100,cfphcnhk-1
5371,100,cehaahpi-1
5372,100,gjinamgf-1
5373,100,ffgfdfjm-1
5374,100,kcaeabed-1
5375,100,ffmbgbgc-1
5376,100,gjajkcna-1
5377,100,ffeaebhi-1
5378,100,gdldjngj-1
5379,100,hhoebfkm-1
5380,100,hiejgkoo-1
5381,100,ccfickkh-1
5382,100,hgfappnj-1
5383,100,gjbedbjj-1
5384,100,goohpeil-1
5385,100,cgfhmnao-1
5386,100,ocbnbena-1
5387,100,gkdikkoa-1
5388,100,hkcfpieb-1
5389,100,gjmnknge-1
5390,100,gnaopdji-1
5391,100,occjapfh-1
5392,100,hhomdmaa-1
5393,100,ocnagikj-1
5394,100,kcblfcna-1
5395,100,hjimhkea-1
5396,100,hjmmkfbk-1
5397,100,gojoekbe-1
5398,100,hjidjcbn-1
5399,100,oaajcdgp-1
5400,100,hgfimoaa-1
5401,100,gihchoph-1
5402,100,goojdcce-1
5403,100,ocgioied-1
5404,100,hielkjfo-1
5405,100,hjlinaca-1
5406,100,cghmfkmo-1
5407,100,hhgggoje-1
5408,100,licnbape-1
5409,100,hfcbcija-1
5410,100,ffncejog-1
5411,100,gdnaehif-1
5412,100,occljjkf-1
5413,100,hgelffel-1
5414,100,cgfafiep-1
5415,100,kbmdnmga-1
5416,100,hglopegh-1
5417,100,hhecppld-1
5418,100,gokmbpmb-1
5419,100,hfkenfen-1
5420,100,hhglfgad-1
5421,100,cfjoijdh-1
5422,100,cgfbhdio-1
5423,100,gjajfiji-1
5424,100,cgebggpl-1
5425,100,himocicp-1
5426,100,gjailpdo-1
5427,100,hfblppen-1
5428,100,gjcennpg-1
5429,100,ffefjfjj-1
5430,100,cfofgope-1
5431,100,gjkafneh-1
5432,100,gkdhnneg-1
5433,100,cgdbhdjc-1
5434,100,hfhknomd-1
5435,100,cgjpkonn-1
5436,100,hfkicmnp-1
5437,100,gfhpfnjk-1
5438,100,kbeagjmj-1
5439,100,cgfkclab-1
5440,100,gkddamfe-1
5441,100,cgfeddpc-1
5442,100,hjjmfglo-1
5443,100,ffkodebh-1
5444,100,gjhejmdi-1
5445,100,gohaanal-1
5446,100,cdikcghl-1
5447,100,hgfdkifi-1
5448,100,gdieakol-1
5449,100,fflhoekj-1
5450,100,hfhpgkhl-1
5451,100,hidmfkdb-1
5452,100,cgepccpe-1
5453,100,gifaflak-1
5454,100,hjohcgbo-1
5455,100,gihcdcil-1
5456,100,ffpjbfhf-1
5457,100,gibikihm-1
5458,100,giglcgoc-1
5459,100,licfnean-1
5460,100,gfcnlill-1
5461,100,lhnlandi-1
5462,100,ffjeipkm-1
5463,100,kbejkbfa-1
5464,100,gokpidcd-1
5465,100,cgklfboa-1
5466,100,hdjoomkp-1
5467,100,hjckfmoh-1
5468,100,gianhdoh-1
5469,100,cdiebemc-1
5470,100,ghpfoena-1
5471,100,hjghhjbp-1
5472,100,gejoopei-1
5473,100,gjcloimm-1
5474,100,hhfgbglj-1
5475,100,cfbanmcb-1
5476,100,gjaflgmn-1
5477,100,hfjjehml-1
5478,100,cgdjjlfk-1
5479,100,ffnpdlgj-1
5480,100,hhmejjpn-1
5481,100,kbmkbbeg-1
5482,100,ocagaboi-1
5483,100,giihdhnc-1
5484,100,gjmfmekg-1
5485,100,gdhpmekh-1
5486,100,hfihohpo-1
5487,100,hglphopi-1
5488,100,gihfggaj-1
5489,100,gfhdjofp-1
5490,100,gomjonll-1
5491,100,cchbgcgp-1
5492,100,hjnopjna-1
5493,100,gifmjmhl-1
5494,100,hjnehmek-1
5495,100,hgbppdhj-1
5496,100,hjioelnn-1
5497,100,ffmflapk-1
5498,100,ffhmgajk-1
5499,100,hgfnnafo-1
5500,100,obiodbdo-1
5501,100,oachmdaa-1
5502,100,gjdaoaei-1
5503,100,kcbpgpnd-1
5504,100,hepkmnde-1
5505,100,ffnhkdbl-1
5506,100,cghigckc-1
5507,100,gomblikk-1
5508,100,himkgbcn-1
5509,100,cgdbifoj-1
5510,100,gdmklnlh-1
5511,100,gjmdeiok-1
5512,100,gfhdglmc-1
5513,100,cbokfnmd-1
5514,100,boadcfgk-1
5515,100,hfohcmdc-1
5516,100,kbdkjcbd-1
5517,100,hgfbcdfd-1
5518,100,hggplaaj-1
5519,100,kcebidnf-1
5520,100,ocaahjaf-1
5521,100,ffpkfgfg-1
5522,100,ognkoian-1
5523,100,gdjnaebi-1
5524,100,hfbenpeh-1
5525,100,hhhgmfan-1
5526,100,kcahokln-1
5527,100,hjkjdeod-1
5528,100,gjkmmjej-1
5529,100,hhgmobnh-1
5530,100,oadhkemn-1
5531,100,hifdenoc-1
5532,100,gfgpbpdp-1
5533,100,gfgnigde-1
5534,100,giiggoag-1
5535,100,cgbimpmm-1
5536,100,hgplfhoo-1
5537,100,bikemkpg-1
5538,100,kblmjkmi-1
5539,100,hhhlfleg-1
5540,100,hjcpapoc-1
5541,100,gfhoiacg-1
5542,100,fdkhkeee-1
5543,100,gjgckhje-1
5544,100,gfiinmmd-1
5545,100,hjjofkmk-1
5546,100,lidjgifi-1
5547,100,gfhklkgj-1
5548,100,ceigfble-1
5549,100,gdmkohfi-1
5550,100,bnpjhcgk-1
5551,100,hfggdkog-1
5552,100,kbdohnnj-1
5553,100,gdjcffhh-1
5554,100,gjfkmcab-1
5555,100,hfjaodga-1
5556,100,gdmdgckp-1
5557,100,cbofgfig-1
5558,100,hgbpgbnk-1
5559,100,kbmjicgi-1
5560,100,gdihgphe-1
5561,100,hhomhdeg-1
5562,100,gejfkbeb-1
5563,100,gdmodkbh-1
5564,100,gioedgam-1
5565,100,gfhlpkej-1
5566,100,cfgdiebe-1
5567,100,cdffmhhh-1
5568,100,gighgmpf-1
5569,100,gfhkbjkl-1
5570,100,giodajne-1
5571,100,hgdeekaj-1
5572,100,gdhjhjnd-1
5573,100,hgfkhaao-1
5574,100,gookedjk-1
5575,100,ffnmabdi-1
5576,100,hjclbnll-1
5577,100,gjkpnoog-1
5578,100,hgcdfjan-1
5579,100,hjpmpaad-1
5580,100,hglpnbpi-1
5581,100,hiofoank-1
5582,100,kbpiaagg-1
5583,100,gfijiikg-1
5584,100,cgglcncl-1
5585,100,kbjjmepa-1
5586,100,gdhlnmej-1
5587,100,hgdjhggo-1
5588,100,gpaafddk-1
5589,100,hipgpjcn-1
5590,100,hipmhnpc-1
5591,100,ffnhpnha-1
5592,100,hkbdadeo-1
5593,100,goiclkia-1
5594,100,hfbjlflf-1
5595,100,kblfkjip-1
5596,100,hhodcpoa-1
5597,100,ffedoado-1
5598,100,hglajkeh-1
5599,100,cdgnehpa-1
5600,100,ccgcgfae-1
5601,100,cenneebi-1
5602,100,gibognbd-1
5603,100,hfeemice-1
5604,100,hgfdjapg-1
5605,100,gjohopca-1
5606,100,boafbhlo-1
5607,100,ccmmjhkn-1
5608,100,hinajkhg-1
5609,100,lkepokno-1
5610,100,gkcaeklf-1
5611,100,hfgfnnaa-1
5612,100,oegpdnac-1
5613,100,befemebo-1
5614,100,cdiolcnp-1
5615,100,gidokefk-1
5616,100,fflccifh-1
5617,100,gjoddlmn-1
5618,100,obpjilcc-1
5619,100,hglgbjck-1
5620,100,cgknfehm-1
5621,100,gohmmilb-1
5622,100,hjdbggko-1
5623,100,ffkfklaf-1
5624,100,hhoifikp-1
5625,100,gdielkoi-1
5626,100,cdgembik-1
5627,100,hjlfcloi-1
5628,100,hgapopff-1
5629,100,gfijeblk-1
5630,100,cfgebegc-1
5631,100,hiodeafo-1
5632,100,beicdaof-1
5633,100,gipndclo-1
5634,100,gdnjfdil-1
5635,100,obojnnjf-1
5636,100,hgchamng-1
5637,100,gdidodem-1
5638,100,goomjdek-1
5639,100,lichlbgc-1
5640,100,bnneobpi-1
5641,100,kcahpjbh-1
5642,100,gdnfmdkb-1
5643,100,ffdpgahj-1
5644,100,gfiddcfo-1
5645,100,gfgoidgg-1
5646,100,kbidieff-1
5647,100,obpnddkf-1
5648,100,hjlgffkm-1
5649,100,gonlclid-1
5650,100,hkcipkbg-1
5651,100,gohdnohi-1
5652,100,hjjianel-1
5653,100,libpjoel-1
5654,100,hfogamko-1
5655,100,cdhkfeok-1
5656,100,hhehfknl-1
5657,100,hfjpokop-1
5658,100,cfjmlkll-1
5659,100,obodbamk-1
5660,100,hfcdinnd-1
5661,100,obingeln-1
5662,100,hhpfonli-1
5663,100,hgajmokk-1
5664,100,oclbpkob-1
5665,100,gigjcfog-1
5666,100,hipafnio-1
5667,100,ljfedmbf-1
5668,100,hgkkehcf-1
5669,100,hfamjcok-1
5670,100,kblnfnod-1
5671,100,cgdildkd-1
5672,100,oefjfhhl-1
5673,100,kbdkedjc-1
5674,100,gjojiaeo-1
5675,100,gjjdeghi-1
5676,100,hhhmfnbi-1
5677,100,kbmmcgip-1
5678,100,gogceomg-1
5679,100,cgdkoedl-1
5680,100,heonabcb-1
5681,100,ffgjkmlc-1
5682,100,ffffeljb-1
5683,100,hjjpdjhj-1
5684,100,hgjhohfo-1
5685,100,hhhggkpa-1
5686,100,kbdagpia-1
5687,100,gjkkfdph-1
5688,100,oboakpdh-1
5689,100,hjmipmlc-1
5690,100,oegjfhcm-1
5691,100,hgemmiaf-1
5692,100,gieehnal-1
5693,100,bnnnkdep-1
5694,100,hjjbdlnb-1
5695,100,cdfdejko-1
5696,100,gofpkohh-1
5697,100,cehmdgai-1
5698,100,cfleechp-1
5699,100,ocbkjkhf-1
5700,100,cfgjimep-1
5701,100,boghhafp-1
5702,100,ffoehlhd-1
5703,100,cfnoohpp-1
5704,100,gdjmjcjg-1
5705,100,gibkdmnk-1
5706,100,ffjlcjed-1
5707,100,gdinalng-1
5708,100,gkbehlie-1
5709,100,hjdcmmja-1
5710,100,ffkefndi-1
5711,100,hepjlpbm-1
5712,100,hjhpgaah-1
5713,100,cgkekjcb-1
5714,100,hjibnpid-1
5715,100,heoilomn-1
5716,100,gifjiokc-1
5717,100,gohjeele-1
5718,100,oadlkckc-1
5719,100,gidndimo-1
5720,100,hjkjhknj-1
5721,100,hkboaoec-1
5722,100,hjdaogbp-1
5723,100,hiefgieb-1
5724,100,ocabggfe-1
5725,100,oefeifmo-1
5726,100,ffgcplbi-1
5727,100,himpoloi-1
5728,100,hfiijgdk-1
5729,100,kcbmjpcn-1
5730,100,hfglpefb-1
5731,100,giggogep-1
5732,100,goioejeb-1
5733,100,gdnecemj-1
5734,100,hinbielh-1
5735,100,hjmocgba-1
5736,100,cclhjoed-1
5737,100,cgkcfbil-1
5738,100,cfbcghhc-1
5739,100,goojdoih-1
5740,100,fflpiikl-1
5741,100,gikieion-1
5742,100,obodkcfd-1
5743,100,gogaagba-1
5744,100,goonbmli-1
5745,100,hgpgejla-1
5746,100,gjbklapc-1
5747,100,fdmaknjp-1
5748,100,ljfblpff-1
5749,100,gfhkeihe-1
5750,100,ffpkdcbn-1
5751,100,gjfnggkj-1
5752,100,ccldajnp-1
5753,100,fdjeaojh-1
5754,100,gjcggojb-1
5755,100,ognmcgih-1
5756,100,ghobmloc-1
5757,100,giiojcic-1
5758,100,cfmnadme-1
5759,100,hhhjldeb-1
5760,100,lidjnjpi-1
5761,100,hhgdchjm-1
5762,100,ffneeblb-1
5763,100,oadjemdi-1
5764,100,hhpgkbef-1
5765,100,hhphmkmg-1
5766,100,gdmfenoi-1
5767,100,gjjjiglj-1
5768,100,gkcfblpe-1
5769,100,cdfpghca-1
5770,100,gdingbee-1
5771,100,cgccdfcc-1
5772,100,hgfhegde-1
5773,100,ocgnhlif-1
5774,100,cffomepi-1
5775,100,hdjpkihc-1
5776,100,ocjjcipc-1
5777,100,kbiaahoh-1
5778,100,hinckijj-1
5779,100,cdfkponp-1
5780,100,hjoediik-1
5781,100,hgfboebp-1
5782,100,gfckfnpf-1
5783,100,himimcff-1
5784,100,oadklmbp-1
5785,100,gionnfde-1
5786,100,ocginolj-1
5787,100,gihkjdmc-1
5788,100,giooijlb-1
5789,100,gijekfpp-1
5790,100,hgkkllmo-1
5791,100,hjdcmegb-1
5792,100,ocjgcdla-1
5793,100,hdjlepjl-1
5794,100,cgfmiilg-1
5795,100,giihigeb-1
5796,100,kbpoinfh-1
5797,100,gifebfap-1
5798,100,bikcicec-1
5799,100,hhfeccmd-1
5800,100,hifcmfek-1
5801,100,gjikoljk-1
5802,100,gonpdcbi-1
5803,100,cgaellfp-1
5804,100,gokpnjnm-1
5805,100,gjleffib-1
5806,100,kbnkkgdm-1
5807,100,hhmpfgdj-1
5808,100,gkdhjabm-1
5809,100,kbnjacki-1
5810,100,hgbpfecm-1
5811,100,hgfmdmkn-1
5812,100,bikhcghf-1
5813,100,ffembkfk-1
5814,100,himemolf-1
5815,100,obfhnhje-1
5816,100,giflhcke-1
5817,100,ffknnkik-1
5818,100,gjidlmfb-1
5819,100,boghihcl-1
5820,100,hfggocam-1
5821,100,hjdackep-1
5822,100,gdlbpnpk-1
5823,100,licbhjnn-1
5824,100,hgeaphlo-1
5825,100,ocdejhin-1
5826,100,hgbejaeg-1
5827,100,ghockhhm-1
5828,100,ffmafofd-1
5829,100,bjcfejni-1
5830,100,licdmjkj-1
5831,100,hgekjglg-1
5832,100,gioginkk-1
5833,100,lhnjcpbg-1
5834,100,boacciia-1
5835,100,hgkdnmdc-1
5836,100,gjhcgkcp-1
5837,100,heohkofb-1
5838,100,hhofpjpi-1
5839,100,hfjdbkgc-1
5840,100,hgkeombe-1
5841,100,ffplhebe-1
5842,100,kcbnikko-1
5843,100,gjljlnlj-1
5844,100,gonhhkgo-1
5845,100,ockpdoge-1
5846,100,hfkhpbka-1
5847,100,hgcnpdmj-1
5848,100,gkbplkhb-1
5849,100,cfmjlnmk-1
5850,100,hgbbmmpm-1
5851,100,hgeoknag-1
5852,100,hglekkjo-1
5853,100,hjifaddn-1
5854,100,hgbdmpmi-1
5855,100,gipgajla-1
5856,100,ffgdoaff-1
5857,100,ocaeehpe-1
5858,100,cbmonchk-1
5859,100,fdkfbhcj-1
5860,100,hggoamhh-1
5861,100,cbngidpl-1
5862,100,cgflnagj-1
5863,100,hhgpfcmh-1
5864,100,hdkgbdjl-1
5865,100,cbobgdmj-1
5866,100,kbpphfkp-1
5867,100,hhndhpmh-1
5868,100,cgejjgen-1
5869,100,bogiiiap-1
5870,100,gfhfbgdd-1
5871,100,kbimphbd-1
5872,100,oefehogo-1
5873,100,hjmcojgh-1
5874,100,ffjhbohl-1
5875,100,gdmggbba-1
5876,100,gejlbmok-1
5877,100,hgfbcjfi-1
5878,100,hgdognnm-1
5879,100,gdlaepmj-1
5880,100,gjjnmckk-1
5881,100,bikomjpl-1
5882,100,gdmbicgf-1
5883,100,gdhmmddo-1
5884,100,gimechdk-1
5885,100,heooioeb-1
5886,100,kbocakik-1
5887,100,hghlbcfp-1
5888,100,fffhepnk-1
5889,100,hfcbcjej-1
5890,100,hgdjjalo-1
5891,100,ginchdkb-1
5892,100,ocmekjog-1
5893,100,gohlmlkn-1
5894,100,ccgdbeii-1
5895,100,ljfdofdl-1
5896,100,gkefhpcb-1
5897,100,ghpjacik-1
5898,100,ogojmiba-1
5899,100,ffmnjbie-1
5900,100,hhfbjjif-1
5901,100,hjleckhn-1
5902,100,giegdlak-1
5903,100,obofjfje-1
5904,100,gjhfaokf-1
5905,100,hincjkbn-1
5906,100,kbmkglbg-1
5907,100,hgbnochj-1
5908,100,ocgmanfa-1
5909,100,hhfnmfbg-1
5910,100,hhelnmok-1
5911,100,gejmnejg-1
5912,100,kbiojiko-1
5913,100,gjhdkdkc-1
5914,100,gfhfajjk-1
5915,100,lidjghol-1
5916,100,gifbbilp-1
5917,100,cgfcliee-1
5918,100,gkbinoeo-1
5919,100,hfikojhm-1
5920,100,gdmaihaj-1
5921,100,gjjojgao-1
5922,100,gogcehan-1
5923,100,gjkhhkkk-1
5924,100,ccglopld-1
5925,100,kbipkenh-1
5926,100,hiolnbcb-1
5927,100,kbjjgeeo-1
5928,100,hgbmccba-1
5929,100,gjimbbcn-1
5930,100,hhfbjgob-1
5931,100,ocladaap-1
5932,100,golbfhpf-1
5933,100,gjjpkdfp-1
5934,100,gofllaem-1
5935,100,cfopcpll-1
5936,100,ffjohapf-1
5937,100,hjpogjdd-1
5938,100,kbmbephc-1
5939,100,ffmimkdl-1
5940,100,cdgpbgll-1
5941,100,cgeaanjh-1
5942,100,fffalohf-1
5943,100,gogahgoc-1
5944,100,ffghodbb-1
5945,100,hdjlkkdo-1
5946,100,hifefodc-1
5947,100,ffnbdpbi-1
5948,100,goijjkdp-1
5949,100,gjlceamj-1
5950,100,gjodfegj-1
5951,100,cdgapahf-1
5952,100,ocganeml-1
5953,100,gjajechc-1
5954,100,hdkgohej-1
5955,100,hkcbhcgd-1
5956,100,gienkifo-1
5957,100,ffimkfpe-1
5958,100,hgdknhle-1
5959,100,hfhkeego-1
5960,100,gopokpgm-1
5961,100,kbcohidj-1
5962,100,cfmepohc-1
5963,100,gielihci-1
5964,100,gollaedh-1
5965,100,hfbmodbp-1
5966,100,gjmcbahl-1
5967,100,ffkdpjfg-1
5968,100,golkelln-1
5969,100,gjimmell-1
5970,100,gifgacjc-1
5971,100,biknifkj-1
5972,100,hgbdapaj-1
5973,100,gjjdmimi-1
5974,100,bnpjmbia-1
5975,100,gfcinobk-1
5976,100,hkaocbgh-1
5977,100,hhmlcaon-1
5978,100,ljfciiaj-1
5979,100,fnjoopmp-1
5980,100,ffgoifkd-1
5981,100,gkeoolch-1
5982,100,cceolpmm-1
5983,100,gjgfnmgn-1
5984,100,gdloebal-1
5985,100,ffghigco-1
5986,100,hjnlkkcp-1
5987,100,hinjclie-1
5988,100,gdkbohcg-1
5989,100,gdifaipf-1
5990,100,ffooippc-1
5991,100,giboneol-1
5992,100,gjlfjgcl-1
5993,100,ghpgfmeh-1
5994,100,ccepclek-1
5995,100,gjhmaakb-1
5996,100,hfaoeofb-1
5997,100,ffnlljdk-1
5998,100,cdflamgm-1
5999,100,ljfhiane-1
6000,100,fnmflcik-1
6001,100,ocfoolpc-1
6002,100,hjhokace-1
6003,100,gdmnpnfb-1
6004,100,cgfbbfhi-1
6005,100,fffflcfg-1
6006,100,heppjjmg-1
6007,100,ffofidab-1
6008,100,lidldncb-1
6009,100,hhhakggk-1
6010,100,gdigplmp-1
6011,100,ccmphnah-1
6012,100,gookgdpc-1
6013,100,hfjppcpn-1
6014,100,hjdepoaa-1
6015,100,gjogkldn-1
6016,100,befkdjdo-1
6017,100,bnnjdile-1
6018,100,gjhakcgm-1
6019,100,ccfijmgl-1
6020,100,hhhohchj-1
6021,100,gipcphdg-1
6022,100,cdfpbcbo-1
6023,100,hhohmjmk-1
6024,100,cggbijmb-1
6025,100,cchbanpk-1
6026,100,gjolnfld-1
6027,100,gofpmmnc-1
6028,100,hfepopcj-1
6029,100,gigjdjmj-1
6030,100,hfjkfkhg-1
6031,100,himeolgc-1
6032,100,cfjjilma-1
6033,100,hhpgkmnh-1
6034,100,hkbcgcnm-1
6035,100,gomnbfhm-1
6036,100,hhgchnbk-1
6037,100,hdlfelfi-1
6038,100,kbnidbmk-1
6039,100,gibkngkm-1
6040,100,hgcbheeh-1
6041,100,gkcdhban-1
6042,100,hjjpkgai-1
6043,100,ocaeiohl-1
6044,100,ljfbdlgg-1
6045,100,gjbacgoh-1
6046,100,cgghnapb-1
6047,100,goffijoj-1
6048,100,bikjdomg-1
6049,100,giiaikje-1
6050,100,licndipb-1
6051,100,hggpbpeg-1
6052,100,hhjfbcgp-1
6053,100,hjldgnbb-1
6054,100,hhhogmao-1
6055,100,hjppddck-1
6056,100,cgepifgj-1
6057,100,gdndlfob-1
6058,100,cdfpkgnl-1
6059,100,oadnhmgn-1
6060,100,gdnkgkdm-1
6061,100,oadmijei-1
6062,100,fdlnafga-1
6063,100,obfgjbep-1
6064,100,cdgbahde-1
6065,100,lidifpki-1
6066,100,hinecjgg-1
6067,100,hincmplc-1
6068,100,gkchdjoj-1
6069,100,hdkjnfbf-1
6070,100,gjjhdgbo-1
6071,100,oclpbibm-1
6072,100,gkblcoem-1
6073,100,gonnoljb-1
6074,100,hgejbimb-1
6075,100,cdfmgdao-1
6076,100,hjngjnic-1
6077,100,cclkbmfc-1
6078,100,ccncbfne-1
6079,100,cfibphoi-1
6080,100,gdjjkdmf-1
6081,100,hggogpag-1
6082,100,hinmehcf-1
6083,100,hgdaafhj-1
6084,100,hifenahf-1
6085,100,hghcaeoa-1
6086,100,kblghfmd-1
6087,100,obphehcb-1
6088,100,ffmeaijd-1
6089,100,gfijiobm-1
6090,100,hgfijaob-1
6091,100,hiiegifn-1
6092,100,gjldpeld-1
6093,100,hggdgafn-1
6094,100,hgpfdhlp-1
6095,100,gdmfnhle-1
6096,100,hfojgkcc-1
6097,100,ffjialkb-1
6098,100,cdggdhmj-1
6099,100,gioibpef-1
6100,100,goijapgf-1
6101,100,cfmnamee-1
6102,100,cfkmnhci-1
6103,100,lkfbapfm-1
6104,100,gjalkcjb-1
6105,100,gfijpelb-1
6106,100,cfofoohg-1
6107,100,gjnmffff-1
6108,100,gipcmenn-1
6109,100,hgllangc-1
6110,100,fflafahg-1
6111,100,cgjnpcoe-1
6112,100,hepkheln-1
6113,100,gkbhemmi-1
6114,100,oclflkhg-1
6115,100,hhpgbpge-1
6116,100,hkdanlol-1
6117,100,hhofeolc-1
6118,100,fdkapobh-1
6119,100,hhpaedoa-1
6120,100,cgdkdlin-1
6121,100,gijfgnpj-1
6122,100,ocmehicl-1
6123,100,ffnplflm-1
6124,100,ghpegjhe-1
6125,100,hgpkbenj-1
6126,100,gihljckm-1
6127,100,hhmgnoik-1
6128,100,cdmccfld-1
6129,100,goijflia-1
6130,100,goldajeb-1
6131,100,hjoacdpe-1
6132,100,cgdhephl-1
6133,100,kbooddjo-1
6134,100,cdgobiop-1
6135,100,hfadnafe-1
6136,100,cggagigb-1
6137,100,oeglfonb-1
6138,100,gokcdhdi-1
6139,100,kbjfhnnl-1
6140,100,kbmlmoja-1
6141,100,hgchcimf-1
6142,100,ffihjlpk-1
6143,100,gjkioldn-1
6144,100,ffmojnbf-1
6145,100,gjimeaim-1
6146,100,cflkapgd-1
6147,100,hjkkogoc-1
6148,100,ffefmbhh-1
6149,100,kbecihlp-1
6150,100,obifcdil-1
6151,100,gkckjemf-1
6152,100,libogdba-1
6153,100,hgfcboge-1
6154,100,hdlbgnhj-1
6155,100,hhmdajci-1
6156,100,gohbhand-1
6157,100,gjnnjago-1
6158,100,cgdkgejo-1
6159,100,hfijeckl-1
6160,100,hhgaeake-1
6161,100,hhmdhmkd-1
6162,100,cfkpdeja-1
6163,100,kboeikdm-1
6164,100,hfbinakd-1
6165,100,gdpidlec-1
6166,100,hgcbioaa-1
6167,100,fdmalnnk-1
6168,100,gojpdakh-1
6169,100,hjljmejp-1
6170,100,ffijhhge-1
6171,100,hdjonlme-1
6172,100,hgjhacbb-1
6173,100,hfbfjhdi-1
6174,100,goflhdhc-1
6175,100,hdjppbdo-1
6176,100,ffhhfoie-1
6177,100,gomlaplj-1
6178,100,hdlelcgg-1
6179,100,giekeaac-1
6180,100,ffjfeipa-1
6181,100,gdndcmgl-1
6182,100,hglifeep-1
6183,100,cgiifnjh-1
6184,100,gdilglfb-1
6185,100,heokbofg-1
6186,100,gjanjidg-1
6187,100,cbndkepk-1
6188,100,cgdomnil-1
6189,100,gihdfhmb-1
6190,100,cdihgoae-1
6191,100,ffegagcp-1
6192,100,fdlngchb-1
6193,100,ginllnni-1
6194,100,gjklndmp-1
6195,100,gdmmcecm-1
6196,100,gdnehhoh-1
6197,100,hjmiafei-1
6198,100,hgpjmlie-1
6199,100,hjmaaiag-1
6200,100,cgcgdmlp-1
6201,100,hfjmalgo-1
6202,100,obfaoobc-1
6203,100,gijmgfcn-1
6204,100,hhcfoblo-1
6205,100,gdifclde-1
6206,100,hfhegjne-1
6207,100,cfpbnoog-1
6208,100,cehmnhoo-1
6209,100,gfhmfhpl-1
6210,100,kbjmpbei-1
6211,100,gjoloopc-1
6212,100,gdiblacl-1
6213,100,bogdciil-1
6214,100,hgdeelkf-1
6215,100,hhobodkb-1
6216,100,hfcbianc-1
6217,100,boafoeih-1
6218,100,kbegfabj-1
6219,100,gihebkmn-1
6220,100,hgfeglce-1
6221,100,gdklfhga-1
6222,100,gfhfgnkp-1
6223,100,hfbidhgf-1
6224,100,hhgkflif-1
6225,100,gimcnkih-1
6226,100,oacjbnii-1
6227,100,obflkagf-1
6228,100,gimnjiaf-1
6229,100,obimhfde-1
6230,100,gkdmoafe-1
6231,100,hhpedkgc-1
6232,100,hfhnibkp-1
6233,100,gkdmoapl-1
6234,100,bikbihad-1
6235,100,hiplmfml-1
6236,100,licekcnm-1
6237,100,hgbmfgbj-1
6238,100,gkbpklcg-1
6239,100,hghinddb-1
6240,100,hiekoidm-1
6241,100,gdjpeldl-1
6242,100,gipjhecc-1
6243,100,kcafcoap-1
6244,100,hjcjmimg-1
6245,100,hcdncgbc-1
6246,100,hjpnlejh-1
6247,100,oadgpcig-1
6248,100,ffkgncpl-1
6249,100,hhlnnnch-1
6250,100,bohejclg-1
6251,100,cfgcfgkn-1
6252,100,hfcedclb-1
6253,100,gfgmjilc-1
6254,100,hkbhgncg-1
6255,100,hhgiffie-1
6256,100,ffeoancl-1
6257,100,kbkhfglc-1
6258,100,gfcoamle-1
6259,100,cgdojekg-1
6260,100,hhholfhe-1
6261,100,hkbegfdd-1
6262,100,kcagfjpe-1
6263,100,gioepkdc-1
6264,100,ocjljlcm-1
6265,100,hjpnbdlp-1
6266,100,gifkoajg-1
6267,100,gkccbhjf-1
6268,100,hglogdod-1
6269,100,hgfnibgo-1
6270,100,hjikcpen-1
6271,100,gjfkdbkl-1
6272,100,hgbidbmo-1
6273,100,hhfabmej-1
6274,100,cfnkgfon-1
6275,100,cgflpoap-1
6276,100,hhnlnbpa-1
6277,100,gdhdaena-1
6278,100,gjgghcjd-1
6279,100,gdhofoge-1
6280,100,bnnohplo-1
6281,100,gkcgdnid-1
6282,100,obpebbfj-1
6283,100,hffnhdne-1
6284,100,gigmcpan-1
6285,100,hdkbfdca-1
6286,100,kbegfiob-1
6287,100,cdmeidbd-1
6288,100,hgfpgopm-1
6289,100,fdjkgeci-1
6290,100,cgemcalo-1
6291,100,gonfpgbh-1
6292,100,ffeaafdo-1
6293,100,hgfbnheh-1
6294,100,hjpgdnpb-1
6295,100,occbpeel-1
6296,100,cgaglijk-1
6297,100,bikcjidb-1
6298,100,hhhcngkp-1
6299,100,ffikcnko-1
6300,100,hfaafpaf-1
6301,100,cflldfmd-1
6302,100,hjjfogbi-1
6303,100,ffhlddgb-1
6304,100,giccenin-1
6305,100,gifadcjp-1
6306,100,ocdjphpk-1
6307,100,kbdekbci-1
6308,100,hfjgdmlp-1
6309,100,befblpll-1
6310,100,hkajjmml-1
6311,100,obfopkmk-1
6312,100,cboilnkf-1
6313,100,obfnpogp-1
6314,100,hfaikcmh-1
6315,100,ffijhbgd-1
6316,100,hkbodale-1
6317,100,cfbdfabm-1
6318,100,golnhheo-1
6319,100,ccfdglfc-1
6320,100,hjijhgjl-1
6321,100,gdodbhan-1
6322,100,hglffmic-1
6323,100,cehjcmib-1
6324,100,ffijbooi-1
6325,100,obfomepi-1
6326,100,kcemcdod-1
6327,100,obfcdkdn-1
6328,100,cennchbk-1
6329,100,fdnekapj-1
6330,100,hfbffaja-1
6331,100,gjoafeia-1
6332,100,ffniklan-1
6333,100,goikaegf-1
6334,100,oadlpobp-1
6335,100,cggmdbgn-1
6336,100,gdhggdje-1
6337,100,giihejca-1
6338,100,hjonfbaf-1
6339,100,gfhccbpl-1
6340,100,hiehmebk-1
6341,100,kbobbcgm-1
6342,100,gjinhaci-1
6343,100,hjogmamh-1
6344,100,ffnhpfmm-1
6345,100,golihofk-1
6346,100,hhecjngo-1
6347,100,gohfpbdo-1
6348,100,kbgcmmja-1
6349,100,goohopdl-1
6350,100,gdkdgpah-1
6351,100,kbmhdemb-1
6352,100,hfbiianf-1
6353,100,hggmcdbf-1
6354,100,hhlckmin-1
6355,100,kbpbejkh-1
6356,100,gjokbafm-1
6357,100,gdohbeda-1
6358,100,gjiigago-1
6359,100,hifaoele-1
6360,100,cbnchegi-1
6361,100,fdjgignd-1
6362,100,gigemeib-1
6363,100,cfmkegph-1
6364,100,ffhdagfp-1
6365,100,bikgdhce-1
6366,100,bnokpbkg-1
6367,100,lkffcpeh-1
6368,100,cfkenada-1
6369,100,gkdlfdfp-1
6370,100,hdjlooii-1
6371,100,hjijpjhb-1
6372,100,hidnhbpe-1
6373,100,gjmclmik-1
6374,100,ffkilbcn-1
6375,100,cfpcecic-1
6376,100,kcebjgpp-1
6377,100,heopbogn-1
6378,100,ceidgabb-1
6379,100,hhmpocoe-1
6380,100,gjkjcpef-1
6381,100,kbdokjoi-1
6382,100,cgfhaooh-1
6383,100,hieghkld-1
6384,100,cclgchah-1
6385,100,cfljmaai-1
6386,100,gioackhk-1
6387,100,hfglaihe-1
6388,100,gomhajhn-1
6389,100,gdmnafgo-1
6390,100,cdiinico-1
6391,100,gollipkg-1
6392,100,cgjcimak-1
6393,100,hjklciah-1
6394,100,gjhdblij-1
6395,100,bnpgfcic-1
6396,100,fdkhmhib-1
6397,100,giipganm-1
6398,100,hkaopcpg-1
6399,100,hfhigibc-1
6400,100,hfodjgoi-1
6401,100,hhjgmejf-1
6402,100,cfllmmgd-1
6403,100,cfkhgeap-1
6404,100,ffgjckon-1
6405,100,cfliopkd-1
6406,100,gifhlaio-1
6407,100,gjmgkhml-1
6408,100,hfbmefja-1
6409,100,gokpnpbc-1
6410,100,gjgefpej-1
6411,100,gdibnbhd-1
6412,100,oefefpfc-1
6413,100,oefhfjnb-1
6414,100,hhmjoepb-1
6415,100,hkalmaho-1
6416,100,ffmifnli-1
6417,100,hfaoboch-1
6418,100,fdjhppcd-1
6419,100,himmdjfg-1
6420,100,gieamflf-1
6421,100,heplnpki-1
6422,100,gooagmoa-1
6423,100,beibgokb-1
6424,100,bjccddom-1
6425,100,hieamdlb-1
6426,100,hffnjimd-1
6427,100,gjahhcal-1
6428,100,libnjkkc-1
6429,100,gdkjomdb-1
6430,100,ffgcjkkj-1
6431,100,kbphlddp-1
6432,100,bnodjiif-1
6433,100,hfgockbk-1
6434,100,gickdomp-1
6435,100,hhmbofbm-1
6436,100,ffmjoknl-1
6437,100,gdnobloa-1
6438,100,cdgppfhg-1
6439,100,hgdlelde-1
6440,100,ffgbnljl-1
6441,100,gkbmkiog-1
6442,100,ocmaclke-1
6443,100,gimmkjgo-1
6444,100,ceiefcdf-1
6445,100,cgjhkccj-1
6446,100,cflokibh-1
6447,100,gjaohjeg-1
6448,100,gkcmaelf-1
6449,100,kbpfacnb-1
6450,100,giongaol-1
6451,100,lickajnl-1
6452,100,ffjoonmo-1
6453,100,fdkflpha-1
6454,100,kcabgabn-1
6455,100,hgpennhg-1
6456,100,kbecapac-1
6457,100,kblckidb-1
6458,100,ocdkhana-1
6459,100,cfpmnmbe-1
6460,100,bnnkjobb-1
6461,100,behlmaam-1
6462,100,ocboefde-1
6463,100,ceigjkal-1
6464,100,kbmpohjn-1
6465,100,kccaeohg-1
6466,100,hhllpomb-1
6467,100,ocadcaoh-1
6468,100,gopebdlc-1
6469,100,kbjoncfn-1
6470,100,ffkhnenn-1
6471,100,gipchclp-1
6472,100,hkadifhp-1
6473,100,hjjhflbm-1
6474,100,cfpgdibp-1
6475,100,gonlcobe-1
6476,100,gdiogbmb-1
6477,100,hkbnedhi-1
6478,100,bilacoid-1
6479,100,cflmnahd-1
6480,100,hdjchapl-1
6481,100,bnniagod-1
6482,100,hhelnmpi-1
6483,100,bjcemifd-1
6484,100,cdflahcb-1
6485,100,bnnmiaae-1
6486,100,ffgocfdc-1
6487,100,kbnbeflb-1
6488,100,ffjnpelc-1
6489,100,hhekmoej-1
6490,100,giponojb-1
6491,100,hfinbagp-1
6492,100,hffpeici-1
6493,100,ffipcdfi-1
6494,100,hdjbnbng-1
6495,100,hdbednkh-1
6496,100,kbpndbkd-1
6497,100,hjllehni-1
6498,100,cgegdomb-1
6499,100,kbobojdi-1
6500,100,hhnkbgcp-1
6501,100,hgcbbmdj-1
6502,100,ccmopbfh-1
6503,100,hfojcebn-1
6504,100,ccgcendg-1
6505,100,cdgeegcb-1
6506,100,oboalllj-1
6507,100,cgfjgghm-1
6508,100,bnngbnnl-1
6509,100,bnnedila-1
6510,100,hjmcinee-1
6511,100,cgenchal-1
6512,100,hfhhefag-1
6513,100,ccljfnaa-1
6514,100,befpnakl-1
6515,100,hhmnkpop-1
6516,100,behilgjh-1
6517,100,cfmjifej-1
6518,100,kbecccde-1
6519,100,goidkhfp-1
6520,100,cfjkkgii-1
6521,100,ocajgndh-1
6522,100,oadmbpli-1
6523,100,hinmjhfp-1
6524,100,ghphkmhb-1
6525,100,hfblhehm-1
6526,100,hhpecfnm-1
6527,100,gdhkgkeo-1
6528,100,kbmlipln-1
6529,100,hjnfhafe-1
6530,100,fffmkemm-1
6531,100,bnnoihcb-1
6532,100,hgldlmha-1
6533,100,gimmlfli-1
6534,100,cfgbpdpd-1
6535,100,ljfgpoja-1
6536,100,hjmnjeii-1
6537,100,ffecfhel-1
6538,100,hfaeeddd-1
6539,100,cfjilfpd-1
6540,100,hhoplibc-1
6541,100,cfokpchj-1
6542,100,gonedfee-1
6543,100,gikfkndl-1
6544,100,gkehglll-1
6545,100,oadeimpf-1
6546,100,hkcpdjjh-1
6547,100,cfalmojl-1
6548,100,hepbkebh-1
6549,100,gkcakigd-1
6550,100,ccghenfh-1
6551,100,hfhckeem-1
6552,100,hghgddjg-1
6553,100,hfcebhao-1
6554,100,oaphhofd-1
6555,100,cfkacgmc-1
6556,100,kbdboiph-1
6557,100,cgebncgb-1
6558,100,hfoganho-1
6559,100,oclfgkch-1
6560,100,gijeacib-1
6561,100,gjmohdki-1
6562,100,cbmlclnc-1
6563,100,hhmngfpl-1
6564,100,hioeocim-1
6565,100,gkcpiieg-1
6566,100,begapmnh-1
6567,100,cdhpgaad-1
6568,100,gihjflde-1
6569,100,ocmgkppf-1
6570,100,hhondbbl-1
6571,100,gdlpfika-1
6572,100,cfopcogi-1
6573,100,hiekeocf-1
6574,100,gdifmigd-1
6575,100,ljfgpbkg-1
6576,100,hineobom-1
6577,100,gjnojhli-1
6578,100,cclbkpae-1
6579,100,kcbipmgf-1
6580,100,gjlinmpn-1
6581,100,hgkbbkla-1
6582,100,ocacmobf-1
6583,100,gdjgpmhn-1
6584,100,ljfkkmcd-1
6585,100,hiobcgin-1
6586,100,biklacpe-1
6587,100,ghoegehn-1
6588,100,cehjfkhl-1
6589,100,cdhpmdnf-1
6590,100,gidnhpfh-1
6591,100,goldgdld-1
6592,100,hiffaohk-1
6593,100,gognkela-1
6594,100,bikbgjgn-1
6595,100,gdmiljib-1
6596,100,cfmcjjlf-1
6597,100,ffghgbhl-1
6598,100,hkacddfg-1
6599,100,liceoggg-1
6600,100,hhcflkkl-1
6601,100,hjnnhdlb-1
6602,100,hkbmjnnk-1
6603,100,obopmnoe-1
6604,100,cclinijk-1
6605,100,ccbjadhp-1
6606,100,hkdcekcc-1
6607,100,gjjocglc-1
