,X,Y,group
0,1083.5032219144018,869.8799358631314,PSCI_tumor_0
1,1087.856972500699,948.247446416493,PSCI_tumor_0
2,1127.0407277773804,1004.8462040383652,PSCI_tumor_0
3,1192.3469865718484,1030.9687075561524,PSCI_tumor_0
4,1218.469490089635,1096.2749663506204,PSCI_tumor_0
5,1153.163231295167,1152.8737239724926,PSCI_tumor_0
6,1092.210723086997,1196.4112298354714,PSCI_tumor_0
7,1039.965716051423,1261.7174886299397,PSCI_tumor_0
8,1018.1969631199338,1340.0849991833009,PSCI_tumor_0
9,1039.965716051423,1418.4525097366625,PSCI_tumor_0
10,1013.8432125336358,1492.466269703726,PSCI_tumor_0
11,944.1832031528696,1549.0650273255983,PSCI_tumor_0
12,948.5369537391678,1618.725036706364,PSCI_tumor_0
13,965.951956084359,1692.7387966734275,PSCI_tumor_0
14,1000.7819607747416,1753.691304881598,PSCI_tumor_0
15,1044.3194666377203,1805.9363119171724,PSCI_tumor_0
16,1074.7957207418058,1866.888820125342,PSCI_tumor_0
17,1127.0407277773804,1945.256330678704,PSCI_tumor_0
18,1127.0407277773804,2036.6850929909592,PSCI_tumor_0
19,1113.9794760184864,2128.1138553032147,PSCI_tumor_0
20,1105.271974845891,2228.2501187880653,PSCI_tumor_0
21,1100.918224259593,2297.9101281688318,PSCI_tumor_0
22,1061.7344689829124,2411.107643412576,PSCI_tumor_0
23,1005.1357113610396,2485.12140337964,PSCI_tumor_0
24,931.1219513939764,2559.135163346703,PSCI_tumor_0
25,887.5844455309974,2646.21017507266,PSCI_tumor_0
26,874.5231937721037,2724.577685626022,PSCI_tumor_0
27,874.5231937721037,2794.237695006788,PSCI_tumor_0
28,891.9381961172954,2894.3739584916384,PSCI_tumor_0
29,931.1219513939764,2955.326466699809,PSCI_tumor_0
30,1000.7819607747416,2972.741469045,PSCI_tumor_0
31,1074.7957207418058,3011.9252243216806,PSCI_tumor_0
32,1153.163231295167,3020.6327254942767,PSCI_tumor_0
33,1222.823240675933,3020.6327254942767,PSCI_tumor_0
34,1296.837000642997,3029.3402266668727,PSCI_tumor_0
35,1375.2045111963582,3059.816480770957,PSCI_tumor_0
36,1444.8645205771245,3072.877732529851,PSCI_tumor_0
37,1510.1707793715923,3120.7689889791272,PSCI_tumor_0
38,1523.2320311304854,3207.844000705085,PSCI_tumor_0
39,1571.123287579762,3277.5040100858505,PSCI_tumor_0
40,1601.5995416838475,3373.286522984404,PSCI_tumor_0
41,1614.660793442741,3447.300282951467,PSCI_tumor_0
42,1597.2457910975495,3512.606541745936,PSCI_tumor_0
43,1571.123287579762,3604.0353040581904,PSCI_tumor_0
44,1523.2320311304854,3682.402814611552,PSCI_tumor_0
45,1470.9870240949117,3734.647821647126,PSCI_tumor_0
46,1462.2795229223154,3813.015332200488,PSCI_tumor_0
47,1410.0345158867417,3891.382842753849,PSCI_tumor_0
48,1331.6670053333796,3956.6891015483175,PSCI_tumor_0
49,1270.7144971252096,3995.872856824998,PSCI_tumor_0
50,1183.6394853992524,4000.226607411296,PSCI_tumor_0
51,1105.271974845891,4013.28785917019,PSCI_tumor_0
52,1031.258214878827,4021.995360342785,PSCI_tumor_0
53,948.5369537391678,4030.702861515381,PSCI_tumor_0
54,804.8631843913381,4035.05661210168,PSCI_tumor_0
55,696.0194197338915,4048.117863860573,PSCI_tumor_0
56,600.2369068353386,4061.179115619466,PSCI_tumor_0
57,513.1618951093812,4061.179115619466,PSCI_tumor_0
58,421.733132797126,4065.532866205764,PSCI_tumor_0
59,356.42687400265794,4117.777873241339,PSCI_tumor_0
60,334.65812107116864,4183.084132035807,PSCI_tumor_0
61,278.0593634492963,4239.682889657679,PSCI_tumor_0
62,238.8756081726157,4313.696649624742,PSCI_tumor_0
63,169.2155987918497,4335.465402556232,PSCI_tumor_0
64,112.61684116997776,4213.560386139891,PSCI_tumor_0
65,108.26309058367974,4096.009120309849,PSCI_tumor_0
66,90.84808823848844,3947.9816003757214,PSCI_tumor_0
67,60.371834134403066,3817.3690827867854,PSCI_tumor_0
68,47.31058237550978,3708.52531812934,PSCI_tumor_0
69,47.31058237550978,3556.144047608914,PSCI_tumor_0
70,47.31058237550978,3416.824028847382,PSCI_tumor_0
71,47.31058237550978,3290.5652618447443,PSCI_tumor_0
72,47.31058237550978,3194.7827489461915,PSCI_tumor_0
73,38.60308120291374,3051.1089795983617,PSCI_tumor_0
74,34.24933061661611,2942.265214940915,PSCI_tumor_0
75,34.24933061661611,2842.128951456064,PSCI_tumor_0
76,34.24933061661611,2741.9926879712134,PSCI_tumor_0
77,21.18807885772244,2659.271426831554,PSCI_tumor_0
78,8.126827098828766,2585.25766686449,PSCI_tumor_0
79,8.126827098828766,2511.2439068974263,PSCI_tumor_0
80,8.126827098828766,2424.168895171469,PSCI_tumor_0
81,-0.5806740737668861,2332.740132859214,PSCI_tumor_0
82,-0.5806740737668861,2241.311370546958,PSCI_tumor_0
83,-0.5806740737668861,2141.175107062108,PSCI_tumor_0
84,-0.5806740737668861,2041.0388435772568,PSCI_tumor_0
85,-0.5806740737668861,1949.6100812650016,PSCI_tumor_0
86,-22.34942700525621,1823.3513142623635,PSCI_tumor_0
87,-31.056928177851866,1697.0925472597255,PSCI_tumor_0
88,-48.471930523043554,1605.6637849474705,PSCI_tumor_0
89,-57.17943169563921,1505.5275214626197,PSCI_tumor_0
90,-61.53318228193684,1418.4525097366625,PSCI_tumor_0
91,-78.94818462712853,1322.6699968381092,PSCI_tumor_0
92,-87.65568579972418,1226.8874839395564,PSCI_tumor_0
93,-92.0094363860222,1152.8737239724926,PSCI_tumor_0
94,-92.0094363860222,1065.7987122465352,PSCI_tumor_0
95,-96.36318697231984,965.6624487616843,PSCI_tumor_0
96,-92.0094363860222,835.0499311727485,PSCI_tumor_0
97,-61.53318228193684,739.2674182741954,PSCI_tumor_0
98,12.480577685126786,678.3149100660254,PSCI_tumor_0
99,116.9705917562754,639.1311547893446,PSCI_tumor_0
100,225.814356413722,630.4236536167489,PSCI_tumor_0
101,312.88936813967933,630.4236536167489,PSCI_tumor_0
102,421.733132797126,626.069903030451,PSCI_tumor_0
103,530.5768974545725,613.0086512715574,PSCI_tumor_0
104,643.7744126983172,573.8248959948766,PSCI_tumor_0
105,739.5569255968702,552.0561430633873,PSCI_tumor_0
106,826.6319373228274,556.409893649685,PSCI_tumor_0
107,970.3057066706572,582.5323971674724,PSCI_tumor_0
108,1066.0882195692095,595.593648926366,PSCI_tumor_0
109,1166.224483054061,617.3624018578553,PSCI_tumor_0
110,1266.3607465389116,665.2536583071317,PSCI_tumor_0
111,1322.9595041607845,721.852415929004,PSCI_tumor_0
112,1262.0069959526136,782.8049241371741,PSCI_tumor_0
113,1205.4082383307416,830.6961805864506,PSCI_tumor_0
114,1135.7482289499756,869.8799358631314,PSCI_tumor_0
115,1083.5032219144018,869.8799358631314,PSCI_tumor_0
116,476.41069248915863,4204.265616864432,PSCI_tumor_30
117,516.5213362804873,4202.355586207701,PSCI_tumor_30
118,600.2369068353386,4202.355586207701,PSCI_tumor_30
119,619.3117122094525,4201.061021696308,PSCI_tumor_30
120,713.9682362160842,4188.153313877223,PSCI_tumor_30
121,815.4324708116442,4175.977605725757,PSCI_tumor_30
122,952.8130657355129,4171.814557394729,PSCI_tumor_30
123,963.3159821417155,4171.103631339579,PSCI_tumor_30
124,1046.0372432813747,4162.396130166983,PSCI_tumor_30
125,1047.7534498295163,4162.204857423661,PSCI_tumor_30
126,1121.7672097965803,4153.497356251067,PSCI_tumor_30
127,1128.4812436419427,4152.543471946493,PSCI_tumor_30
128,1198.8194273047343,4140.820441336027,PSCI_tumor_30
129,1277.7645136349354,4136.873187019517,PSCI_tumor_30
130,1292.4025132092745,4135.3734869529235,PSCI_tumor_30
131,1306.8049029194876,4132.35830827443,PSCI_tumor_30
132,1320.8152210094804,4127.860406669758,PSCI_tumor_30
133,1334.2812650311937,4121.9286455288,PSCI_tumor_30
134,1347.0567453106446,4114.627465113453,PSCI_tumor_30
135,1408.0092535188146,4075.443709836772,PSCI_tumor_30
136,1422.045979403659,4065.143870432653,PSCI_tumor_30
137,1500.413489957021,3999.8376116381846,PSCI_tumor_30
138,1510.3948514050435,3990.6733201542766,PSCI_tumor_30
139,1519.4516464948024,3980.5943183455547,PSCI_tumor_30
140,1527.500439793261,3969.693458691528,PSCI_tumor_30
141,1579.7454468288347,3891.325948138167,PSCI_tumor_30
142,1586.6754313529736,3879.7720083719555,PSCI_tumor_30
143,1592.4724895877848,3867.610087247057,PSCI_tumor_30
144,1597.083825265627,3854.9509485365325,PSCI_tumor_30
145,1600.4674409970023,3841.9098843848446,PSCI_tumor_30
146,1602.592520758591,3828.6056652934085,PSCI_tumor_30
147,1605.8312283731054,3799.457296762781,PSCI_tumor_30
148,1623.05887082741,3782.2296543084763,PSCI_tumor_30
149,1634.154004631348,3769.736150986758,PSCI_tumor_30
150,1643.6953488225267,3756.019286534466,PSCI_tumor_30
151,1691.5866052718034,3677.6517759811045,PSCI_tumor_30
152,1697.7208015950478,3666.516223488849,PSCI_tumor_30
153,1702.8283547119959,3654.873981651581,PSCI_tumor_30
154,1706.8678448937605,3642.819463290762,PSCI_tumor_30
155,1732.990348411548,3551.3907009785075,PSCI_tumor_30
156,1733.6554296294903,3548.982445354453,PSCI_tumor_30
157,1751.0704319746817,3483.676186559984,PSCI_tumor_30
158,1754.2141504812228,3468.646392363743,PSCI_tumor_30
159,1755.7069782276349,3453.3640775865483,PSCI_tumor_30
160,1755.5312553339597,3438.010029224817,PSCI_tumor_30
161,1753.6890605699791,3422.76588287019,PSCI_tumor_30
162,1740.6278088110857,3348.752122903127,PSCI_tumor_30
163,1736.130240038661,3330.4813007805997,PSCI_tumor_30
164,1705.6539859345755,3234.698787882046,PSCI_tumor_30
165,1700.8159256447932,3221.7311181088003,PSCI_tumor_30
166,1694.7313086710287,3209.2995163214964,PSCI_tumor_30
167,1687.4586180549668,3197.523470384147,PSCI_tumor_30
168,1658.0159729041225,3154.6978047101916,PSCI_tumor_30
169,1649.7853233059404,3099.826807388976,PSCI_tumor_30
170,1647.0441087230502,3086.178707685125,PSCI_tumor_30
171,1642.9720901770236,3072.866925389861,PSCI_tumor_30
172,1637.608859445489,3060.020889462929,PSCI_tumor_30
173,1631.0065626167068,3047.765500464601,PSCI_tumor_30
174,1623.2293930790242,3036.219916161594,PSCI_tumor_30
175,1614.3529673757944,3025.4963929695296,PSCI_tumor_30
176,1604.4635899942414,3015.6991944964498,PSCI_tumor_30
177,1593.6574142366533,3006.923577799498,PSCI_tumor_30
178,1528.3511554421855,2959.032321350222,PSCI_tumor_30
179,1517.8438330185982,2952.027346501007,PSCI_tumor_30
180,1506.7525767539516,2945.989339245025,PSCI_tumor_30
181,1495.1661317960984,2940.9666118594314,PSCI_tumor_30
182,1483.1772054765015,2936.9993530003912,PSCI_tumor_30
183,1470.881725525387,2934.1193061391236,PSCI_tumor_30
184,1414.1316250059804,2923.4786622917345,PSCI_tumor_30
185,1348.0058845707533,2897.7630965669246,PSCI_tumor_30
186,1336.705518099886,2893.9101813905727,PSCI_tumor_30
187,1325.1200156211396,2891.025849570719,PSCI_tumor_30
188,1313.332235593689,2889.130729585996,PSCI_tumor_30
189,1239.3184756266248,2880.4232284134,PSCI_tumor_30
190,1222.823240675933,2879.4562549060415,PSCI_tumor_30
191,1160.9823096204495,2879.4562549060415,PSCI_tumor_30
192,1117.0977263448337,2874.5801900976394,PSCI_tumor_30
193,1066.836697775075,2847.971410266591,PSCI_tumor_30
194,1051.2986050301033,2840.912547707806,PSCI_tumor_30
195,1035.0222843092824,2835.7801749068353,PSCI_tumor_30
196,1024.5899537660323,2833.172092271023,PSCI_tumor_30
197,1015.699664360339,2782.0529281882878,PSCI_tumor_30
198,1015.699664360339,2736.2618075504765,PSCI_tumor_30
199,1023.3501356297655,2690.358979933918,PSCI_tumor_30
200,1047.1484570589207,2642.7623370756073,PSCI_tumor_30
201,1104.9625510579638,2584.9482430765647,PSCI_tumor_30
202,1117.2803466048788,2570.8790656249294,PSCI_tumor_30
203,1173.8791042267515,2496.8653056578655,PSCI_tumor_30
204,1182.3621564731384,2484.4544692369514,PSCI_tumor_30
205,1189.4774371420988,2471.2119688279067,PSCI_tumor_30
206,1195.1442675862431,2457.2879583137287,PSCI_tumor_30
207,1234.3280228629237,2344.0904430699843,PSCI_tumor_30
208,1237.9480486242478,2331.8751555108306,PSCI_tumor_30
209,1240.452093627983,2319.383254323072,PSCI_tumor_30
210,1241.8197647512948,2306.7164744495635,PSCI_tumor_30
211,1246.066426964047,2238.7698790455333,PSCI_tumor_30
212,1254.2878232733797,2144.223821488205,PSCI_tumor_30
213,1266.7983033530745,2056.6504609303447,PSCI_tumor_30
214,1268.2171983656158,2036.6850929909592,PSCI_tumor_30
215,1268.2171983656158,1945.256330678704,PSCI_tumor_30
216,1267.5398053558094,1931.4431106572372,PSCI_tumor_30
217,1265.5141268613284,1917.7624478338141,PSCI_tumor_30
218,1262.1596021052467,1904.345627334455,PSCI_tumor_30
219,1257.508422452195,1891.3214023484445,PSCI_tumor_30
220,1251.6052224871178,1878.8147585611007,PSCI_tumor_30
221,1244.5066516838997,1866.9457147410246,PSCI_tumor_30
222,1197.137087264477,1795.8913681118904,PSCI_tumor_30
223,1170.5915406612373,1742.8002749054124,PSCI_tumor_30
224,1162.4707133525371,1728.6635563853204,PSCI_tumor_30
225,1152.7742355220557,1715.5573378468928,PSCI_tumor_30
226,1117.1921002981571,1672.8587755782146,PSCI_tumor_30
227,1098.6859530011748,1640.4730178084947,PSCI_tumor_30
228,1091.76451972564,1611.0569263874725,PSCI_tumor_30
229,1102.8680537234425,1602.035305014258,PSCI_tumor_30
230,1112.5103774008023,1593.4394662700734,PSCI_tumor_30
231,1121.3266485502586,1583.998268642957,PSCI_tumor_30
232,1129.2430563647458,1573.7907548942658,PSCI_tumor_30
233,1136.1933237935766,1562.9023834695422,PSCI_tumor_30
234,1142.1192624213147,1551.424313030863,PSCI_tumor_30
235,1146.9712596276909,1539.4526392663338,PSCI_tumor_30
236,1173.093763145478,1465.4388792992702,PSCI_tumor_30
237,1177.176391281339,1451.679403222232,PSCI_tumor_30
238,1179.8409039972912,1437.576516766019,PSCI_tumor_30
239,1181.0597627176178,1423.275977691208,PSCI_tumor_30
240,1180.8203701546577,1408.925586560263,PSCI_tumor_30
241,1179.1252005057308,1394.6736591723036,PSCI_tumor_30
242,1175.9917738815323,1380.6674936727434,PSCI_tumor_30
243,1164.7188587455762,1340.0849991833009,PSCI_tumor_30
244,1168.257717799348,1327.3451065897218,PSCI_tumor_30
245,1190.2113686762627,1299.9030429935783,PSCI_tumor_30
246,1235.2203880555103,1267.7537434369726,PSCI_tumor_30
247,1245.6240131894504,1259.5592415428198,PSCI_tumor_30
248,1310.9302719839184,1202.9604839209476,PSCI_tumor_30
249,1320.6498198457818,1193.6914744931112,PSCI_tumor_30
250,1329.4445821795612,1183.5407946190971,PSCI_tumor_30
251,1337.2349617775685,1172.6003132708508,PSCI_tumor_30
252,1343.9504516221841,1160.969047537525,PSCI_tumor_30
253,1349.5302730113121,1148.7522664689373,PSCI_tumor_30
254,1353.9239256374838,1136.0605383355066,PSCI_tumor_30
255,1357.0916446421022,1123.0087299274678,PSCI_tumor_30
256,1359.0047605082507,1109.7149669502267,PSCI_tumor_30
257,1359.6459585348437,1096.299564924828,PSCI_tumor_30
258,1359.0094355437445,1082.883940269443,PSCI_tumor_30
259,1357.1009524015687,1069.5895114171603,PSCI_tumor_30
260,1353.9377818808227,1056.5365999155429,PSCI_tumor_30
261,1349.5485523322604,1043.8433414535716,PSCI_tumor_30
262,1323.4260488144737,978.5370826591036,PSCI_tumor_30
263,1317.4568733304588,965.5599001752,PSCI_tumor_30
264,1310.206905476075,953.2523298508063,PSCI_tumor_30
265,1301.7503656327315,941.7403684602596,PSCI_tumor_30
266,1297.8433257213323,937.4163884424819,PSCI_tumor_30
267,1353.198841806662,890.577105601049,PSCI_tumor_30
268,1361.8338356495374,882.6317638340992,PSCI_tumor_30
269,1422.7863438577083,821.679255625929,PSCI_tumor_30
270,1432.0903916943469,811.4138207521075,PSCI_tumor_30
271,1440.343449427026,800.2858605905955,PSCI_tumor_30
272,1447.4660355981991,788.4025434809101,PSCI_tumor_30
273,1453.3895558094366,775.8783122628995,PSCI_tumor_30
274,1458.0569633229786,762.8337821296343,PSCI_tumor_30
275,1461.4233084530051,749.3945790371636,PSCI_tumor_30
276,1463.4561714556828,735.6901298578833,PSCI_tumor_30
277,1464.1359747490199,721.8524159290041,PSCI_tumor_30
278,1463.4561714556828,708.0147020001249,PSCI_tumor_30
279,1461.4233084530053,694.3102528208447,PSCI_tumor_30
280,1458.0569633229786,680.8710497283738,PSCI_tumor_30
281,1453.3895558094366,667.8265195951087,PSCI_tumor_30
282,1447.4660355981991,655.3022883770981,PSCI_tumor_30
283,1440.343449427026,643.4189712674126,PSCI_tumor_30
284,1432.090391694347,632.2910111059007,PSCI_tumor_30
285,1422.7863438577083,622.0255762320792,PSCI_tumor_30
286,1366.1875862358354,565.4268186102069,PSCI_tumor_30
287,1354.2837049330408,554.798467234122,PSCI_tumor_30
288,1341.2563946504545,545.5814487440806,PSCI_tumor_30
289,1327.2721108641829,537.8935328997462,PSCI_tumor_30
290,1227.1358473793323,490.0022764504699,PSCI_tumor_30
291,1211.9828348805318,483.80728557294543,PSCI_tumor_30
292,1196.2145504890316,479.4080916569892,PSCI_tumor_30
293,1096.07828700418,457.6393387254999,PSCI_tumor_30
294,1085.1630249433244,455.7117428495238,PSCI_tumor_30
295,992.4812074457224,443.07331319075973,PSCI_tumor_30
296,851.886352127531,417.51061222381577,PSCI_tumor_30
297,833.6819538325533,415.40956345516577,PSCI_tumor_30
298,746.6069421065961,411.055812868868,PSCI_tumor_30
299,733.7439900912339,410.99939693418514,PSCI_tumor_30
300,720.9292950978139,412.11398633518223,PSCI_tumor_30
301,708.26924038431,414.3903281281223,PSCI_tumor_30
302,612.486727485757,436.1590810596116,PSCI_tumor_30
303,597.5940977971643,440.41509739154594,PSCI_tumor_30
304,498.7137018866076,474.64292674520016,PSCI_tumor_30
305,410.48386566996805,485.2305070911969,PSCI_tumor_30
306,310.0669672370526,489.2471830285136,PSCI_tumor_30
307,225.814356413722,489.2471830285136,PSCI_tumor_30
308,214.55620738554933,489.69679076459005,PSCI_tumor_30
309,105.71244272810273,498.40429193718575,PSCI_tumor_30
310,92.6951026188903,500.05744600550736,PSCI_tumor_30
311,79.88748079468931,502.91207121746925,PSCI_tumor_30
312,67.40022353203176,506.94350619136185,PSCI_tumor_30
313,-37.08979053911685,546.1272614680427,PSCI_tumor_30
314,-51.30798089670306,552.3712097797335,PSCI_tumor_30
315,-64.75438987191542,560.1389580528789,PSCI_tumor_30
316,-77.26632860114609,569.3365238612654,PSCI_tumor_30
317,-151.28008856820972,630.2890320694354,PSCI_tumor_30
318,-161.2764070859876,639.3570336615865,PSCI_tumor_30
319,-170.36113477106937,649.3381538227724,PSCI_tumor_30
320,-178.45124288148742,660.1411713431631,PSCI_tumor_30
321,-185.47279287752173,671.667353383948,PSCI_tumor_30
322,-191.3616121738135,683.8113578338708,PSCI_tumor_30
323,-196.06388063675018,696.4621960703907,PSCI_tumor_30
324,-226.54013474083555,792.2447089689439,PSCI_tumor_30
325,-229.89092333507273,804.7268145046078,PSCI_tumor_30
326,-232.0861912285651,817.4630439969859,PSCI_tumor_30
327,-233.10754090072638,830.3466610222587,PSCI_tumor_30
328,-237.46129148702403,960.9591786111945,PSCI_tumor_30
329,-237.40640932832827,971.7947627771626,PSCI_tumor_30
330,-233.1859069742575,1068.8663169207955,PSCI_tumor_30
331,-233.1859069742575,1152.8737239724926,PSCI_tumor_30
332,-232.94228906955104,1161.1638917774064,PSCI_tumor_30
333,-228.58853848325302,1235.1776517444703,PSCI_tumor_30
334,-228.25237377163532,1239.669001027912,PSCI_tumor_30
335,-219.54487259903965,1335.4515139264647,PSCI_tumor_30
336,-217.8474660529978,1347.924411642813,PSCI_tumor_30
337,-202.07498626491105,1434.673050477289,PSCI_tumor_30
338,-198.17976189015846,1512.5775379723452,PSCI_tumor_30
339,-197.82516179385328,1517.7575849494208,PSCI_tumor_30
340,-189.11766062125764,1617.8938484342716,PSCI_tumor_30
341,-187.1550222532752,1632.0796119437055,PSCI_tumor_30
342,-171.31845729160418,1715.2215779924773,PSCI_tumor_30
343,-163.19135572379503,1833.064550725711,PSCI_tumor_30
344,-161.4732080515171,1847.338173063443,PSCI_tumor_30
345,-141.7571446620022,1961.6913407226295,PSCI_tumor_30
346,-141.7571446620022,2332.740132859214,PSCI_tumor_30
347,-141.1212113811484,2346.1249459361075,PSCI_tumor_30
348,-133.04964348940655,2430.8764087993977,PSCI_tumor_30
349,-133.04964348940655,2585.25766686449,PSCI_tumor_30
350,-132.51156721931739,2597.571800669371,PSCI_tumor_30
351,-130.90144002840935,2609.7920669457676,PSCI_tumor_30
352,-118.06186655681473,2682.54964995147,PSCI_tumor_30
353,-106.9271399716192,2753.069584991041,PSCI_tumor_30
354,-106.9271399716192,2942.265214940915,PSCI_tumor_30
355,-106.81433414410714,2947.9077615313436,PSCI_tumor_30
356,-102.4605835578095,3056.75152618879,PSCI_tumor_30
357,-102.3148242038426,3059.6494587139227,PSCI_tumor_30
358,-93.86588821272552,3199.05690256735,PSCI_tumor_30
359,-93.86588821272552,3708.52531812934,PSCI_tumor_30
360,-92.86026541087925,3725.3458198637068,PSCI_tumor_30
361,-79.79901365198597,3834.189584521152,PSCI_tumor_30
362,-77.11163077032063,3849.4485579312213,PSCI_tumor_30
363,-48.435689653519624,3972.345448431796,PSCI_tumor_30
364,-32.60730016659622,4106.886759070646,PSCI_tumor_30
365,-28.462900067683478,4218.785561741286,PSCI_tumor_30
366,-27.24774633429439,4232.761766559295,PSCI_tumor_30
367,-24.651469864279107,4246.548363246004,PSCI_tumor_30
368,-20.69970814406136,4260.009213108377,PSCI_tumor_30
369,-15.43148368862461,4273.011394109956,PSCI_tumor_30
370,41.167273933247316,4394.916410526297,PSCI_tumor_30
371,47.450691158132315,4406.908408628928,PSCI_tumor_30
372,54.85389361418643,4418.243396229721,PSCI_tumor_30
373,63.30879931510725,4428.817133511496,PSCI_tumor_30
374,72.73765450803766,4438.532381334697,PSCI_tumor_30
375,83.05374871951652,4447.299795476584,PSCI_tumor_30
376,94.16221217001649,4455.038748266488,PSCI_tumor_30
377,105.96088822381577,4461.6780700611425,PSCI_tumor_30
378,118.34127285090149,4467.156703741258,PSCI_tumor_30
379,131.18951246134355,4471.424266210412,PSCI_tumor_30
380,144.387450935765,4474.441511732548,PSCI_tumor_30
381,157.81371622311488,4476.180692847088,PSCI_tumor_30
382,171.34483651307684,4476.625815542584,PSCI_tumor_30
383,184.85637571847008,4475.772786342271,PSCI_tumor_30
384,198.22407782541845,4473.629449948851,PSCI_tumor_30
385,211.32500958751365,4470.215517102354,PSCI_tumor_30
386,280.98501896827963,4448.446764170864,PSCI_tumor_30
387,293.91880613783485,4443.7006580456855,PSCI_tumor_30
388,306.328396482548,4437.716475446932,PSCI_tumor_30
389,318.09560886293644,4430.551205968843,PSCI_tumor_30
390,329.10837974353956,4422.273087134822,PSCI_tumor_30
391,339.2618304156025,4412.960954546162,PSCI_tumor_30
392,348.45926579598625,4402.70349110131,PSCI_tumor_30
393,356.61309529037004,4391.598382435685,PSCI_tumor_30
394,363.64566695102445,4379.7513866250765,PSCI_tumor_30
395,392.8969281607112,4324.499004340113,PSCI_tumor_30
396,434.4849607680929,4282.910971732731,PSCI_tumor_30
397,443.299708996953,4273.238450960165,PSCI_tumor_30
398,451.18094303754185,4262.791269788606,PSCI_tumor_30
399,458.0609425634316,4251.6591967131335,PSCI_tumor_30
400,463.8805904603079,4239.937885234024,PSCI_tumor_30
401,468.589880795947,4227.7280519440665,PSCI_tumor_30
402,476.41069248915863,4204.265616864432,PSCI_tumor_30
403,566.9239918232785,4343.532056795936,PSCI_tumor_60
404,600.2369068353386,4343.532056795936,PSCI_tumor_60
405,638.3865175835664,4340.942927773151,PSCI_tumor_60
406,731.9170526982239,4328.18876389388,PSCI_tumor_60
407,826.0017572319505,4316.898599349833,PSCI_tumor_60
408,957.0891777318581,4312.926253274077,PSCI_tumor_60
409,978.0950105442633,4311.504401163777,PSCI_tumor_60
410,1060.8162716839224,4302.796899991182,PSCI_tumor_60
411,1064.2486847802056,4302.414354504539,PSCI_tumor_60
412,1138.2624447472697,4293.706853331943,PSCI_tumor_60
413,1151.6905124379944,4291.799084722795,PSCI_tumor_60
414,1213.9993692102005,4281.4142752607595,PSCI_tumor_60
415,1284.8145301446614,4277.873517214037,PSCI_tumor_60
416,1314.0905292933394,4274.874117080849,PSCI_tumor_60
417,1342.8953087137656,4268.843759723862,PSCI_tumor_60
418,1370.9159448937512,4259.847956514517,PSCI_tumor_60
419,1397.8480329371778,4247.984434232602,PSCI_tumor_60
420,1423.3989934960796,4233.382073401907,PSCI_tumor_60
421,1484.3515017042496,4194.198318125227,PSCI_tumor_60
422,1512.4249534739383,4173.598639316989,PSCI_tumor_60
423,1590.7924640273004,4108.29238052252,PSCI_tumor_60
424,1610.7551869233453,4089.963797554704,PSCI_tumor_60
425,1628.868777102863,4069.80579393726,PSCI_tumor_60
426,1644.9663636997805,4048.004074629207,PSCI_tumor_60
427,1697.2113707353542,3969.636564075846,PSCI_tumor_60
428,1711.0713397836319,3946.528684543423,PSCI_tumor_60
429,1722.665456253254,3922.204842293626,PSCI_tumor_60
430,1731.8881276089387,3896.8865648725764,PSCI_tumor_60
431,1738.6553590716892,3870.8044365692012,PSCI_tumor_60
432,1739.9222907406831,3862.872717109611,PSCI_tumor_60
433,1745.0759781322106,3857.069487361963,PSCI_tumor_60
434,1764.1586665145678,3829.6357584573802,PSCI_tumor_60
435,1812.0499229638444,3751.2682479040186,PSCI_tumor_60
436,1824.3183156103332,3728.9971429195075,PSCI_tumor_60
437,1834.5334218442295,3705.712659244971,PSCI_tumor_60
438,1842.6124022077588,3681.603622523334,PSCI_tumor_60
439,1868.7349057255465,3590.1748602110792,PSCI_tumor_60
440,1870.065068161431,3585.35834896297,PSCI_tumor_60
441,1887.4800705066225,3520.0520901685013,PSCI_tumor_60
442,1893.7675075197048,3489.9925017760193,PSCI_tumor_60
443,1896.7531630125286,3459.427872221629,PSCI_tumor_60
444,1896.4017172251786,3428.719775498167,PSCI_tumor_60
445,1892.7173276972173,3398.2314827889127,PSCI_tumor_60
446,1879.656075938324,3324.2177228218497,PSCI_tumor_60
447,1870.6609383934742,3287.676078576795,PSCI_tumor_60
448,1840.1846842893888,3191.8935656782414,PSCI_tumor_60
449,1830.508563709824,3165.95822613175,PSCI_tumor_60
450,1818.3393297622954,3141.095022557142,PSCI_tumor_60
451,1803.7939485301713,3117.542930682443,PSCI_tumor_60
452,1792.7999146777593,3101.5516087152987,PSCI_tumor_60
453,1789.3998672402884,3078.8846257988243,PSCI_tumor_60
454,1783.917438074508,3051.588426391123,PSCI_tumor_60
455,1775.7734009824549,3024.9648618005945,PSCI_tumor_60
456,1765.0469395193861,2999.272789946731,PSCI_tumor_60
457,1751.842345861821,2974.7620119500743,PSCI_tumor_60
458,1736.2880067864562,2951.6708433440604,PSCI_tumor_60
459,1718.5351553799965,2930.2237969599323,PSCI_tumor_60
460,1698.7564006168902,2910.629400013772,PSCI_tumor_60
461,1677.1440491017142,2893.078166619869,PSCI_tumor_60
462,1611.8377903072465,2845.186910170593,PSCI_tumor_60
463,1590.8231454600718,2831.176960472163,PSCI_tumor_60
464,1568.6406329307788,2819.1009459601983,PSCI_tumor_60
465,1545.4677430150723,2809.0554911890113,PSCI_tumor_60
466,1521.4898903758785,2801.1209734709314,PSCI_tumor_60
467,1496.8989304736497,2795.3608797483957,PSCI_tumor_60
468,1453.0587388156,2787.140843812511,PSCI_tumor_60
469,1399.1747684985096,2766.1859664669764,PSCI_tumor_60
470,1376.574035556775,2758.480136114273,PSCI_tumor_60
471,1353.4030305992821,2752.711472474565,PSCI_tumor_60
472,1329.8274705443807,2748.9212325051194,PSCI_tumor_60
473,1255.8137105773167,2740.2137313325234,PSCI_tumor_60
474,1222.823240675933,2738.279784317806,PSCI_tumor_60
475,1168.8013879457321,2738.279784317806,PSCI_tumor_60
476,1159.3997319478615,2737.235155873598,PSCI_tumor_60
477,1158.7211396712432,2736.875901138918,PSCI_tumor_60
478,1159.1158257285335,2734.5077847951757,PSCI_tumor_60
479,1163.174962723866,2726.3895108045112,PSCI_tumor_60
480,1204.7893907548878,2684.775082773489,PSCI_tumor_60
481,1229.4249818487178,2656.6367278702187,PSCI_tumor_60
482,1286.0237394705907,2582.622967903155,PSCI_tumor_60
483,1302.9898439633646,2557.8012950613265,PSCI_tumor_60
484,1317.2204053012852,2531.3162942432377,PSCI_tumor_60
485,1328.5540661895736,2503.4682732148817,PSCI_tumor_60
486,1367.7378214662542,2390.2707579711373,PSCI_tumor_60
487,1374.9778729889024,2365.84018285283,PSCI_tumor_60
488,1379.9859629963732,2340.856380477312,PSCI_tumor_60
489,1382.7213052429968,2315.522820730295,PSCI_tumor_60
490,1386.8608790822016,2249.28963930302,PSCI_tumor_60
491,1394.596170528273,2160.3337876731953,PSCI_tumor_60
492,1406.5558789287684,2076.61582886973,PSCI_tumor_60
493,1409.393668953851,2036.6850929909592,PSCI_tumor_60
494,1409.393668953851,1945.256330678704,PSCI_tumor_60
495,1408.0388829342385,1917.6298906357702,PSCI_tumor_60
496,1403.9875259452765,1890.2685649889245,PSCI_tumor_60
497,1397.2784764331132,1863.4349239902062,PSCI_tumor_60
498,1387.9761171270095,1837.3864740181848,PSCI_tumor_60
499,1376.1697171968551,1812.3731864434974,PSCI_tumor_60
500,1361.9725755904187,1788.6350988033453,PSCI_tumor_60
501,1319.4784537871483,1724.8939160984396,PSCI_tumor_60
502,1296.8636146847543,1679.6642378936526,PSCI_tumor_60
503,1280.621960067354,1651.3908008534686,PSCI_tumor_60
504,1262.1286057565299,1626.3943075552208,PSCI_tumor_60
505,1270.3953123089937,1610.3823563580002,PSCI_tumor_60
506,1280.0993067217457,1586.4390088289415,PSCI_tumor_60
507,1306.221810239533,1512.425248861878,PSCI_tumor_60
508,1314.387066511255,1484.9062967078016,PSCI_tumor_60
509,1319.7160919431597,1456.7005237953756,PSCI_tumor_60
510,1322.1538093838126,1428.0994456457538,PSCI_tumor_60
511,1321.6750242578921,1399.3986633838638,PSCI_tumor_60
512,1319.4750745187466,1380.9028603476816,PSCI_tumor_60
513,1338.084795083734,1366.2447591131472,PSCI_tumor_60
514,1403.391053878202,1309.646001491275,PSCI_tumor_60
515,1422.8301496019287,1291.1079826356017,PSCI_tumor_60
516,1440.4196742694871,1270.806622887574,PSCI_tumor_60
517,1456.000433465502,1248.9256601910813,PSCI_tumor_60
518,1469.4314131547333,1225.6631287244295,PSCI_tumor_60
519,1480.5910559329893,1201.2295665872539,PSCI_tumor_60
520,1489.3783611853323,1175.8461103203929,PSCI_tumor_60
521,1495.7137991945692,1149.7424935043152,PSCI_tumor_60
522,1499.5400309268664,1123.154967549833,PSCI_tumor_60
523,1500.8224269800526,1096.3241634990359,PSCI_tumor_60
524,1499.549380997854,1069.4929141882656,PSCI_tumor_60
525,1495.7324147135027,1042.9040564837,PSCI_tumor_60
526,1489.4060736720103,1016.7982334804652,PSCI_tumor_60
527,1480.6276145748857,991.4117165565228,PSCI_tumor_60
528,1472.6504567880506,971.4688220894346,PSCI_tumor_60
529,1522.6131835546319,921.506095322854,PSCI_tumor_60
530,1541.2212792279092,900.9752255752111,PSCI_tumor_60
531,1557.7273946932671,878.719305252187,PSCI_tumor_60
532,1571.9725670356136,854.9526710328162,PSCI_tumor_60
533,1583.8196074580885,829.904208596795,PSCI_tumor_60
534,1593.1544224851727,803.8151483302647,PSCI_tumor_60
535,1599.887112745226,776.9367421453233,PSCI_tumor_60
536,1603.9528387505811,749.5278437867628,PSCI_tumor_60
537,1605.3124453372552,721.8524159290042,PSCI_tumor_60
538,1603.9528387505813,694.1769880712458,PSCI_tumor_60
539,1599.887112745226,666.7680897126853,PSCI_tumor_60
540,1593.1544224851727,639.8896835277437,PSCI_tumor_60
541,1583.8196074580887,613.8006232612134,PSCI_tumor_60
542,1571.9725670356138,588.7521608251923,PSCI_tumor_60
543,1557.7273946932673,564.9855266058214,PSCI_tumor_60
544,1541.2212792279095,542.7296062827972,PSCI_tumor_60
545,1522.6131835546323,522.1987365351542,PSCI_tumor_60
546,1466.0144259327594,465.5999789132819,PSCI_tumor_60
547,1442.2066633271702,444.3432761611123,PSCI_tumor_60
548,1416.1520427619973,425.90923918102953,PSCI_tumor_60
549,1388.1834751894542,410.5334074923609,PSCI_tumor_60
550,1288.0472117046036,362.6421510430845,PSCI_tumor_60
551,1257.7411867070027,350.25216928803565,PSCI_tumor_60
552,1226.2046179240024,341.4537814561232,PSCI_tumor_60
553,1126.0683544391509,319.6850285246339,PSCI_tumor_60
554,1104.2378303174396,315.8298367726816,PSCI_tumor_60
555,1014.6567082207874,303.6142292140471,PSCI_tumor_60
556,877.1407669322346,278.6113307979465,PSCI_tumor_60
557,840.7319703422792,274.40923326064654,PSCI_tumor_60
558,753.656958616322,270.05548267434875,PSCI_tumor_60
559,727.9310545855975,269.942650804983,PSCI_tumor_60
560,702.3016645987576,272.1718296069772,PSCI_tumor_60
561,676.9815551717498,276.7245131928574,PSCI_tumor_60
562,581.1990422731968,298.4932661243467,PSCI_tumor_60
563,551.4137828960114,307.0052987882154,PSCI_tumor_60
564,466.850506318643,336.2772022188429,PSCI_tumor_60
565,399.2345985428101,344.3911111519429,PSCI_tumor_60
566,307.2445663344258,348.07071244027827,PSCI_tumor_60
567,225.814356413722,348.07071244027827,PSCI_tumor_60
568,203.29805835737668,348.9699279124312,PSCI_tumor_60
569,94.45429369993006,357.6774290850269,PSCI_tumor_60
570,68.41961348150522,360.9837372216701,PSCI_tumor_60
571,42.80436983310324,366.69298764559386,PSCI_tumor_60
572,17.829855307788137,374.7558575933791,PSCI_tumor_60
573,-86.66015876336047,413.93961287005993,PSCI_tumor_60
574,-115.09653947853289,426.42750949344156,PSCI_tumor_60
575,-141.98935742895765,441.96300603973236,PSCI_tumor_60
576,-167.01323488741897,460.3581376565054,PSCI_tumor_60
577,-241.02699485448258,521.3106458646754,PSCI_tumor_60
578,-261.0196318900384,539.4466490489774,PSCI_tumor_60
579,-279.1890872602019,559.4088893713493,PSCI_tumor_60
580,-295.369303481038,581.0149244121309,PSCI_tumor_60
581,-309.4124034731066,604.0672884937007,PSCI_tumor_60
582,-321.1900420656902,628.3552973935464,PSCI_tumor_60
583,-330.59457899156354,653.6569738665861,PSCI_tumor_60
584,-361.07083309564894,749.4394867651392,PSCI_tumor_60
585,-367.7724102841232,774.403697836467,PSCI_tumor_60
586,-372.16294607110797,799.8761568212233,PSCI_tumor_60
587,-374.2056454154306,825.6433908717687,PSCI_tumor_60
588,-378.5593960017282,956.2559084607045,PSCI_tumor_60
589,-378.44963168433674,977.927076792641,PSCI_tumor_60
590,-374.36237756249284,1071.9339215950545,PSCI_tumor_60
591,-374.36237756249284,1152.8737239724926,PSCI_tumor_60
592,-373.8751417530799,1169.45405958232,PSCI_tumor_60
593,-369.5213911667819,1243.4678195493839,PSCI_tumor_60
594,-368.8490617435465,1252.4505181162674,PSCI_tumor_60
595,-360.1415605709508,1348.2330310148202,PSCI_tumor_60
596,-356.746747478867,1373.1788264475167,PSCI_tumor_60
597,-342.6167902478853,1450.8935912179154,PSCI_tumor_60
598,-339.1800920846777,1519.6275544820708,PSCI_tumor_60
599,-338.47089189206736,1529.987648436222,PSCI_tumor_60
600,-329.7633907194717,1630.1239119210727,PSCI_tumor_60
601,-325.8381139835069,1658.4954389399404,PSCI_tumor_60
602,-311.5799864053565,1733.3506087252288,PSCI_tumor_60
603,-304.0332844423338,1842.7777871890585,PSCI_tumor_60
604,-300.59698909777796,1871.3250318645225,PSCI_tumor_60
605,-282.9336152502375,1973.7726001802573,PSCI_tumor_60
606,-282.9336152502375,2332.740132859214,PSCI_tumor_60
607,-281.66174868852994,2359.509759013001,PSCI_tumor_60
608,-274.22611407764185,2437.5839224273263,PSCI_tumor_60
609,-274.22611407764185,2585.25766686449,PSCI_tumor_60
610,-273.1499615374635,2609.885934474252,PSCI_tumor_60
611,-269.92970715564746,2634.326467027045,PSCI_tumor_60
612,-257.3118119713519,2705.827873071386,PSCI_tumor_60
613,-248.1036105598545,2764.1464820108695,PSCI_tumor_60
614,-248.1036105598545,2942.265214940915,PSCI_tumor_60
615,-247.87799890483038,2953.550308121772,PSCI_tumor_60
616,-243.52424831853273,3062.3940727792187,PSCI_tumor_60
617,-243.23272961059894,3068.1899378294843,PSCI_tumor_60
618,-235.0423588009608,3203.3310561885087,PSCI_tumor_60
619,-235.0423588009608,3708.52531812934,PSCI_tumor_60
620,-233.03111319726827,3742.166321598073,PSCI_tumor_60
621,-219.969861438375,3851.010086255518,PSCI_tumor_60
622,-214.59509567504432,3881.5280330756573,PSCI_tumor_60
623,-187.71946754552766,3996.7092964878702,PSCI_tumor_60
624,-173.47769091687223,4117.764397831443,PSCI_tumor_60
625,-169.54264130534472,4224.010737342682,PSCI_tumor_60
626,-167.11233383856643,4251.9631469787,PSCI_tumor_60
627,-161.9197808985358,4279.536340352116,PSCI_tumor_60
628,-154.01625745810037,4306.458040076861,PSCI_tumor_60
629,-143.47980854722698,4332.462402080021,PSCI_tumor_60
630,-86.88105092535505,4454.367418496362,PSCI_tumor_60
631,-74.31421647558511,4478.351414701622,PSCI_tumor_60
632,-59.50781156347682,4501.021389903209,PSCI_tumor_60
633,-42.598000161635184,4522.168864466759,PSCI_tumor_60
634,-23.740289775774357,4541.599360113162,PSCI_tumor_60
635,-3.1081013528166466,4559.134188396936,PSCI_tumor_60
636,19.108825548183376,4574.612093976745,PSCI_tumor_60
637,42.70617765578196,4587.890737566054,PSCI_tumor_60
638,67.46694690995336,4598.848004926283,PSCI_tumor_60
639,93.16342613083755,4607.383129864591,PSCI_tumor_60
640,119.55930307968043,4613.417620908864,PSCI_tumor_60
641,146.41183365438022,4616.8959831379425,PSCI_tumor_60
642,173.47407423430417,4617.786228528936,PSCI_tumor_60
643,200.4971526450907,4616.080170128308,PSCI_tumor_60
644,227.2325568589874,4611.79349734147,PSCI_tumor_60
645,253.43442038317758,4604.965631648475,PSCI_tumor_60
646,323.0944297639436,4583.196878716985,PSCI_tumor_60
647,348.96200410305426,4573.704666466628,PSCI_tumor_60
648,373.7811847924805,4561.736301269122,PSCI_tumor_60
649,397.31560955325733,4547.405762312942,PSCI_tumor_60
650,419.34115131446345,4530.849524644903,PSCI_tumor_60
651,439.64805265858934,4512.225259467581,PSCI_tumor_60
652,458.04292341935684,4491.710332577877,PSCI_tumor_60
653,474.3505824081244,4469.5001152466275,PSCI_tumor_60
654,488.4157257294332,4445.806123625411,PSCI_tumor_60
655,507.7344928721261,4409.315119022546,PSCI_tumor_60
656,534.3118004650172,4382.737811429655,PSCI_tumor_60
657,551.9412969227374,4363.392769884524,PSCI_tumor_60
658,566.9239918232785,4343.532056795936,PSCI_tumor_60
659,657.968072810161,4527.8492653967705,PSCI_tumor_100
660,663.8195914157183,4527.4521358756065,PSCI_tumor_100
661,755.848808007833,4514.90269724941,PSCI_tumor_100
662,840.094139125685,4504.793257515268,PSCI_tumor_100
663,962.7906603936516,4501.075181113208,PSCI_tumor_100
664,997.8003817476604,4498.705427596043,PSCI_tumor_100
665,1080.5216428873196,4489.997926423446,PSCI_tumor_100
666,1086.2423313811246,4489.3603506123745,PSCI_tumor_100
667,1160.2560913481886,4480.65284943978,PSCI_tumor_100
668,1182.6362041660632,4477.473235091198,PSCI_tumor_100
669,1234.2392917508405,4468.872720493735,PSCI_tumor_100
670,1294.2145521576292,4465.873957473395,PSCI_tumor_100
671,1343.0078840720926,4460.874957251415,PSCI_tumor_100
672,1391.0158497728028,4450.824361656438,PSCI_tumor_100
673,1437.716910072779,4435.831356307531,PSCI_tumor_100
674,1482.6037234784897,4416.058819171006,PSCI_tumor_100
675,1525.188657743326,4391.721551119847,PSCI_tumor_100
676,1586.141165951496,4352.537795843166,PSCI_tumor_100
677,1632.930252234311,4318.204997829436,PSCI_tumor_100
678,1711.297762787673,4252.898739034968,PSCI_tumor_100
679,1744.5689676144143,4222.351100755273,PSCI_tumor_100
680,1774.7582845802772,4188.754428059534,PSCI_tumor_100
681,1801.5875955751396,4152.418229212779,PSCI_tumor_100
682,1853.8326026107134,4074.050718659418,PSCI_tumor_100
683,1876.9325510245094,4035.53758610538,PSCI_tumor_100
684,1896.2560784738798,3994.9978490223843,PSCI_tumor_100
685,1911.6271974000208,3952.8007199873023,PSCI_tumor_100
686,1914.1539436053624,3943.0621852437307,PSCI_tumor_100
687,1924.7764234372894,3927.7910543545995,PSCI_tumor_100
688,1972.667679886566,3849.423543801238,PSCI_tumor_100
689,1993.1150009640473,3812.305035493719,PSCI_tumor_100
690,2010.140178020541,3773.4975627028243,PSCI_tumor_100
691,2023.6051452930901,3733.315834833429,PSCI_tumor_100
692,2049.7276488108773,3641.8870725211746,PSCI_tumor_100
693,2051.944586204019,3633.859553774326,PSCI_tumor_100
694,2069.3595885492105,3568.553294979857,PSCI_tumor_100
695,2079.8386502376807,3518.4539809923867,PSCI_tumor_100
696,2084.8147427257204,3467.51293173507,PSCI_tumor_100
697,2084.2289997468038,3416.3327705293004,PSCI_tumor_100
698,2078.088350533535,3365.51894934721,PSCI_tumor_100
699,2065.0270987746417,3291.505189380147,PSCI_tumor_100
700,2050.035202866559,3230.6024489717224,PSCI_tumor_100
701,2019.5589487624734,3134.8199360731687,PSCI_tumor_100
702,2003.4320811298658,3091.5943701623496,PSCI_tumor_100
703,1983.150024550651,3050.155697538003,PSCI_tumor_100
704,1971.6510125589741,3031.5363308418514,PSCI_tumor_100
705,1966.4152105431187,3005.468051332454,PSCI_tumor_100
706,1952.8418153896964,2961.0954436815728,PSCI_tumor_100
707,1934.9643796179153,2918.2753239251333,PSCI_tumor_100
708,1912.9567235219738,2877.424027264039,PSCI_tumor_100
709,1887.032825063032,2838.938746254016,PSCI_tumor_100
710,1857.444739385599,2803.193668947136,PSCI_tumor_100
711,1824.4801481137556,2770.536340703535,PSCI_tumor_100
712,1788.4595622551292,2741.2842850470297,PSCI_tumor_100
713,1723.1533034606614,2693.393028597754,PSCI_tumor_100
714,1688.128895382037,2670.043112433704,PSCI_tumor_100
715,1651.1580411665486,2649.9164215804303,PSCI_tumor_100
716,1612.5365579737045,2633.173996961785,PSCI_tumor_100
717,1572.5734702417146,2619.9498007649854,PSCI_tumor_100
718,1531.5885370713333,2610.3496445607593,PSCI_tumor_100
719,1504.9615572284295,2605.3570858402145,PSCI_tumor_100
720,1492.0670893101585,2600.342570538665,PSCI_tumor_100
721,1506.4337976606812,2565.0420264164186,PSCI_tumor_100
722,1545.6175529373618,2451.844511172674,PSCI_tumor_100
723,1557.6843054751089,2411.1268859754955,PSCI_tumor_100
724,1566.0311221542268,2369.487215349632,PSCI_tumor_100
725,1570.5900258985994,2327.26461577127,PSCI_tumor_100
726,1574.5868152397425,2263.3159863129817,PSCI_tumor_100
727,1581.6739668681307,2181.8137425865157,PSCI_tumor_100
728,1592.8993130296938,2103.2363194555774,PSCI_tumor_100
729,1597.6289630714982,2036.6850929909592,PSCI_tumor_100
730,1597.6289630714982,1945.256330678704,PSCI_tumor_100
731,1595.3709863721438,1899.212263940481,PSCI_tumor_100
732,1588.6187247238738,1853.6100545290715,PSCI_tumor_100
733,1577.4369755369348,1808.8873195312076,PSCI_tumor_100
734,1561.9330433600956,1765.4732362445054,PSCI_tumor_100
735,1542.2557101431717,1723.7844236200265,PSCI_tumor_100
736,1518.5938074657777,1684.220944219773,PSCI_tumor_100
737,1482.6002758173765,1630.2306467471712,PSCI_tumor_100
738,1471.8483351908594,1608.7267654941375,PSCI_tumor_100
739,1483.7258730316062,1575.0737416120216,PSCI_tumor_100
740,1497.3346334844762,1529.2088213552279,PSCI_tumor_100
741,1506.2163425376507,1482.199199834518,PSCI_tumor_100
742,1507.3738475436605,1468.61850726393,PSCI_tumor_100
743,1526.6720964039132,1451.893358251711,PSCI_tumor_100
744,1559.0705892767912,1420.9966601589226,PSCI_tumor_100
745,1588.3864637227223,1387.1610605788762,PSCI_tumor_100
746,1614.35439571608,1350.692789418055,PSCI_tumor_100
747,1636.7393618647986,1311.9219036403022,PSCI_tumor_100
748,1655.3387664952254,1271.199300078343,PSCI_tumor_100
749,1669.9842752491306,1228.8935396335746,PSCI_tumor_100
750,1680.5433385978588,1185.3875116067784,PSCI_tumor_100
751,1686.920391485021,1141.0749683493082,PSCI_tumor_100
752,1689.0577182403308,1096.3569615979795,PSCI_tumor_100
753,1686.9359749366668,1051.6382127466957,PSCI_tumor_100
754,1683.0352629656845,1024.4659854288525,PSCI_tumor_100
755,1686.729129272659,1020.3904320060158,PSCI_tumor_100
756,1714.2393217149222,983.2972314676423,PSCI_tumor_100
757,1737.981275618833,943.6861744353577,PSCI_tumor_100
758,1757.7263429896248,901.938737041989,PSCI_tumor_100
759,1773.2843680347648,858.4569699311052,PSCI_tumor_100
760,1784.505518468187,813.6596262895359,PSCI_tumor_100
761,1791.2817284771124,767.9781290252685,PSCI_tumor_100
762,1793.547739454902,721.8524159290043,PSCI_tumor_100
763,1791.2817284771124,675.7267028327401,PSCI_tumor_100
764,1784.505518468187,630.0452055684727,PSCI_tumor_100
765,1773.284368034765,585.2478619269034,PSCI_tumor_100
766,1757.726342989625,541.7660948160196,PSCI_tumor_100
767,1737.9812756188333,500.0186574226509,PSCI_tumor_100
768,1714.2393217149224,460.4076003903662,PSCI_tumor_100
769,1686.7291292726595,423.3143998519928,PSCI_tumor_100
770,1655.715636483864,389.0962836059211,PSCI_tumor_100
771,1599.1168788619912,332.49752598404876,PSCI_tumor_100
772,1559.4372745193427,297.06968806376614,PSCI_tumor_100
773,1516.0129069107213,266.3462930969615,PSCI_tumor_100
774,1469.3986276231494,240.71990694918037,PSCI_tumor_100
775,1369.2623641382988,192.82865049990397,PSCI_tumor_100
776,1318.7523224756305,172.17868090815597,PSCI_tumor_100
777,1266.1913745039633,157.51470118830179,PSCI_tumor_100
778,1166.0551110191118,135.74594825681248,PSCI_tumor_100
779,1129.6709041495928,129.32062867022535,PSCI_tumor_100
780,1044.2240425875416,117.66878391176371,PSCI_tumor_100
781,910.8133200051727,93.41228889678746,PSCI_tumor_100
782,850.1319923552469,86.40879300128745,PSCI_tumor_100
783,763.0569806292897,82.05504241498966,PSCI_tumor_100
784,720.1804739114157,81.86698929938018,PSCI_tumor_100
785,677.4648239333492,85.58228730270389,PSCI_tumor_100
786,635.264641555003,93.17009327917083,PSCI_tumor_100
787,539.48212865645,114.93884621066013,PSCI_tumor_100
788,489.8400296944743,129.12556731710794,PSCI_tumor_100
789,424.36624556135666,151.78956951703324,PSCI_tumor_100
790,384.23557570659966,156.6052498996041,PSCI_tumor_100
791,303.4813651309231,159.8354183226312,PSCI_tumor_100
792,225.814356413722,159.8354183226312,PSCI_tumor_100
793,188.2871929864798,161.3341107762194,PSCI_tumor_100
794,79.44342832903317,170.0416119488151,PSCI_tumor_100
795,36.05229463165844,175.5521255098871,PSCI_tumor_100
796,-6.639778115678212,185.06754288309344,PSCI_tumor_100
797,-48.263968991203384,198.50565946273554,PSCI_tumor_100
798,-152.753983062352,237.68941473941635,PSCI_tumor_100
799,-200.1479509209727,258.5025757783856,PSCI_tumor_100
800,-244.9693141716806,284.3950700222037,PSCI_tumor_100
801,-286.67577660244945,315.05362271682543,PSCI_tumor_100
802,-360.68953656951305,376.00613092499543,PSCI_tumor_100
803,-394.0105982954394,406.23280289883206,PSCI_tumor_100
804,-424.2930239123786,439.5032034361186,PSCI_tumor_100
805,-451.2600509471054,475.5132618374212,PSCI_tumor_100
806,-474.66521760055315,513.9338686400376,PSCI_tumor_100
807,-494.29461525485914,554.4138834731136,PSCI_tumor_100
808,-509.968843464648,596.5833442615133,PSCI_tumor_100
809,-540.4450975687333,692.3658571600664,PSCI_tumor_100
810,-551.6143928828574,733.9728756122794,PSCI_tumor_100
811,-558.9319525278319,776.4269739202064,PSCI_tumor_100
812,-562.3364514350361,819.3723640044489,PSCI_tumor_100
813,-566.6902020213337,949.9848815933847,PSCI_tumor_100
814,-566.507261492348,986.1034954799454,PSCI_tumor_100
815,-562.5976716801399,1076.024061160735,PSCI_tumor_100
816,-562.5976716801399,1152.8737239724926,PSCI_tumor_100
817,-561.785611997785,1180.5076166555384,PSCI_tumor_100
818,-557.431861411487,1254.5213766226022,PSCI_tumor_100
819,-556.3113123727613,1269.4925409007415,PSCI_tumor_100
820,-547.6038112001658,1365.2750537992943,PSCI_tumor_100
821,-541.9457893800261,1406.851379520455,PSCI_tumor_100
822,-530.0058622251844,1472.520978872084,PSCI_tumor_100
823,-527.1805323440368,1529.0275764950384,PSCI_tumor_100
824,-525.9985320230195,1546.2943997519567,PSCI_tumor_100
825,-517.2910308504238,1646.4306632368075,PSCI_tumor_100
826,-510.74890295714914,1693.716541601587,PSCI_tumor_100
827,-498.5953585570261,1757.522649702232,PSCI_tumor_100
828,-491.8225227337188,1855.7287691401882,PSCI_tumor_100
829,-486.0953638261258,1903.3075102659618,PSCI_tumor_100
830,-471.1689093678846,1989.8809461237606,PSCI_tumor_100
831,-471.16890936788457,2332.740132859214,PSCI_tumor_100
832,-469.0491317650386,2377.3561764488586,PSCI_tumor_100
833,-462.461408195289,2446.5272739312304,PSCI_tumor_100
834,-462.461408195289,2585.25766686449,PSCI_tumor_100
835,-460.66782062832505,2626.304779547426,PSCI_tumor_100
836,-455.30072999196506,2667.0390004687483,PSCI_tumor_100
837,-442.97840585740005,2736.86550389795,PSCI_tumor_100
838,-436.3389046775015,2778.915678037307,PSCI_tumor_100
839,-436.33890467750155,2942.265214940915,PSCI_tumor_100
840,-435.9628852524613,2961.073703575677,PSCI_tumor_100
841,-431.6091346661637,3069.9174682331236,PSCI_tumor_100
842,-431.1232701529408,3079.577243316899,PSCI_tumor_100
843,-423.2776529186079,3209.0299276833875,PSCI_tumor_100
844,-423.2776529186079,3708.52531812934,PSCI_tumor_100
845,-419.9255769124536,3764.593657243895,PSCI_tumor_100
846,-406.86432515356034,3873.4374219013403,PSCI_tumor_100
847,-397.9063822146759,3924.3006666015717,PSCI_tumor_100
848,-373.4311714015387,4029.1944272293017,PSCI_tumor_100
849,-361.30487858390677,4132.267916179173,PSCI_tumor_100
850,-357.6489629555597,4230.977638144542,PSCI_tumor_100
851,-353.59845051092924,4277.564987537905,PSCI_tumor_100
852,-344.94419561087835,4323.520309826932,PSCI_tumor_100
853,-331.771656543486,4368.389809368174,PSCI_tumor_100
854,-314.2109083586968,4411.730412706774,PSCI_tumor_100
855,-257.6121507368249,4533.635429123115,PSCI_tumor_100
856,-236.66742665387522,4573.608756131882,PSCI_tumor_100
857,-211.99008513369478,4611.392048134527,PSCI_tumor_100
858,-183.8070661306254,4646.637839073777,PSCI_tumor_100
859,-152.37754882085733,4679.021998484448,PSCI_tumor_100
860,-117.99056811592789,4708.246712290738,PSCI_tumor_100
861,-80.96235661426113,4734.04322159042,PSCI_tumor_100
862,-41.633436434930275,4756.1742942392675,PSCI_tumor_100
863,-0.3654876779778533,4774.436406506316,PSCI_tumor_100
864,42.46197769016247,4788.66161473683,PSCI_tumor_100
865,86.45510593823407,4798.719099810618,PSCI_tumor_100
866,131.2093235627337,4804.516370192417,PSCI_tumor_100
867,176.31305786260697,4806.000112510738,PSCI_tumor_100
868,221.3515218805845,4803.156681843026,PSCI_tumor_100
869,265.9105289037458,4796.0122271982955,PSCI_tumor_100
870,309.58030144406285,4784.632451043304,PSCI_tumor_100
871,379.24031082482884,4762.863698111814,PSCI_tumor_100
872,422.35293472334644,4747.043344361218,PSCI_tumor_100
873,463.71823587239015,4727.096069032042,PSCI_tumor_100
874,502.9422771403516,4703.211837438409,PSCI_tumor_100
875,539.6515134090287,4675.618107991676,PSCI_tumor_100
876,573.4963489825718,4644.577666029474,PSCI_tumor_100
877,604.1544669171842,4610.3861212133,PSCI_tumor_100
878,631.3338985651302,4573.369092327885,PSCI_tumor_100
879,654.7758041006448,4533.879106292523,PSCI_tumor_100
880,657.968072810161,4527.8492653967705,PSCI_tumor_100
881,1105.8749505228109,2509.96027281694,TLS1_0
882,1142.533198464657,2507.923703486837,TLS1_0
883,1223.9959716687597,2507.923703486837,TLS1_0
884,1283.056482241734,2556.801367409299,TLS1_0
885,1319.71473018358,2577.167060710324,TLS1_0
886,1323.7878688437852,2628.0812939628886,TLS1_0
887,1348.226700805016,2664.7395419047343,TLS1_0
888,1354.3364087953237,2695.288081856273,TLS1_0
889,1358.4095474555288,2727.873191137914,TLS1_0
890,1376.738671426452,2764.53143907976,TLS1_0
891,1370.628963436144,2819.5188109925293,TLS1_0
892,1348.226700805016,2848.0307816139657,TLS1_0
893,1303.4221755427595,2888.762168216017,TLS1_0
894,1264.7273582708108,2905.054722856837,TLS1_0
895,1230.1056796590672,2917.2741388374525,TLS1_0
896,1187.3377237269135,2939.6764014685805,TLS1_0
897,1148.6429064549648,2947.822678788991,TLS1_0
898,1093.6555345421957,2947.822678788991,TLS1_0
899,1038.6681626294264,2937.639832138478,TLS1_0
900,1002.0099146875802,2921.347277497657,TLS1_0
901,961.278528085529,2905.054722856837,TLS1_0
902,930.7299881339906,2872.469613575196,TLS1_0
903,924.620280143683,2829.701657643042,TLS1_0
904,926.6568494737854,2782.860563050683,TLS1_0
905,918.5105721533752,2742.129176448632,TLS1_0
906,918.5105721533752,2701.3977898465805,TLS1_0
907,955.1688200952212,2644.373848603709,TLS1_0
908,985.7173600467598,2609.7521699919657,TLS1_0
909,1004.0464840176828,2579.203630040427,TLS1_0
910,1016.265899998298,2542.5453820985804,TLS1_0
911,1040.704731959529,2520.143119467453,TLS1_0
912,1097.7286732024006,2522.179688797555,TLS1_0
913,1105.8749505228109,2509.96027281694,TLS1_0
914,1052.7242667005169,2379.305910654872,TLS1_30
915,1045.743536267163,2379.056598853681,TLS1_30
916,1032.0269091545433,2379.233605100551,TLS1_30
917,1018.3922139591475,2380.7410126389204,TLS1_30
918,1004.9681830535101,2383.564589236532,TLS1_30
919,991.8815598171273,2387.6776760125495,TLS1_30
920,979.2559019851402,2393.041439138161,TLS1_30
921,967.2104150743744,2399.6052364873067,TLS1_30
922,955.8588269009738,2407.30709577579,TLS1_30
923,945.3083138159056,2416.074299674405,TLS1_30
924,920.8694818546746,2438.4765623055328,TLS1_30
925,910.8231393188981,2448.669825812305,TLS1_30
926,901.860447008365,2459.8278617421342,TLS1_30
927,894.073515784727,2471.8359973752363,TLS1_30
928,887.5423730459776,2484.5708233964556,TLS1_30
929,882.3341402735191,2497.901462190322,TLS1_30
930,875.0153868767468,2519.8577223806396,TLS1_30
931,871.3081004576317,2526.036533079165,TLS1_30
932,849.3093581613263,2550.9684410149775,TLS1_30
933,842.5381937644216,2559.2554730313177,TLS1_30
934,836.4142118067667,2568.0316004182737,TLS1_30
935,799.7559638649207,2625.055541661145,TLS1_30
936,793.0354048256834,2636.6924714265415,TLS1_30
937,787.4517202912706,2648.915667210984,TLS1_30
938,783.0555015358393,2661.614380091392,TLS1_30
939,779.8865807359637,2674.673552696452,TLS1_30
940,777.9736700690563,2687.974861690122,TLS1_30
941,777.3341015651399,2701.3977898465805,TLS1_30
942,777.3341015651399,2742.129176448632,TLS1_30
943,778.0211613296476,2756.0403695733344,TLS1_30
944,780.075653232304,2769.816160232846,TLS1_30
945,784.8715635240268,2793.79571169146,TLS1_30
946,783.5770577876746,2823.5693436275637,TLS1_30
947,783.6148040775936,2836.6479924410746,TLS1_30
948,784.8627045679888,2849.6670255824265,TLS1_30
949,790.9724125582964,2892.4349815145806,TLS1_30
950,793.7275030431526,2906.5447500633395,TLS1_30
951,797.9032662618033,2920.3011701507403,TLS1_30
952,803.456400861404,2933.5615920217824,TLS1_30
953,810.329322580563,2946.188509267159,TLS1_30
954,818.450761380044,2958.0509847215308,TLS1_30
955,827.7365004906844,2969.0260082407954,TLS1_30
956,858.2850404422229,3001.6111175224364,TLS1_30
957,869.4306030394171,3012.268315803229,TLS1_30
958,881.6720268045158,3021.646321188565,TLS1_30
959,894.8632561686284,3029.6332422891815,TLS1_30
960,908.8469031884803,3036.1337850994623,TLS1_30
961,947.1059797626355,3051.437415729124,TLS1_30
962,981.3309674218796,3066.648521355455,TLS1_30
963,996.8576358512373,3072.4829843497832,TLS1_30
964,1012.9614435448648,3076.4561151951075,TLS1_30
965,1067.948815457634,3086.6389618456205,TLS1_30
966,1080.7481152486564,3088.4078642636055,TLS1_30
967,1093.6555345421957,3088.9991493772263,TLS1_30
968,1148.6429064549648,3088.9991493772263,TLS1_30
969,1163.2634375041353,3088.2400421013363,TLS1_30
970,1177.7267390737675,3085.9708837282965,TLS1_30
971,1216.4215563457162,3077.8246064078858,TLS1_30
972,1228.9460749639918,3074.582075756517,TLS1_30
973,1241.1211692620648,3070.2066157261165,TLS1_30
974,1252.8445935627567,3064.7349711551906,TLS1_30
975,1286.6417232649071,3047.0317127397784,TLS1_30
976,1311.7137278334185,3038.182769950892,TLS1_30
977,1319.5118759260754,3035.167952288094,TLS1_30
978,1358.2066931980241,3018.875397647274,TLS1_30
979,1372.5408255668572,3011.8613480126232,TLS1_30
980,1385.991799590027,3003.274407878176,TLS1_30
981,1398.387746459886,2993.224296224856,TLS1_30
982,1443.1922717221426,2952.4929096228047,TLS1_30
983,1451.574435865175,2944.2079176998673,TLS1_30
984,1459.2363486387708,2935.2526477690567,TLS1_30
985,1481.6386112698988,2906.7406771476203,TLS1_30
986,1489.224541849222,2896.107874367259,TLS1_30
987,1495.7953226887698,2884.8194875525273,TLS1_30
988,1501.29470947869,2872.9721425902485,TLS1_30
989,1505.6756287855255,2860.667249915082,TLS1_30
990,1508.900580989528,2848.0101364604952,TLS1_30
991,1510.9419612724196,2835.1091440854493,TLS1_30
992,1517.0516692627275,2780.12177217268,TLS1_30
993,1517.8993872878784,2766.640501724745,TLS1_30
994,1517.4548013206454,2753.1399231423925,TLS1_30
995,1515.7219814751318,2739.743632083912,TLS1_30
996,1512.7167914425258,2726.5742694718315,TLS1_30
997,1508.4667432615233,2713.752398734701,TLS1_30
998,1503.0107454499691,2701.3954020680003,TLS1_30
999,1495.49636559197,2686.3666423520026,TLS1_30
1000,1494.4226972725473,2677.77729579662,TLS1_30
1001,1492.7713277163948,2667.601098072059,TLS1_30
1002,1486.661619726087,2637.05255812052,TLS1_30
1003,1483.3027078471234,2623.6875240577224,TLS1_30
1004,1478.656752453668,2610.7136455708387,TLS1_30
1005,1472.7680215611051,2598.254541550671,TLS1_30
1006,1465.6926247115346,2586.428925967054,TLS1_30
1007,1461.5909991058488,2580.2764875585253,TLS1_30
1008,1460.4415930357388,2565.9089116821515,TLS1_30
1009,1458.6551602120633,2552.1400203089693,TLS1_30
1010,1455.5248742562098,2538.6131943060004,TLS1_30
1011,1451.0810117736673,2525.459267207364,TLS1_30
1012,1445.3665544833989,2512.8054658118267,TLS1_30
1013,1438.4367734920702,2500.774179625711,TLS1_30
1014,1430.358694703434,2489.481777092831,TLS1_30
1015,1421.2104505335183,2479.0374800610725,TLS1_30
1016,1411.0805242019244,2469.5423073719385,TLS1_30
1017,1400.0668939085656,2461.0880977908355,TLS1_30
1018,1388.2760851735038,2453.75662172846,TLS1_30
1019,1363.0185766039167,2439.724672523134,TLS1_30
1020,1314.0055312971215,2399.162152269234,TLS1_30
1021,1302.8428105590706,2390.817034826354,TLS1_30
1022,1290.9116414752796,2383.613249453012,TLS1_30
1023,1278.3283062870435,2377.6210048859343,TLS1_30
1024,1265.2154433048563,2372.8987020767577,TLS1_30
1025,1251.7008516644648,2369.4923650111346,TLS1_30
1026,1237.9162457850593,2367.4351921548496,TLS1_30
1027,1223.9959716687597,2366.747232898602,TLS1_30
1028,1142.533198464657,2366.747232898602,TLS1_30
1029,1134.7021368708884,2366.964594799014,TLS1_30
1030,1098.0438889290422,2369.0011641291167,TLS1_30
1031,1083.5876890994987,2370.5541258003905,TLS1_30
1032,1069.3678762201885,2373.5856807053087,TLS1_30
1033,1055.5352708937678,2378.0636750496124,TLS1_30
1034,1052.7242667005169,2379.305910654872,TLS1_30
1035,749.319030093467,2450.911348378072,TLS1_60
1036,743.4498962274314,2457.5630334262455,TLS1_60
1037,729.9075674336221,2474.1370974589263,TLS1_60
1038,717.6596035183122,2491.6893522328382,TLS1_60
1039,681.0013555764663,2548.7132934757096,TLS1_60
1040,667.5602374979917,2571.987153006503,TLS1_60
1041,656.3928684291661,2596.4335445753873,TLS1_60
1042,647.6004309183035,2621.8309703362033,TLS1_60
1043,641.2625893185522,2647.949315546324,TLS1_60
1044,637.4367679847375,2674.5519335336635,TLS1_60
1045,636.1576309769046,2701.3977898465805,TLS1_60
1046,636.1576309769046,2742.129176448632,TLS1_60
1047,637.5317505059201,2769.9515626980365,TLS1_60
1048,641.640734311233,2797.50314401706,TLS1_60
1049,643.0862775742683,2804.7308603322363,TLS1_60
1050,642.5338354316661,2817.437029612085,TLS1_60
1051,642.6093280115042,2843.5943272391064,TLS1_60
1052,645.1051289922946,2869.6323935218106,TLS1_60
1053,651.2148369826023,2912.4003494539647,TLS1_60
1054,656.7250179523146,2940.6198865514825,TLS1_60
1055,665.0765443896161,2968.1327267262845,TLS1_60
1056,676.1828135888173,2994.6535704683683,TLS1_60
1057,689.9286570271354,3019.9074049591222,TLS1_60
1058,706.1715346260975,3043.632355867866,TLS1_60
1059,724.7430128473783,3065.582402906395,TLS1_60
1060,755.2915527989168,3098.167512188036,TLS1_60
1061,777.5826779933052,3119.481908749621,TLS1_60
1062,802.0655255235026,3138.2379195202925,TLS1_60
1063,828.4479842517278,3154.211761721526,TLS1_60
1064,856.4152782914314,3167.2128473420876,TLS1_60
1065,892.202044837701,3181.527553960595,TLS1_60
1066,923.9937722143327,3195.6572105724317,TLS1_60
1067,955.0471090730483,3207.3261365610883,TLS1_60
1068,987.2547244603032,3215.2723982517373,TLS1_60
1069,1042.2420963730724,3225.4552449022503,TLS1_60
1070,1067.8406959551173,3228.9930497382193,TLS1_60
1071,1093.6555345421957,3230.175619965462,TLS1_60
1072,1148.6429064549648,3230.175619965462,TLS1_60
1073,1177.8839685533055,3228.6574054136813,TLS1_60
1074,1206.8105716925702,3224.119088667602,TLS1_60
1075,1245.505388964519,3215.9728113471915,TLS1_60
1076,1270.5544262010699,3209.4877500444536,TLS1_60
1077,1294.9046147972158,3200.7368299836526,TLS1_60
1078,1318.3514633986,3189.793540841801,TLS1_60
1079,1343.1777668707498,3176.7892866421034,TLS1_60
1080,1358.7000973960262,3171.3108170449473,TLS1_60
1081,1374.2963935813398,3165.2811817193506,TLS1_60
1082,1412.9912108532885,3148.988627078531,TLS1_60
1083,1441.6594755909546,3134.9605278092295,TLS1_60
1084,1468.5614236372944,3117.7866475403353,TLS1_60
1085,1493.3533173770124,3097.686424233695,TLS1_60
1086,1538.157842639269,3056.955037631644,TLS1_60
1087,1554.922170925334,3040.385053785769,TLS1_60
1088,1570.2459964725258,3022.4745139241472,TLS1_60
1089,1592.6482591036538,2993.962543302711,TLS1_60
1090,1607.8201202623002,2972.6969377419878,TLS1_60
1091,1620.961681941396,2950.120164112525,TLS1_60
1092,1631.960455521236,2926.4254741879677,TLS1_60
1093,1640.7222941349069,2901.8156888376343,TLS1_60
1094,1647.1721985429122,2876.5014619284616,TLS1_60
1095,1651.2549591086952,2850.6994771783693,TLS1_60
1096,1657.364667099003,2795.7121052656,TLS1_60
1097,1659.060103149305,2768.74956436973,TLS1_60
1098,1658.1709312148391,2741.748407205025,TLS1_60
1099,1654.7052915238114,2714.955825088064,TLS1_60
1100,1648.6949114586,2688.6170998639036,TLS1_60
1101,1640.194815096595,2662.9733583896423,TLS1_60
1102,1631.8994000288417,2644.18551794659,TLS1_60
1103,1631.206246637466,2639.914114287845,TLS1_60
1104,1625.0965386471582,2609.365574336306,TLS1_60
1105,1618.378714889231,2582.6355062107104,TLS1_60
1106,1609.0868041023202,2556.6877492369435,TLS1_60
1107,1598.5366580119176,2534.3662388866746,TLS1_60
1108,1597.5955902405462,2527.1129799076143,TLS1_60
1109,1591.3350183288394,2500.059327901677,TLS1_60
1110,1582.4472933637544,2473.7514737044035,TLS1_60
1111,1571.0183787832177,2448.4438709133287,TLS1_60
1112,1557.15881680056,2424.3812985410973,TLS1_60
1113,1541.0026592232878,2401.796493475338,TLS1_60
1114,1522.7061708834565,2380.907899411821,TLS1_60
1115,1502.4463182202683,2361.9175540335527,TLS1_60
1116,1480.419057633551,2345.0091348713468,TLS1_60
1117,1456.8374401634273,2330.346182746595,TLS1_60
1118,1442.9806709660963,2322.6479776369665,TLS1_60
1119,1404.0150909254833,2290.4006010516314,TLS1_60
1120,1381.6896494493817,2273.7103661658703,TLS1_60
1121,1357.8273112818,2259.3027954191875,TLS1_60
1122,1332.6606409053275,2247.3183062850317,TLS1_60
1123,1306.434914940953,2237.8737006666784,TLS1_60
1124,1279.4057316601697,2231.0610265354326,TLS1_60
1125,1251.8365199013588,2226.946680822862,TLS1_60
1126,1223.9959716687597,2225.5707623103663,TLS1_60
1127,1142.533198464657,2225.5707623103663,TLS1_60
1128,1126.8710752771194,2226.005486111191,TLS1_60
1129,1090.2128273352732,2228.042055441294,TLS1_60
1130,1061.3004276761865,2231.1479787838407,TLS1_60
1131,1032.8608019175658,2237.211088593678,TLS1_60
1132,1029.674878472863,2238.2424595343,TLS1_60
1133,1023.3490863495579,2238.324090733649,TLS1_60
1134,996.079695958766,2241.3389058103885,TLS1_60
1135,969.2316341474914,2246.986059005611,TLS1_60
1136,943.0583876747256,2255.2122325576456,TLS1_60
1137,917.8070720107517,2265.9397588088686,TLS1_60
1138,893.7160981892202,2279.067353507161,TLS1_60
1139,871.0129218424187,2294.471072084127,TLS1_60
1140,849.9118956722824,2312.005479881357,TLS1_60
1141,825.4730637110514,2334.4077425124847,TLS1_60
1142,805.3803786394985,2354.794269526029,TLS1_60
1143,787.4549940184322,2377.1103413856877,TLS1_60
1144,771.881131571156,2401.1266126518917,TLS1_60
1145,758.8188460936572,2426.596264694331,TLS1_60
1146,749.319030093467,2450.911348378072,TLS1_60
1147,454.49924382019634,2817.2430770826395,TLS1_100
1148,454.6020265900516,2852.8561069698167,TLS1_100
1149,458.761694891369,2896.2528841076564,TLS1_100
1150,464.8714028816766,2939.0208400398105,TLS1_100
1151,474.0550378311973,2986.0534018690064,TLS1_100
1152,487.9742485600331,3031.9081354936766,TLS1_100
1153,506.4846972253685,3076.109541730483,TLS1_100
1154,529.394436289232,3118.19926588174,TLS1_100
1155,556.4658989541688,3157.7408507296454,TLS1_100
1156,587.4183626563034,3194.3242624605277,TLS1_100
1157,617.9669026078419,3226.909371742169,TLS1_100
1158,655.1187779318226,3262.4333660114776,TLS1_100
1159,695.9235238154852,3293.693383962596,TLS1_100
1160,739.8942883625272,3320.3164542979853,TLS1_100
1161,786.5064450953664,3341.984930332255,TLS1_100
1162,818.9967982711124,3354.981071602553,TLS1_100
1163,847.5441786042702,3367.668796195068,TLS1_100
1164,899.299740035463,3387.117006176162,TLS1_100
1165,952.9790990142211,3400.3607756605766,TLS1_100
1166,1007.9664709269904,3410.5436223110896,TLS1_100
1167,1050.630803563732,3416.4399637043716,TLS1_100
1168,1093.6555345421957,3418.4109140831088,TLS1_100
1169,1148.6429064549648,3418.4109140831088,TLS1_100
1170,1197.3780099521994,3415.880556496808,TLS1_100
1171,1245.5890151843073,3408.316695253343,TLS1_100
1172,1284.283832456256,3400.1704179329317,TLS1_100
1173,1326.0322278505078,3389.3619824283687,TLS1_100
1174,1366.6158755107508,3374.7771156603676,TLS1_100
1175,1405.6939565130574,3356.5383004239484,TLS1_100
1176,1418.559158345208,3349.7993851785363,TLS1_100
1177,1421.3485901461697,3348.8148798370203,TLS1_100
1178,1447.3424171216925,3338.7654876276933,TLS1_100
1179,1486.0372343936413,3322.4729329868733,TLS1_100
1180,1533.8176756230846,3299.092767538038,TLS1_100
1181,1578.6542557003177,3270.4696337565474,TLS1_100
1182,1619.9740785998479,3236.969261578814,TLS1_100
1183,1664.7786038621043,3196.2378749767627,TLS1_100
1184,1692.7191510055459,3168.621235233638,TLS1_100
1185,1718.2588602508656,3138.7703354642686,TLS1_100
1186,1740.6611228819936,3110.258364842832,TLS1_100
1187,1765.9475581464044,3074.815688908294,TLS1_100
1188,1787.8501609448972,3037.1877328591886,TLS1_100
1189,1806.1814502446307,2997.696582984927,TLS1_100
1190,1820.784514600749,2956.6802740677044,TLS1_100
1191,1831.5343552807574,2914.48989588575,TLS1_100
1192,1838.3389562237292,2871.4865879689296,TLS1_100
1193,1844.448664214037,2816.49921605616,TLS1_100
1194,1847.2743909645403,2771.5616478963766,TLS1_100
1195,1845.7924377404306,2726.5597192885357,TLS1_100
1196,1840.016371588718,2681.9054157602673,TLS1_100
1197,1829.9990714800322,2638.007540386666,TLS1_100
1198,1815.8322442100234,2595.267971262897,TLS1_100
1199,1812.921733862027,2588.6761125578905,TLS1_100
1200,1809.6764305419197,2572.449595957354,TLS1_100
1201,1798.480057612041,2527.8994824146944,TLS1_100
1202,1782.9935396338565,2484.65322079175,TLS1_100
1203,1778.5896735418316,2475.335724928469,TLS1_100
1204,1772.415210425679,2448.654172695912,TLS1_100
1205,1757.6023354838708,2404.8077490337896,TLS1_100
1206,1738.5541445163096,2362.6284110486654,TLS1_100
1207,1715.4548745452137,2322.5241237616133,TLS1_100
1208,1688.5279452497598,2284.8827819853477,TLS1_100
1209,1658.0337980167076,2250.0684585461518,TLS1_100
1210,1624.267376911394,2218.417882915705,TLS1_100
1211,1587.5552759335314,2190.237184312029,TLS1_100
1212,1550.0294765510525,2166.903797597336,TLS1_100
1213,1524.0278370966325,2145.385199428161,TLS1_100
1214,1486.8187679697965,2117.5681412852264,TLS1_100
1215,1447.0482043571599,2093.555523374088,TLS1_100
1216,1405.103753729706,2073.5813748171613,TLS1_100
1217,1361.3942104557482,2057.8403654532394,TLS1_100
1218,1316.3455716544433,2046.4859085678295,TLS1_100
1219,1270.3968853897584,2039.6286657135456,TLS1_100
1220,1223.9959716687597,2037.3354681927194,TLS1_100
1221,1142.533198464657,2037.3354681927194,TLS1_100
1222,1116.429659818761,2038.0600078607606,TLS1_100
1223,1079.7714118769147,2040.0965771908634,TLS1_100
1224,1031.58407911177,2045.2731160951082,TLS1_100
1225,1002.5298352177489,2051.4672577714578,TLS1_100
1226,966.3296719582574,2055.469430039012,TLS1_100
1227,921.5829022727995,2064.8813520310496,TLS1_100
1228,877.9608248181898,2078.591641284441,TLS1_100
1229,835.8752987115668,2096.470851703146,TLS1_100
1230,795.7236756756809,2118.3501762002998,TLS1_100
1231,757.8850484310117,2144.0230404952435,TLS1_100
1232,722.7166714807847,2173.247053490627,TLS1_100
1233,698.2778395195537,2195.6493161217545,TLS1_100
1234,664.7900310669652,2229.626861144329,TLS1_100
1235,634.914390031855,2266.820314243759,TLS1_100
1236,608.9579526197278,2306.8474330207664,TLS1_100
1237,587.1874768238965,2349.2968530914977,TLS1_100
1238,585.5207014209707,2353.5630181838883,TLS1_100
1239,579.733398992556,2360.645930029071,TLS1_100
1240,559.320125800373,2389.8996879855913,TLS1_100
1241,522.6618778585269,2446.9236292284627,TLS1_100
1242,500.26001439440256,2485.7133951131177,TLS1_100
1243,481.6477326130266,2526.4573810612587,TLS1_100
1244,466.99367009492227,2568.7864239959517,TLS1_100
1245,456.4306007620035,2612.3169993461534,TLS1_100
1246,450.05423187231236,2656.654695991719,TLS1_100
1247,447.9223368592575,2701.3977898465805,TLS1_100
1248,447.9223368592575,2742.129176448632,TLS1_100
1249,450.21253607428326,2788.49982019764,TLS1_100
1250,454.49924382019634,2817.2430770826395,TLS1_100
1251,1733.374256820455,831.6079265794984,TLS2_0
1252,1757.8130887816856,856.0467585407292,TLS2_0
1253,1763.922796771993,915.1072691137034,TLS2_0
1254,1759.849658111788,949.728947725447,TLS2_0
1255,1725.2279795000445,974.1677796866778,TLS2_0
1256,1676.350315577583,970.0946410264728,TLS2_0
1257,1649.8749142862496,947.6923783953446,TLS2_0
1258,1627.4726516551214,908.9975611233956,TLS2_0
1259,1619.326374334711,847.900481220319,TLS2_0
1260,1588.7778343831728,821.4250799289856,TLS2_0
1261,1578.5949877326602,780.6936933269344,TLS2_0
1262,1572.4852797423523,741.9988760549857,TLS2_0
1263,1594.8875423734803,709.4137667733447,TLS2_0
1264,1639.692067635737,707.3771974432422,TLS2_0
1265,1704.8622861990189,723.6697520840627,TLS2_0
1266,1759.849658111788,725.7063214141652,TLS2_0
1267,1759.849658111788,762.3645693560114,TLS2_0
1268,1749.666811461275,801.0593866279601,TLS2_0
1269,1747.630242131173,805.1325252881652,TLS2_0
1270,1733.374256820455,831.6079265794984,TLS2_0
1271,1486.314721375191,918.5069158183815,TLS2_30
1272,1487.5345950881613,927.655968665657,TLS2_30
1273,1490.0336085846131,941.266823395934,TLS2_30
1274,1493.853173288722,954.5676263948237,TLS2_30
1275,1498.9565897978287,967.4305799778361,TLS2_30
1276,1505.2948231166092,979.7320934351653,TLS2_30
1277,1527.6970857477374,1018.4269107071143,TLS2_30
1278,1534.2191056907814,1028.6524289504134,TLS2_30
1279,1541.594715952134,1038.2804267045751,TLS2_30
1280,1549.7694813107096,1047.2398451462898,TLS2_30
1281,1558.6830684322015,1055.4645598592197,TLS2_30
1282,1585.1584697235348,1077.8668224903479,TLS2_30
1283,1596.7443657640943,1086.6866158877092,TLS2_30
1284,1609.1771016565333,1094.26611592819,TLS2_30
1285,1622.324419243688,1100.5246926751252,TLS2_30
1286,1636.0464587223128,1105.395768037081,TLS2_30
1287,1650.1972464571854,1108.8275240186986,TLS2_30
1288,1664.626247833526,1110.7834539551618,TLS2_30
1289,1713.5039117559875,1114.8565926153667,TLS2_30
1290,1727.5636489476722,1115.3249279151055,TLS2_30
1291,1741.6001949638278,1114.3916949385289,TLS2_30
1292,1755.4741790545334,1112.0661598811562,TLS2_30
1293,1769.0478445690514,1108.3714132927948,TLS2_30
1294,1782.1864167601075,1103.344140808372,TLS2_30
1295,1794.7594409804506,1097.03425889134,TLS2_30
1296,1806.642077984561,1089.5044192064086,TLS2_30
1297,1841.2637565963043,1065.0655872451778,TLS2_30
1298,1851.6469179371686,1056.9859238915801,TLS2_30
1299,1861.2328567505917,1047.9747765504699,TLS2_30
1300,1869.9383229876807,1038.11040343644,TLS2_30
1301,1877.6877131521078,1027.4784726890466,TLS2_30
1302,1884.4137268862723,1016.1713183792427,TLS2_30
1303,1890.057951448019,1004.2871386248606,TLS2_30
1304,1894.5713690019666,991.9291427791903,TLS2_30
1305,1897.9147823198252,979.2046550989788,TLS2_30
1306,1900.0591551926645,966.2241826761384,TLS2_30
1307,1904.1322938528697,931.6025040643948,TLS2_30
1308,1905.0957951295393,916.097411775703,TLS2_30
1309,1904.3498735475061,900.5803301369267,TLS2_30
1310,1898.2401655571987,841.5198195639525,TLS2_30
1311,1896.15983023959,827.9224812036922,TLS2_30
1312,1892.7660835064569,814.5921440500998,TLS2_30
1313,1892.374066339749,813.5073297430811,TLS2_30
1314,1896.3778280782792,798.2930351366672,TLS2_30
1315,1898.953869408405,786.4646574740453,TLS2_30
1316,1900.5071098208377,774.4590774678436,TLS2_30
1317,1901.0261287000233,762.3645693560114,TLS2_30
1318,1901.0261287000233,725.7063214141652,TLS2_30
1319,1900.3779664165766,712.1937194165812,TLS2_30
1320,1898.439431186134,698.8051941710163,TLS2_30
1321,1895.2283232188336,685.6636831196519,TLS2_30
1322,1890.774127868202,672.889855546477,TLS2_30
1323,1885.117744887822,660.6010045558406,TLS2_30
1324,1878.3111128775658,648.9099700520958,TLS2_30
1325,1870.41673236784,637.9241026098565,TLS2_30
1326,1861.5070919210268,627.7442777489217,TLS2_30
1327,1851.6640025198294,618.46396966509,TLS2_30
1328,1840.9778463543662,610.168392922143,TLS2_30
1329,1829.5467469058742,602.9337199862402,TLS2_30
1330,1817.4756679475656,596.8263817875588,TLS2_30
1331,1804.8754497358752,591.9024577316275,TLS2_30
1332,1791.861791242083,588.2071607614575,TLS2_30
1333,1778.554187769765,585.77442219878,TLS2_30
1334,1765.074833713183,584.626580176504,TLS2_30
1335,1724.8099273416879,583.1352873479301,TLS2_30
1336,1673.9323911702782,570.4159033050777,TLS2_30
1337,1660.534847865721,567.7477794825722,TLS2_30
1338,1646.9421525538573,566.3870129748511,TLS2_30
1339,1633.2815743295746,566.3463447076704,TLS2_30
1340,1588.477049067318,568.3829140377729,TLS2_30
1341,1574.071244392575,569.7803983182329,TLS2_30
1342,1559.884226849388,572.6454818894883,TLS2_30
1343,1546.0651073352105,576.9480516441657,TLS2_30
1344,1532.759130000656,582.6428859537214,TLS2_30
1345,1520.10614567877,589.6701299647892,TLS2_30
1346,1508.2391420001081,597.9559246962318,TLS2_30
1347,1497.2828456426507,607.4131833248484,TLS2_30
1348,1487.3524114074448,617.942506500686,TLS2_30
1349,1478.5522118982751,629.4332270716418,TLS2_30
1350,1456.1499492671471,662.0183363532826,TLS2_30
1351,1449.0973141777683,673.3970845216451,TLS2_30
1352,1443.1541703974187,685.3926926174875,TLS2_30
1353,1438.373958035451,697.8972974236154,TLS2_30
1354,1434.7996602470432,710.7984588791874,TLS2_30
1355,1432.4634167332915,723.9801711286411,TLS2_30
1356,1431.3862347444767,737.3239056338657,TLS2_30
1357,1431.5778001851309,750.7096769700605,TLS2_30
1358,1433.036390519425,764.0171217217645,TLS2_30
1359,1439.1460985097328,802.7119389937133,TLS2_30
1360,1441.6336935944955,814.9340168614749,TLS2_30
1361,1451.8165402450081,855.6654034635261,TLS2_30
1362,1456.012671014798,869.427238667105,TLS2_30
1363,1461.5876633076905,882.6905369952673,TLS2_30
1364,1468.4836168268816,895.3175495742108,TLS2_30
1365,1476.6289121450193,907.1771358143781,TLS2_30
1366,1485.938954523367,918.1461253996138,TLS2_30
1367,1486.314721375191,918.5069158183815,TLS2_30
1368,1353.6249647230832,977.1242267134685,TLS2_60
1369,1360.2336949223227,1000.137691666252,TLS2_60
1370,1370.440527940536,1025.8635988322767,TLS2_60
1371,1383.116994578097,1050.466625746935,TLS2_60
1372,1405.5192572092253,1089.161443018884,TLS2_60
1373,1418.5632970953134,1109.6124795054823,TLS2_60
1374,1433.3145176180185,1128.8684750138054,TLS2_60
1375,1449.6640483351698,1146.787311897235,TLS2_60
1376,1467.4912225781534,1163.2367413230945,TLS2_60
1377,1493.9666238694867,1185.6390039542227,TLS2_60
1378,1517.1384159506053,1203.2785907489456,TLS2_60
1379,1542.0038877354837,1218.437590829907,TLS2_60
1380,1568.298522909793,1230.9547443237775,TLS2_60
1381,1595.7426018670426,1240.6968950476894,TLS2_60
1382,1624.044177336788,1247.560407010924,TLS2_60
1383,1652.9021800894689,1251.4722668838506,TLS2_60
1384,1701.7798440119304,1255.5454055440557,TLS2_60
1385,1729.8993183952998,1256.482076143533,TLS2_60
1386,1757.972410427611,1254.61561019038,TLS2_60
1387,1785.7203786090224,1249.9645400756344,TLS2_60
1388,1812.8677096380584,1242.5750468989118,TLS2_60
1389,1839.1448540201702,1232.5205019300663,TLS2_60
1390,1864.2909024608564,1219.9007380960022,TLS2_60
1391,1888.0561764690774,1204.8410587261394,TLS2_60
1392,1922.6778550808208,1180.4022267649086,TLS2_60
1393,1943.4441777625493,1164.242900057713,TLS2_60
1394,1962.6160553893956,1146.2206053754928,TLS2_60
1395,1980.0269878635736,1126.4918591474332,TLS2_60
1396,1995.5257681924277,1105.2279976526465,TLS2_60
1397,2008.9777956607568,1082.6136890330386,TLS2_60
1398,2020.2662447842501,1058.8453295242743,TLS2_60
1399,2029.2930798921452,1034.1293378329335,TLS2_60
1400,2035.9799065278626,1008.6803624725105,TLS2_60
1401,2040.2686522735412,982.7194176268298,TLS2_60
1402,2044.3417909337463,948.0977390150862,TLS2_60
1403,2046.2687934870855,917.0875544377026,TLS2_60
1404,2044.7769503230193,886.0533911601499,TLS2_60
1405,2038.6672423327118,826.9928805871757,TLS2_60
1406,2036.9395704392991,815.7005955832136,TLS2_60
1407,2038.058080705022,810.5647455920792,TLS2_60
1408,2041.1645615298876,786.5535855796758,TLS2_60
1409,2042.2025992882586,762.3645693560114,TLS2_60
1410,2042.2025992882586,725.7063214141652,TLS2_60
1411,2040.9062747213654,698.6811174189971,TLS2_60
1412,2037.0292042604804,671.9040669278675,TLS2_60
1413,2030.6069883258792,645.6210448251385,TLS2_60
1414,2021.698597624616,620.0733896787885,TLS2_60
1415,2010.3858316638562,595.4956876975159,TLS2_60
1416,1996.7725676433438,572.1136186900264,TLS2_60
1417,1980.983806623892,550.1418838055476,TLS2_60
1418,1963.1645257302657,529.7822340836781,TLS2_60
1419,1943.4783469278711,511.2216179160146,TLS2_60
1420,1922.1060345969443,494.6304644301206,TLS2_60
1421,1899.2438356999603,480.16111855831525,TLS2_60
1422,1875.1016777833431,467.9464421609523,TLS2_60
1423,1849.9012413599623,458.09859404908974,TLS2_60
1424,1823.873924372378,450.70800010874973,TLS2_60
1425,1797.2587174277414,445.84252298339476,TLS2_60
1426,1770.3000093145777,443.54683893884277,TLS2_60
1427,1744.7575684843569,442.6008226117975,TLS2_60
1428,1708.1727147048196,433.4546091669132,TLS2_60
1429,1681.3776280957054,428.1183615219024,TLS2_60
1430,1654.1922374719777,425.3968285064602,TLS2_60
1431,1626.8710810234124,425.3154919720987,TLS2_60
1432,1582.0665557611558,427.35206130220126,TLS2_60
1433,1553.2549464116698,430.14702986312096,TLS2_60
1434,1524.8809113252955,435.87719700563196,TLS2_60
1435,1497.2426722969412,444.4823365149866,TLS2_60
1436,1470.6307176278317,455.87200513409795,TLS2_60
1437,1445.3247489840599,469.9264931562337,TLS2_60
1438,1421.590741626736,486.4980826191187,TLS2_60
1439,1399.6781489118214,505.41259987635203,TLS2_60
1440,1379.8172804414096,526.4712462280272,TLS2_60
1441,1362.2168814230702,549.4526873699388,TLS2_60
1442,1339.8146187919422,582.0377966515797,TLS2_60
1443,1325.7093486131844,604.7952929883045,TLS2_60
1444,1313.8230610524852,628.7865091799893,TLS2_60
1445,1304.26263632855,653.7957187922453,TLS2_60
1446,1297.1140407517344,679.598041703389,TLS2_60
1447,1292.4415537242307,705.9614662022966,TLS2_60
1448,1290.2871897466011,732.6489352127458,TLS2_60
1449,1290.6703206279094,759.4204778851355,TLS2_60
1450,1293.5875012964977,786.0353673885432,TLS2_60
1451,1299.6972092868057,824.730184660492,TLS2_60
1452,1304.6723994563308,849.1743403960154,TLS2_60
1453,1314.8552461068434,889.9057269980666,TLS2_60
1454,1323.2475076464232,917.4293974052244,TLS2_60
1455,1334.3974922322082,943.9559940615488,TLS2_60
1456,1348.1893992705902,969.2100192194359,TLS2_60
1457,1353.6249647230832,977.1242267134685,TLS2_60
1458,1179.8680055775988,1053.214523511223,TLS2_100
1459,1182.0743904337905,1060.897778694823,TLS2_100
1460,1199.0857787974792,1103.7742906381973,TLS2_100
1461,1220.2132231934143,1144.7793354959615,TLS2_100
1462,1242.6154858245425,1183.4741527679105,TLS2_100
1463,1264.355552301356,1217.5592135789077,TLS2_100
1464,1288.9409198391977,1249.6525394261128,TLS2_100
1465,1316.1901377011163,1279.517267565162,TLS2_100
1466,1345.9020947727558,1306.932983274928,TLS2_100
1467,1372.3774960640894,1329.3352459060561,TLS2_100
1468,1410.9971495326204,1358.7345572305942,TLS2_100
1469,1452.4396025074172,1383.9995573655299,TLS2_100
1470,1496.2639944646,1404.861479855314,TLS2_100
1471,1542.0041260600156,1421.0983977285005,TLS2_100
1472,1589.173418509591,1432.5375843338916,TLS2_100
1473,1637.2700897640593,1439.0573507887693,TLS2_100
1474,1686.147753686521,1443.1304894489742,TLS2_100
1475,1733.0135443254699,1444.6916071147698,TLS2_100
1476,1779.8020310459885,1441.5808305261817,TLS2_100
1477,1826.048644681674,1433.8290470016059,TLS2_100
1478,1871.2941963967342,1421.5132250404013,TLS2_100
1479,1915.0894370335873,1404.7556500923251,TLS2_100
1480,1956.9995177680644,1383.7227103688851,TLS2_100
1481,1996.608307781766,1358.6232447524471,TLS2_100
1482,2031.2299863935093,1334.1844127912163,TLS2_100
1483,2065.84052419639,1307.252201612557,TLS2_100
1484,2097.7936535744675,1277.2150438088568,TLS2_100
1485,2126.8118743647638,1244.333800095424,TLS2_100
1486,2152.643174912854,1208.8940309374461,TLS2_100
1487,2175.063220693403,1171.2035165714328,TLS2_100
1488,2193.8773025658916,1131.589584056826,TLS2_100
1489,2208.922027745717,1090.396264571258,TLS2_100
1490,2220.0667388052457,1047.9813056372195,TLS2_100
1491,2227.2146483813767,1004.7130642277516,TLS2_100
1492,2231.287787041582,970.091385616008,TLS2_100
1493,2234.4994579638137,918.4077446537021,TLS2_100
1494,2232.0130526903704,866.6841391911142,TLS2_100
1495,2226.8652240273286,816.9217954483743,TLS2_100
1496,2228.707830475287,802.6795963954521,TLS2_100
1497,2230.4378934059055,762.3645693560114,TLS2_100
1498,2230.4378934059055,725.7063214141652,TLS2_100
1499,2228.277352461084,680.6643147555518,TLS2_100
1500,2221.8155683596087,636.0358972703355,TLS2_100
1501,2211.1118751352737,592.2308604324539,TLS2_100
1502,2196.264557299835,549.6514351885373,TLS2_100
1503,2177.409947365235,508.6885985530829,TLS2_100
1504,2154.7211739977142,469.71848354060046,TLS2_100
1505,2128.406572298628,433.0989253998025,TLS2_100
1506,2098.7077708092506,399.16617586335326,TLS2_100
1507,2065.89747280526,368.23181558391417,TLS2_100
1508,2030.276952253715,340.5798931074241,TLS2_100
1509,1992.1732874254087,316.4643166544153,TLS2_100
1510,1951.93635756438,296.1065226588103,TLS2_100
1511,1909.9356301920784,279.6934424723727,TLS2_100
1512,1866.5567685461046,267.3757859051394,TLS2_100
1513,1822.198090305044,259.26665736288106,TLS2_100
1514,1777.2669101164374,255.4405172886278,TLS2_100
1515,1771.3544233412488,255.22153629695416,TLS2_100
1516,1753.8264794175411,250.8395503160272,TLS2_100
1517,1709.1680017356844,241.9458042410091,TLS2_100
1518,1663.8590173628047,237.40991588193896,TLS2_100
1519,1618.3237566151959,237.27435499133645,TLS2_100
1520,1573.5192313529392,239.31092432143902,TLS2_100
1521,1525.4998824371294,243.96920525630514,TLS2_100
1522,1478.209823959839,253.51948382715676,TLS2_100
1523,1432.1460922459148,267.8613830094146,TLS2_100
1524,1387.7928344640657,286.8441640412669,TLS2_100
1525,1345.6162200577794,310.2683107448264,TLS2_100
1526,1306.0595411289062,337.88762651630145,TLS2_100
1527,1269.538553270715,369.4118219450237,TLS2_100
1528,1236.4371058200288,404.5095658644822,TLS2_100
1529,1207.10310745613,442.81196776766814,TLS2_100
1530,1184.700844825002,475.3970770493091,TLS2_100
1531,1161.1920611937392,513.3262376105172,TLS2_100
1532,1141.3815819259069,553.3115979299919,TLS2_100
1533,1125.4475407193484,594.9936139504186,TLS2_100
1534,1113.5332147579888,637.9974854689912,TLS2_100
1535,1105.7457363788162,681.9365263005038,TLS2_100
1536,1102.1551297494336,726.415641317919,TLS2_100
1537,1102.7936812182807,771.0348791052353,TLS2_100
1538,1107.6556489992613,815.3930282775817,TLS2_100
1539,1113.7653569895692,854.0878455495305,TLS2_100
1540,1122.0573406054446,894.828105108736,TLS2_100
1541,1132.2401872559572,935.5594917107873,TLS2_100
1542,1146.2272898219235,981.432275722717,TLS2_100
1543,1164.8105974648984,1025.6432701499245,TLS2_100
1544,1179.8680055775988,1053.214523511223,TLS2_100
1545,3530.5676964768777,336.04011562258853,PSCIII_tumor_0
1546,3506.7203827031426,290.7302194524919,PSCIII_tumor_0
1547,3516.2593082126364,288.3454880751184,PSCIII_tumor_0
1548,3552.0302788732392,271.65236843350385,PSCIII_tumor_0
1549,3602.1096377980834,243.0355919050218,PSCIII_tumor_0
1550,3645.034802590806,233.4966663955277,PSCIII_tumor_0
1551,3800.042342120084,219.1882781312867,PSCIII_tumor_0
1552,3838.19804415806,212.03408399916617,PSCIII_tumor_0
1553,3881.123208950784,209.6493526217927,PSCIII_tumor_0
1554,3926.43310512088,200.11042711229865,PSCIII_tumor_0
1555,3995.590315064712,183.41730747068408,PSCIII_tumor_0
1556,4231.678721424689,176.26311333856356,PSCIII_tumor_0
1557,4324.683245142256,171.49365058381656,PSCIII_tumor_0
1558,4398.609917840835,166.72418782906954,PSCIII_tumor_0
1559,4677.623488993534,161.95472507432254,PSCIII_tumor_0
1560,4765.858549956354,145.261605432708,PSCIII_tumor_0
1561,4897.018775711897,133.33794854584045,PSCIII_tumor_0
1562,5133.107182071874,147.64633681008146,PSCIII_tumor_0
1563,5180.801809619345,147.64633681008146,PSCIII_tumor_0
1564,5240.420094053682,147.64633681008146,PSCIII_tumor_0
1565,5307.192572620141,133.33794854584045,PSCIII_tumor_0
1566,5493.201620055273,97.56697788523782,PSCIII_tumor_0
1567,5474.123769036286,142.87687405533447,PSCIII_tumor_0
1568,5459.815380772045,181.0325760933106,PSCIII_tumor_0
1569,5412.120753224575,214.41881537653967,PSCIII_tumor_0
1570,5362.041394299732,243.0355919050218,PSCIII_tumor_0
1571,5271.421601959538,312.1928018488535,PSCIII_tumor_0
1572,5223.726974412069,338.424846999962,PSCIII_tumor_0
1573,5166.493421355104,369.4263549058177,PSCIII_tumor_0
1574,5130.722450694501,386.11947454743216,PSCIII_tumor_0
1575,5085.412554524405,409.9667883211672,PSCIII_tumor_0
1576,5047.256852486428,436.1988334722758,PSCIII_tumor_0
1577,4973.330179787849,486.2781923971194,PSCIII_tumor_0
1578,4918.481358108259,519.6644316803486,PSCIII_tumor_0
1579,4866.017267806042,579.2827161146862,PSCIII_tumor_0
1580,4787.321132352717,626.9773436621563,PSCIII_tumor_0
1581,4732.472310673125,653.2093888132649,PSCIII_tumor_0
1582,4618.005204559197,729.5207928892171,PSCIII_tumor_0
1583,4553.617457370113,760.5223007950727,PSCIII_tumor_0
1584,4462.99766502992,820.1405852294104,PSCIII_tumor_0
1585,4405.764111972955,846.3726303805189,PSCIII_tumor_0
1586,4327.06797651963,879.758869663748,PSCIII_tumor_0
1587,4260.295497953171,934.6076913433388,PSCIII_tumor_0
1588,4200.677213518834,975.1481247586884,PSCIII_tumor_0
1589,4148.213123216616,1015.688558174038,PSCIII_tumor_0
1590,4105.287958423893,1037.1511405703995,PSCIII_tumor_0
1591,4074.286450518038,1077.691573985749,PSCIII_tumor_0
1592,4038.5154798574354,1091.9999622499902,PSCIII_tumor_0
1593,4005.129240574206,1111.0778132689782,PSCIII_tumor_0
1594,3950.280418894615,1127.7709329105926,PSCIII_tumor_0
1595,3895.431597215024,1151.618246684328,PSCIII_tumor_0
1596,3797.657610742711,1220.7754566281596,PSCIII_tumor_0
1597,3761.886640082109,1247.007501779268,PSCIII_tumor_0
1598,3714.192012534638,1273.2395469303767,PSCIII_tumor_0
1599,3699.883624270397,1223.160188005533,PSCIII_tumor_0
1600,3656.958459477674,1146.8487839295808,PSCIII_tumor_0
1601,3642.650071213433,1072.9221112310022,PSCIII_tumor_0
1602,3635.495877081312,1010.919095419291,PSCIII_tumor_0
1603,3630.7264143265647,939.3771540980858,PSCIII_tumor_0
1604,3621.187488817071,889.297795173242,PSCIII_tumor_0
1605,3606.87910055283,836.8337048710249,PSCIII_tumor_0
1606,3604.494369175457,798.6780028330488,PSCIII_tumor_0
1607,3592.5707122885888,750.9833752855787,PSCIII_tumor_0
1608,3580.647055401721,672.2872398322529,PSCIII_tumor_0
1609,3575.8775926469743,631.7468064169034,PSCIII_tumor_0
1610,3571.108129892228,574.5132533599392,PSCIII_tumor_0
1611,3568.7233985148546,524.4338944350956,PSCIII_tumor_0
1612,3559.18447300536,479.1239982649989,PSCIII_tumor_0
1613,3549.645547495866,429.0446393401553,PSCIII_tumor_0
1614,3542.491353363745,378.96528041531167,PSCIII_tumor_0
1615,3530.5676964768777,336.04011562258853,PSCIII_tumor_0
1616,3398.591174697321,388.4034614684983,PSCIII_tumor_30
1617,3404.0238319764126,407.9610276732276,PSCIII_tumor_30
1618,3409.8879719201723,449.0100072795418,PSCIII_tumor_30
1619,3410.9624557656343,455.46046633638923,PSCIII_tumor_30
1620,3420.501381275128,505.5398252612328,PSCIII_tumor_30
1621,3421.0362680660546,508.20783088380193,PSCIII_tumor_30
1622,3428.244782056791,542.448272339796,PSCIII_tumor_30
1623,3430.0914516252487,581.2283332774145,PSCIII_tumor_30
1624,3430.419316963539,586.2373211039946,PSCIII_tumor_30
1625,3435.1887797182853,643.4708741609588,PSCIII_tumor_30
1626,3435.6680955660977,648.2420413675935,PSCIII_tumor_30
1627,3440.4375583208443,688.782474782943,PSCIII_tumor_30
1628,3441.063690099401,693.4362345750291,PSCIII_tumor_30
1629,3452.9873469862687,772.1323700283549,PSCIII_tumor_30
1630,3455.6094181504245,785.2236988201219,PSCIII_tumor_30
1631,3464.3989113370603,820.381671566663,PSCIII_tumor_30
1632,3465.9775600611283,845.6400511517547,PSCIII_tumor_30
1633,3467.6046589407465,859.929716678114,PSCIII_tumor_30
1634,3470.6771493192678,873.979691571087,PSCIII_tumor_30
1635,3483.535541012759,921.1271277805558,PSCIII_tumor_30
1636,3490.434551205987,957.3469312950034,PSCIII_tumor_30
1637,3494.632090089791,1020.3100145520593,PSCIII_tumor_30
1638,3495.249909664211,1027.101322428958,PSCIII_tumor_30
1639,3502.404103796332,1089.104338240669,PSCIII_tumor_30
1640,3504.045857012452,1099.7487333344177,PSCIII_tumor_30
1641,3518.354245276693,1173.6754060329963,PSCIII_tumor_30
1642,3522.01473727613,1188.3335725411112,PSCIII_tumor_30
1643,3527.220696679822,1202.5166269986203,PSCIII_tumor_30
1644,3533.9125012953846,1216.0621354071186,PSCIII_tumor_30
1645,3568.6993988336467,1277.9055088084733,PSCIII_tumor_30
1646,3578.4474552206393,1312.0237061629473,PSCIII_tumor_30
1647,3582.9840727196156,1325.347822446348,PSCIII_tumor_30
1648,3588.8249028172827,1338.1539802165687,PSCIII_tumor_30
1649,3595.9118874097558,1350.314885711294,PSCIII_tumor_30
1650,3604.174581563557,1361.7096590037445,PSCIII_tumor_30
1651,3613.5308537412966,1372.2250355543797,PSCIII_tumor_30
1652,3623.8877021927146,1381.7564920653208,PSCIII_tumor_30
1653,3635.142179396097,1390.209285446455,PSCIII_tumor_30
1654,3647.1824153610987,1397.4993945658493,PSCIII_tumor_30
1655,3659.8887296212865,1403.5543554234387,PSCIII_tumor_30
1656,3673.1348208631553,1408.3139814463207,PSCIII_tumor_30
1657,3686.7890223666454,1411.7309617458943,PSCIII_tumor_30
1658,3700.715610778042,1413.771331390141,PSCIII_tumor_30
1659,3714.7761552059774,1414.414809016517,PSCIII_tumor_30
1660,3728.8308932304863,1413.6549984295746,PSCIII_tumor_30
1661,3742.7401201475027,1411.4994521794226,PSCIII_tumor_30
1662,3756.365577639666,1407.9695964890511,PSCIII_tumor_30
1663,3769.5718280699757,1403.100518276747,PSCIII_tumor_30
1664,3782.227600737765,1396.9406163906096,PSCIII_tumor_30
1665,3829.922228285236,1370.708571239501,PSCIII_tumor_30
1666,3845.373274947171,1360.8529129588967,PSCIII_tumor_30
1667,3880.1691958417205,1335.3359043028936,PSCIII_tumor_30
1668,3965.0717792171267,1275.2828575251665,PSCIII_tumor_30
1669,3999.1388587829133,1260.4710838009116,PSCIII_tumor_30
1670,4046.2344098611743,1246.1376552118759,PSCIII_tumor_30
1671,4061.0528633399126,1240.7055273756068,PSCIII_tumor_30
1672,4075.172384812817,1233.6533156865491,PSCIII_tumor_30
1673,4100.048070246875,1219.438638295659,PSCIII_tumor_30
1674,4126.718075415089,1208.7706362283739,PSCIII_tumor_30
1675,4140.477871987352,1202.3891744904197,PSCIII_tumor_30
1676,4153.473641309313,1194.5683666451002,PSCIII_tumor_30
1677,4165.555377206756,1185.398485875564,PSCIII_tumor_30
1678,4176.583623912576,1174.9853772994172,PSCIII_tumor_30
1679,4186.431085761878,1163.4492362310368,PSCIII_tumor_30
1680,4197.61054941931,1148.829937602088,PSCIII_tumor_30
1681,4211.349160228375,1141.9606321975555,PSCIII_tumor_30
1682,4223.295968932254,1135.2434080421738,PSCIII_tumor_30
1683,4234.535123368488,1127.3993818999918,PSCIII_tumor_30
1684,4283.607080863691,1089.4801420173353,PSCIII_tumor_30
1685,4339.680442151846,1051.35025634139,PSCIII_tumor_30
1686,4349.9057694863495,1043.6984566880778,PSCIII_tumor_30
1687,4400.946421818381,1001.7722065581952,PSCIII_tumor_30
1688,4460.900560940885,976.3371172334962,PSCIII_tumor_30
1689,4464.585953454349,974.7111936126537,PSCIII_tumor_30
1690,4521.819506511314,948.479148461545,PSCIII_tumor_30
1691,4531.402874985713,943.6376422739194,PSCIII_tumor_30
1692,4540.590582885396,938.0818203697311,PSCIII_tumor_30
1693,4623.344934288246,883.6381681310131,PSCIII_tumor_30
1694,4679.249762503607,856.7210286199135,PSCIII_tumor_30
1695,4696.315820496877,846.9867167957361,PSCIII_tumor_30
1696,4802.434880430011,776.2406768403135,PSCIII_tumor_30
1697,4848.232496677988,754.3374690695418,PSCIII_tumor_30
1698,4860.493139330601,747.7111551756644,PSCIII_tumor_30
1699,4939.189274783926,700.0165276281944,PSCIII_tumor_30
1700,4951.037774946268,691.9872378224229,PSCIII_tumor_30
1701,4962.012401356754,682.7995272244373,PSCIII_tumor_30
1702,4972.000352548078,672.5478306876781,PSCIII_tumor_30
1703,5010.2565640626035,629.0748630575354,PSCIII_tumor_30
1704,5046.73445464372,606.8709296603341,PSCIII_tumor_30
1705,5052.50874145884,603.1608310542958,PSCIII_tumor_30
1706,5126.435414157419,553.0814721294521,PSCIII_tumor_30
1707,5127.237392188131,552.5341639474814,PSCIII_tumor_30
1708,5158.532458724153,531.0188057039666,PSCIII_tumor_30
1709,5193.485328336587,512.6225585395274,PSCIII_tumor_30
1710,5226.1948988136155,497.3580923169143,PSCIII_tumor_30
1711,5233.7333952667395,493.5616913580682,PSCIII_tumor_30
1712,5290.966948323704,462.5601834522125,PSCIII_tumor_30
1713,5291.762562615198,462.12591646019405,PSCIII_tumor_30
1714,5339.457190162667,435.8938713090855,PSCIII_tumor_30
1715,5348.477209418743,430.4857822274196,PSCIII_tumor_30
1716,5357.069599985447,424.4212130552178,PSCIII_tumor_30
1717,5440.230794550901,360.9560908868457,PSCIII_tumor_30
1718,5482.163897463188,336.99431779411015,PSCIII_tumor_30
1719,5493.080143017046,330.07508650863883,PSCIII_tumor_30
1720,5540.774770564515,296.6888472254098,PSCIII_tumor_30
1721,5551.939846357425,288.008642053687,PSCIII_tumor_30
1722,5562.180456175203,278.25493558667256,PSCIII_tumor_30
1723,5571.393835835923,267.5256059472181,PSCIII_tumor_30
1724,5579.487529378422,255.9283216045476,PSCIII_tumor_30
1725,5586.380316854822,243.57946092471852,PSCIII_tumor_30
1726,5592.003029370027,230.602944317555,PSCIII_tumor_30
1727,5605.326032799829,195.07493517141927,PSCIII_tumor_30
1728,5623.31484948653,152.3514955405023,PSCIII_tumor_30
1729,5628.057119246156,139.33766360774953,PSCIII_tumor_30
1730,5631.501303103124,125.92175731684266,PSCIII_tumor_30
1731,5633.614248189827,112.2329148855933,PSCIII_tumor_30
1732,5634.375615815989,98.40290174804241,PSCIII_tumor_30
1733,5633.778077243899,84.56484221276575,PSCIII_tumor_30
1734,5631.8273842330445,70.85193804098658,PSCIII_tumor_30
1735,5628.542313675082,57.3961862791485,PSCIII_tumor_30
1736,5623.954486852098,44.32710868777662,PSCIII_tumor_30
1737,5618.108065057908,31.770504996832813,PSCIII_tumor_30
1738,5611.059324512302,19.847241988422894,PSCIII_tumor_30
1739,5602.87611465997,8.672090062847516,PSCIII_tumor_30
1740,5593.637205068423,-1.6473815130730571,PSCIII_tumor_30
1741,5583.43152721149,-11.011840041332889,PSCIII_tumor_30
1742,5572.357318436794,-19.33114554488624,PSCIII_tumor_30
1743,5560.521176357187,-26.52521843292037,PSCIII_tumor_30
1744,5548.037032768313,-32.524810327321816,PSCIII_tumor_30
1745,5535.025056969138,-37.27217063055069,PSCIII_tumor_30
1746,5521.610499041801,-40.72160241870377,PSCIII_tumor_30
1747,5507.922484225098,-42.8399023088768,PSCIII_tumor_30
1748,5494.092769986654,-43.60668006677061,PSCIII_tumor_30
1749,5480.254477757918,-43.014554878076794,PSCIII_tumor_30
1750,5466.540811539961,-41.069226394382966,PSCIII_tumor_30
1751,5280.531764104829,-5.298255733780337,PSCIII_tumor_30
1752,5277.611995387547,-4.704745206264505,PSCIII_tumor_30
1753,5225.46380872303,6.469866221846161,PSCIII_tumor_30
1754,5137.381335693032,6.469866221846161,PSCIII_tumor_30
1755,4905.559254827458,-7.5799568609159,PSCIII_tumor_30
1756,4894.892183148244,-7.822504314792866,PSCIII_tumor_30
1757,4884.2372586235415,-7.25873942607069,PSCIII_tumor_30
1758,4753.077032867998,4.6649174607968575,PSCIII_tumor_30
1759,4739.615020341552,6.545806040180764,PSCIII_tumor_30
1760,4663.191380847051,21.00433243103225,PSCIII_tumor_30
1761,4396.196997347801,25.568338986574986,PSCIII_tumor_30
1762,4389.520655064652,25.84061479822836,PSCIII_tumor_30
1763,4316.523099896588,30.55013448649052,PSCIII_tumor_30
1764,4225.92487553971,35.19619727402271,PSCIII_tumor_30
1765,3991.314203068368,42.30561159133612,PSCIII_tumor_30
1766,3976.789218474508,43.49835016054442,PSCIII_tumor_30
1767,3962.4645927441616,46.18217214269063,PSCIII_tumor_30
1768,3895.321626943281,62.389094922213594,PSCIII_tumor_30
1769,3862.5587429832517,69.28654417695667,PSCIII_tumor_30
1770,3830.3669825642924,71.07497531134322,PSCIII_tumor_30
1771,3812.1808392097983,73.27565760843837,PSCIII_tumor_30
1772,3780.502994037438,79.21525357825598,PSCIII_tumor_30
1773,3632.058295642518,92.91784112240242,PSCIII_tumor_30
1774,3614.4093261928774,95.68202260485211,PSCIII_tumor_30
1775,3571.484161400155,105.22094811434619,PSCIII_tumor_30
1776,3557.8573305769337,108.97393014687464,PSCIII_tumor_30
1777,3544.6740606685994,114.07067292488225,PSCIII_tumor_30
1778,3532.0664935594723,120.4600894874507,PSCIII_tumor_30
1779,3487.047407552381,146.18528149150254,PSCIII_tumor_30
1780,3467.6462553643505,155.23915251258347,PSCIII_tumor_30
1781,3458.901819850344,157.89881919470704,PSCIII_tumor_30
1782,3445.806844485874,163.3711337553803,PSCIII_tumor_30
1783,3433.3274735135433,170.13056469163422,PSCIII_tumor_30
1784,3421.5898259506757,178.1087998434055,PSCIII_tumor_30
1785,3410.712524809571,187.2252095716239,PSCIII_tumor_30
1786,3400.8054982696285,197.3876616174602,PSCIII_tumor_30
1787,3391.9688687212,208.49345220934876,PSCIII_tumor_30
1788,3384.291940908697,220.43034400783046,PSCIII_tumor_30
1789,3377.8522993989964,233.07770039853835,PSCIII_tumor_30
1790,3372.7150244962995,246.3077046699346,PSCIII_tumor_30
1791,3368.932034527571,259.9866517545439,PSCIII_tumor_30
1792,3366.5415611455487,273.97629947908956,PSCIII_tumor_30
1793,3365.567762952021,288.13526566752734,PSCIII_tumor_30
1794,3366.0204813461655,302.3204569775747,PSCIII_tumor_30
1795,3367.8951410654063,316.3885150306287,PSCIII_tumor_30
1796,3371.1727964239285,330.1972652201931,PSCIII_tumor_30
1797,3375.820322781566,343.6071535568684,PSCIII_tumor_30
1798,3381.790751308039,356.48265702886215,PSCIII_tumor_30
1799,3398.591174697321,388.4034614684983,PSCIII_tumor_30
1800,3265.909091365308,439.42624036473916,PSCIII_tumor_60
1801,3270.1303963444784,468.9753752189283,PSCIII_tumor_60
1802,3272.2793640354025,481.8762933326232,PSCIII_tumor_60
1803,3281.8182895448963,531.9556522574668,PSCIII_tumor_60
1804,3282.8880631267493,537.291663502605,PSCIII_tumor_60
1805,3287.7661655987267,560.4626502444962,PSCIII_tumor_60
1806,3289.0747733582693,587.9434131948899,PSCIII_tumor_60
1807,3289.73050403485,597.9613888480501,PSCIII_tumor_60
1808,3294.4999667895963,655.1949419050143,PSCIII_tumor_60
1809,3295.4585984852206,664.7372763182838,PSCIII_tumor_60
1810,3300.2280612399672,705.2777097336333,PSCIII_tumor_60
1811,3301.4803247970813,714.5852293178052,PSCIII_tumor_60
1812,3313.403981683949,793.281364771131,PSCIII_tumor_60
1813,3318.6481240122607,819.4640223546648,PSCIII_tumor_60
1814,3324.3034534986627,842.0853403002724,PSCIII_tumor_60
1815,3325.076019569426,854.4463974324847,PSCIII_tumor_60
1816,3328.330217328663,883.0257284852032,PSCIII_tumor_60
1817,3334.4751980857054,911.125678271149,PSCIII_tumor_60
1818,3345.883593208447,952.9564603878697,PSCIII_tumor_60
1819,3350.1426880854087,975.3167084919173,PSCIII_tumor_60
1820,3353.7683030982694,1029.7009336848275,PSCIII_tumor_60
1821,3355.0039422471104,1043.2835494386247,PSCIII_tumor_60
1822,3362.1581363792316,1105.2865652503358,PSCIII_tumor_60
1823,3365.441642811471,1126.575355437833,PSCIII_tumor_60
1824,3379.750031075712,1200.5020281364116,PSCIII_tumor_60
1825,3387.0710150745854,1229.8183611526413,PSCIII_tumor_60
1826,3397.48293388197,1258.1844700676595,PSCIII_tumor_60
1827,3410.8665431130953,1285.2754868846562,PSCIII_tumor_60
1828,3437.5151733968964,1332.6508296114137,PSCIII_tumor_60
1829,3442.7028979066404,1350.8078653955179,PSCIII_tumor_60
1830,3451.7761329045934,1377.4560979623188,PSCIII_tumor_60
1831,3463.457793099927,1403.0684135027604,PSCIII_tumor_60
1832,3477.631762284874,1427.3902244922112,PSCIII_tumor_60
1833,3494.1571505924753,1450.1797710771123,PSCIII_tumor_60
1834,3512.8696949479554,1471.2105241783827,PSCIII_tumor_60
1835,3533.583391850791,1490.2734372002649,PSCIII_tumor_60
1836,3556.092346257556,1507.179023962533,PSCIII_tumor_60
1837,3580.172818187559,1521.7592422013217,PSCIII_tumor_60
1838,3605.5854467079353,1533.8691639165006,PSCIII_tumor_60
1839,3632.0776291916723,1543.3884159622644,PSCIII_tumor_60
1840,3659.386032198653,1550.2223765614121,PSCIII_tumor_60
1841,3687.2392090214453,1554.3031158499055,PSCIII_tumor_60
1842,3715.3602978773165,1555.5900711026572,PSCIII_tumor_60
1843,3743.469773926334,1554.0704499287724,PSCIII_tumor_60
1844,3771.2882277603667,1549.7593574284688,PSCIII_tumor_60
1845,3798.5391427446934,1542.6996460477255,PSCIII_tumor_60
1846,3824.951643605313,1532.9614896231174,PSCIII_tumor_60
1847,3850.2631889408917,1520.6416858508428,PSCIII_tumor_60
1848,3897.957816488363,1494.4096406997342,PSCIII_tumor_60
1849,3928.8599098122327,1474.698324138525,PSCIII_tumor_60
1850,3962.6807809406996,1449.8963519776491,PSCIII_tumor_60
1851,4034.711961219231,1398.9474683660046,PSCIII_tumor_60
1852,4047.997298671206,1393.171234691233,PSCIII_tumor_60
1853,4087.339579148143,1381.1974971547738,PSCIII_tumor_60
1854,4116.976486105619,1370.3332414822353,PSCIII_tumor_60
1855,4145.215529051428,1356.2288181041201,PSCIII_tumor_60
1856,4161.580660636315,1346.877314341328,PSCIII_tumor_60
1857,4179.1497003121385,1339.8496984709984,PSCIII_tumor_60
1858,4206.669293456666,1327.0867749950908,PSCIII_tumor_60
1859,4232.660832100589,1311.4451593044516,PSCIII_tumor_60
1860,4256.824303895472,1293.1053977653792,PSCIII_tumor_60
1861,4278.8807973071125,1272.2791806130858,PSCIII_tumor_60
1862,4289.579591493247,1259.7457175866152,PSCIII_tumor_60
1863,4298.378814647893,1254.7982579103098,PSCIII_tumor_60
1864,4320.857123520359,1239.1102056259456,PSCIII_tumor_60
1865,4366.536948208542,1203.8121592759871,PSCIII_tumor_60
1866,4419.065386350521,1168.092821339441,PSCIII_tumor_60
1867,4439.516041019528,1152.789222032817,PSCIII_tumor_60
1868,4474.82486711713,1123.785543452643,PSCIII_tumor_60
1869,4516.037009908816,1106.3016040864734,PSCIII_tumor_60
1870,4523.4077949357425,1103.0497568447884,PSCIII_tumor_60
1871,4580.641347992708,1076.81771169368,PSCIII_tumor_60
1872,4599.808084941506,1067.1346993184284,PSCIII_tumor_60
1873,4618.18350074087,1056.0230555100516,PSCIII_tumor_60
1874,4693.0724112063735,1006.7540354669568,PSCIII_tumor_60
1875,4740.494320448017,983.9212643506098,PSCIII_tumor_60
1876,4774.626436434556,964.452640702255,PSCIII_tumor_60
1877,4872.397450186897,899.2719648673612,PSCIII_tumor_60
1878,4909.143861003258,881.6975944769275,PSCIII_tumor_60
1879,4933.665146308485,868.4449666891726,PSCIII_tumor_60
1880,5012.3612817618105,820.7503391417026,PSCIII_tumor_60
1881,5036.058282086493,804.6917595301595,PSCIII_tumor_60
1882,5058.007534907465,786.3163383341883,PSCIII_tumor_60
1883,5077.983437290113,765.8129452606701,PSCIII_tumor_60
1884,5102.031770016946,738.4852944347233,PSCIII_tumor_60
1885,5120.13872949959,727.4636669235488,PSCIII_tumor_60
1886,5131.68730312983,720.0434697114722,PSCIII_tumor_60
1887,5205.613975828409,669.9641107866285,PSCIII_tumor_60
1888,5207.2179318898325,668.869494422687,PSCIII_tumor_60
1889,5231.652362923898,652.0708230867673,PSCIII_tumor_60
1890,5256.24820597868,639.1256425316188,PSCIII_tumor_60
1891,5285.896376272126,625.2898297280108,PSCIII_tumor_60
1892,5300.973369178375,617.6970278103188,PSCIII_tumor_60
1893,5358.206922235339,586.695519904463,PSCIII_tumor_60
1894,5359.798150818326,585.8269859204261,PSCIII_tumor_60
1895,5407.492778365795,559.5949407693176,PSCIII_tumor_60
1896,5425.532816877947,548.7787626059861,PSCIII_tumor_60
1897,5442.717598011355,536.6496242615822,PSCIII_tumor_60
1898,5518.420194802068,478.87658986867024,PSCIII_tumor_60
1899,5552.2070417018,459.5698202116806,PSCIII_tumor_60
1900,5574.0395328095165,445.73135764073805,PSCIII_tumor_60
1901,5621.734160356986,412.345118357509,PSCIII_tumor_60
1902,5644.064311942807,394.9847080140634,PSCIII_tumor_60
1903,5664.545531578362,375.4772950800346,PSCIII_tumor_60
1904,5682.972290899801,354.0186358011257,PSCIII_tumor_60
1905,5699.1596779848,330.8240671157847,PSCIII_tumor_60
1906,5712.9452529375985,306.1263457561266,PSCIII_tumor_60
1907,5724.190677968009,280.17331254179936,PSCIII_tumor_60
1908,5736.528296563355,247.27299628754378,PSCIII_tumor_60
1909,5753.428078917787,207.1360131957668,PSCIII_tumor_60
1910,5762.912618437038,181.10834933026098,PSCIII_tumor_60
1911,5769.8009861509745,154.2765367484472,PSCIII_tumor_60
1912,5774.026876324381,126.89885188594855,PSCIII_tumor_60
1913,5775.549611576704,99.23882561084682,PSCIII_tumor_60
1914,5774.354534432525,71.56270654029356,PSCIII_tumor_60
1915,5770.453148410815,44.13689819673528,PSCIII_tumor_60
1916,5763.883007294891,17.225394673059185,PSCIII_tumor_60
1917,5754.707353648922,-8.912760509684503,PSCIII_tumor_60
1918,5743.014510060543,-34.02596789157208,PSCIII_tumor_60
1919,5728.91702896933,-57.87249390839189,PSCIII_tumor_60
1920,5712.550609264666,-80.22279775954259,PSCIII_tumor_60
1921,5694.072790081574,-100.86174091138376,PSCIII_tumor_60
1922,5673.661434367707,-119.5906579679034,PSCIII_tumor_60
1923,5651.513016818316,-136.2292689750101,PSCIII_tumor_60
1924,5627.840732659101,-150.61741475107834,PSCIII_tumor_60
1925,5602.872445481354,-162.61659853988124,PSCIII_tumor_60
1926,5576.848493883002,-172.11131914633904,PSCIII_tumor_60
1927,5550.019378028329,-179.01018272264525,PSCIII_tumor_60
1928,5522.643348394923,-183.24678250299132,PSCIII_tumor_60
1929,5494.983919918037,-184.780338018779,PSCIII_tumor_60
1930,5467.307335460563,-183.59608764139148,PSCIII_tumor_60
1931,5439.88000302465,-179.70543067400376,PSCIII_tumor_60
1932,5253.8709555895175,-143.93446001340112,PSCIII_tumor_60
1933,5248.031418154953,-142.74743895836946,PSCIII_tumor_60
1934,5210.507523392378,-134.70660436638914,PSCIII_tumor_60
1935,5141.655489314191,-134.70660436638914,PSCIII_tumor_60
1936,4914.09973394302,-148.49786226767225,PSCIII_tumor_60
1937,4892.765590584592,-148.98295717542624,PSCIII_tumor_60
1938,4871.4557415351865,-147.85542739798183,PSCIII_tumor_60
1939,4740.295515779643,-135.93177051111428,PSCIII_tumor_60
1940,4713.3714907267495,-132.16999335234647,PSCIII_tumor_60
1941,4648.759272700568,-119.94606021225805,PSCIII_tumor_60
1942,4393.784076854767,-115.58750985591956,PSCIII_tumor_60
1943,4380.4313922884685,-115.04295823261282,PSCIII_tumor_60
1944,4308.36295465092,-110.39338161083552,PSCIII_tumor_60
1945,4220.17102965473,-105.87071879051808,PSCIII_tumor_60
1946,3987.038091072024,-98.80608428801185,PSCIII_tumor_60
1947,3957.988121884304,-96.42060714959524,PSCIII_tumor_60
1948,3929.3388704236113,-91.05296318530281,PSCIII_tumor_60
1949,3864.2101487656846,-75.3322372678722,PSCIII_tumor_60
1950,3843.9942770157186,-71.07626426787934,PSCIII_tumor_60
1951,3822.535920970525,-69.88413337647972,PSCIII_tumor_60
1952,3786.1636342615366,-65.48276878228944,PSCIII_tumor_60
1953,3760.963645954792,-60.75777097477481,PSCIII_tumor_60
1954,3619.081788694229,-47.66098415072287,PSCIII_tumor_60
1955,3583.783849794949,-42.132621185823496,PSCIII_tumor_60
1956,3540.8586850022266,-32.59369567632942,PSCIII_tumor_60
1957,3513.6050233557844,-25.08773161127263,PSCIII_tumor_60
1958,3487.2384835391154,-14.894246055257355,PSCIII_tumor_60
1959,3462.023349320861,-2.1154129301203852,PSCIII_tumor_60
1960,3422.064536231521,20.718194549502428,PSCIII_tumor_60
1961,3415.854447803474,23.61623581592411,PSCIII_tumor_60
1962,3411.083256997546,25.067418936922195,PSCIII_tumor_60
1963,3384.893306268605,36.012048058268704,PSCIII_tumor_60
1964,3359.9345643239435,49.53090993077652,PSCIII_tumor_60
1965,3336.4592691982093,65.48738023431912,PSCIII_tumor_60
1966,3314.704666915999,83.72019969075592,PSCIII_tumor_60
1967,3294.8906138361144,104.0451037824285,PSCIII_tumor_60
1968,3277.217354739257,126.25668496620571,PSCIII_tumor_60
1969,3261.863499114251,150.13046856316902,PSCIII_tumor_60
1970,3248.98421609485,175.42518134458493,PSCIII_tumor_60
1971,3238.7096662894564,201.88518988737744,PSCIII_tumor_60
1972,3231.1436863519993,229.24308405659593,PSCIII_tumor_60
1973,3226.3627395879553,257.2223795056873,PSCIII_tumor_60
1974,3224.415143200899,285.5403118825628,PSCIII_tumor_60
1975,3225.320579989189,313.9106945026576,PSCIII_tumor_60
1976,3229.0698994276704,342.04681060876567,PSCIII_tumor_60
1977,3235.625210144714,369.6643109878943,PSCIII_tumor_60
1978,3244.9202628599896,396.4840876612451,PSCIII_tumor_60
1979,3256.861119912936,422.2350946052324,PSCIII_tumor_60
1980,3265.909091365308,439.42624036473916,PSCIII_tumor_60
1981,3083.8620277561636,496.0465073083409,PSCIII_tumor_100
1982,3087.3685750617597,517.0973959942685,PSCIII_tumor_100
1983,3096.907500571254,567.176754919112,PSCIII_tumor_100
1984,3098.6904565410086,576.0701069943424,PSCIII_tumor_100
1985,3100.4613436546415,584.4818207840973,PSCIII_tumor_100
1986,3101.052535668963,596.8968530848571,PSCIII_tumor_100
1987,3102.145420129931,613.5934791734572,PSCIII_tumor_100
1988,3106.9148828846774,670.8270322304214,PSCIII_tumor_100
1989,3108.512602377385,686.730922919204,PSCIII_tumor_100
1990,3113.2820651321317,727.2713563345535,PSCIII_tumor_100
1991,3115.3691710606545,742.78388897484,PSCIII_tumor_100
1992,3127.2928279475223,821.480024428166,PSCIII_tumor_100
1993,3136.0330651613754,865.1177870673889,PSCIII_tumor_100
1994,3137.9656227156115,872.8480172843326,PSCIII_tumor_100
1995,3142.630961845885,913.8204108946554,PSCIII_tumor_100
1996,3152.872596440956,960.6536605378984,PSCIII_tumor_100
1997,3162.347662802696,995.3955705309456,PSCIII_tumor_100
1998,3163.0868705913044,999.2764114211407,PSCIII_tumor_100
1999,3165.9499204429076,1042.2221591951852,PSCIII_tumor_100
2000,3168.0093190243097,1064.8598521181805,PSCIII_tumor_100
2001,3175.163513156431,1126.8628679298915,PSCIII_tumor_100
2002,3180.6360238768298,1162.3441849090534,PSCIII_tumor_100
2003,3194.9444121410706,1236.270857607632,PSCIII_tumor_100
2004,3207.146052139193,1285.1314126346817,PSCIII_tumor_100
2005,3224.499250151501,1332.4082608263789,PSCIII_tumor_100
2006,3246.805265536709,1377.5599555213732,PSCIII_tumor_100
2007,3263.03642175356,1406.41534435133,PSCIII_tumor_100
2008,3276.83221315123,1446.93379865028,PSCIII_tumor_100
2009,3296.30164681012,1489.6209912176828,PSCIII_tumor_100
2010,3319.9249287850316,1530.1573428667673,PSCIII_tumor_100
2011,3347.467242631034,1568.1399205082694,PSCIII_tumor_100
2012,3378.654816556834,1603.1911756770528,PSCIII_tumor_100
2013,3413.1776447282264,1634.96269738019,PSCIII_tumor_100
2014,3450.692568739501,1663.1386753173038,PSCIII_tumor_100
2015,3490.82668862284,1687.4390390486185,PSCIII_tumor_100
2016,3533.1810694901333,1707.6222419072496,PSCIII_tumor_100
2017,3577.334706963028,1723.4876619835227,PSCIII_tumor_100
2018,3622.8487119746633,1734.8775963154355,PSCIII_tumor_100
2019,3669.2706733459836,1741.6788284629247,PSCIII_tumor_100
2020,3716.1391547724356,1743.8237538841777,PSCIII_tumor_100
2021,3762.988281520798,1741.291051927703,PSCIII_tumor_100
2022,3809.352371244186,1734.10589776053,PSCIII_tumor_100
2023,3854.77056288473,1722.3397121259582,PSCIII_tumor_100
2024,3898.7913976524305,1706.109451418278,PSCIII_tumor_100
2025,3940.977306545061,1685.5764451311534,PSCIII_tumor_100
2026,3988.671934092532,1659.3443999800447,PSCIII_tumor_100
2027,4040.175422965649,1626.492205711363,PSCIII_tumor_100
2028,4072.6962277393663,1602.64361554397,PSCIII_tumor_100
2029,4122.896828800795,1567.1358733297884,PSCIII_tumor_100
2030,4142.1464715307675,1561.2772864119709,PSCIII_tumor_100
2031,4191.541316459894,1543.1701936244067,PSCIII_tumor_100
2032,4238.6063880362435,1519.6628213275483,PSCIII_tumor_100
2033,4243.624114488903,1516.7955490688857,PSCIII_tumor_100
2034,4249.058533508206,1514.6217814611646,PSCIII_tumor_100
2035,4294.924522082419,1493.3502423346517,PSCIII_tumor_100
2036,4338.243753155623,1467.2808828502532,PSCIII_tumor_100
2037,4378.516206147096,1436.7146136184656,PSCIII_tumor_100
2038,4413.312079041474,1403.8595993885301,PSCIII_tumor_100
2039,4435.953123722855,1388.057970593884,PSCIII_tumor_100
2040,4477.110104668352,1356.2548489541825,PSCIII_tumor_100
2041,4524.911978615421,1323.7495746701757,PSCIII_tumor_100
2042,4558.996403063766,1298.2435758258025,PSCIII_tumor_100
2043,4573.3294608488,1286.4699926452386,PSCIII_tumor_100
2044,4589.552275199389,1279.5875865571097,PSCIII_tumor_100
2045,4601.836916910935,1274.1678411543012,PSCIII_tumor_100
2046,4659.0704699679,1247.9357960031928,PSCIII_tumor_100
2047,4691.015031549231,1231.7974420444405,PSCIII_tumor_100
2048,4721.64072454817,1213.278035697146,PSCIII_tumor_100
2049,4786.042380430548,1170.9085252482118,PSCIII_tumor_100
2050,4822.153731040563,1153.521578658205,PSCIII_tumor_100
2051,4879.040591018129,1121.0738725776137,PSCIII_tumor_100
2052,4965.680876529414,1063.3136822367571,PSCIII_tumor_100
2053,4990.359013436952,1051.5110950201083,PSCIII_tumor_100
2054,5031.227822278997,1029.4233820405168,PSCIII_tumor_100
2055,5109.923957732322,981.7287544930468,PSCIII_tumor_100
2056,5149.418958273461,954.9644551404751,PSCIII_tumor_100
2057,5186.0010463084145,924.3387531471899,PSCIII_tumor_100
2058,5219.294216946161,890.1664313579926,PSCIII_tumor_100
2059,5224.836221154872,883.8686993026396,PSCIII_tumor_100
2060,5237.2587186911505,875.8869879210406,PSCIII_tumor_100
2061,5311.185391389729,825.807628996197,PSCIII_tumor_100
2062,5313.858651492103,823.9832683896277,PSCIII_tumor_100
2063,5329.1455685235605,813.4735129305005,PSCIII_tumor_100
2064,5339.932042834801,807.7964211877426,PSCIII_tumor_100
2065,5365.4983462168075,795.8654796094729,PSCIII_tumor_100
2066,5390.626667727222,783.2108097466528,PSCIII_tumor_100
2067,5447.860220784187,752.2093018407971,PSCIII_tumor_100
2068,5450.512268422498,750.7617452007355,PSCIII_tumor_100
2069,5498.206895969967,724.529700049627,PSCIII_tumor_100
2070,5528.273626823553,706.5027364440741,PSCIII_tumor_100
2071,5556.914928712567,686.2875058700679,PSCIII_tumor_100
2072,5622.672728470293,636.1039218444358,PSCIII_tumor_100
2073,5645.597900686616,623.003823435108,PSCIII_tumor_100
2074,5681.9853858661445,599.9397191502037,PSCIII_tumor_100
2075,5729.680013413614,566.5534798669746,PSCIII_tumor_100
2076,5766.896932723315,537.6194626278983,PSCIII_tumor_100
2077,5801.032298782574,505.10710773785036,PSCIII_tumor_100
2078,5831.743564318306,469.34267560633555,PSCIII_tumor_100
2079,5858.722542793303,430.6850611307674,PSCIII_tumor_100
2080,5881.698501047968,389.52219219800395,PSCIII_tumor_100
2081,5900.440876098653,346.26713684079186,PSCIII_tumor_100
2082,5911.464648248071,316.87041110901004,PSCIII_tumor_100
2083,5926.91238482613,280.18203673611947,PSCIII_tumor_100
2084,5942.719950691548,236.80259696027662,PSCIII_tumor_100
2085,5954.200563548108,192.08290932392023,PSCIII_tumor_100
2086,5961.24371383712,146.45343455308912,PSCIII_tumor_100
2087,5963.781605924324,100.35339076125292,PSCIII_tumor_100
2088,5961.789810684026,54.22652564366416,PSCIII_tumor_100
2089,5955.2875006478425,8.516845071066925,PSCIII_tumor_100
2090,5944.3372654546365,-36.33566080172666,PSCIII_tumor_100
2091,5929.044509378022,-79.89925277296616,PSCIII_tumor_100
2092,5909.556436730723,-121.75459840944542,PSCIII_tumor_100
2093,5886.060634912034,-161.49880843747843,PSCIII_tumor_100
2094,5858.783268737594,-198.74931485606305,PSCIII_tumor_100
2095,5827.98690343244,-233.14755344246498,PSCIII_tumor_100
2096,5793.9679772426625,-264.362415203331,PSCIII_tumor_100
2097,5757.053947993678,-292.09343354850887,PSCIII_tumor_100
2098,5717.600141061654,-316.0736765086226,PSCIII_tumor_100
2099,5675.98632909874,-336.07231615662744,PSCIII_tumor_100
2100,5632.613076434822,-351.8968505007237,PSCIII_tumor_100
2101,5587.8978833436995,-363.394956461234,PSCIII_tumor_100
2102,5542.271167288021,-370.45595609514413,PSCIII_tumor_100
2103,5496.172119826545,-373.01188195479017,PSCIII_tumor_100
2104,5450.0444790640895,-371.038131325811,PSCIII_tumor_100
2105,5404.3322583375675,-364.55370304683146,PSCIII_tumor_100
2106,5218.323210902435,-328.7827323862288,PSCIII_tumor_100
2107,5208.590648511495,-326.804363961176,PSCIII_tumor_100
2108,5190.565809618175,-322.9418984840362,PSCIII_tumor_100
2109,5147.354360809069,-322.9418984840362,PSCIII_tumor_100
2110,4925.487039430434,-336.38840281001404,PSCIII_tumor_100
2111,4889.930133833055,-337.19689432293734,PSCIII_tumor_100
2112,4854.413718750712,-335.3176780271967,PSCIII_tumor_100
2113,4723.253492995169,-323.39402114032913,PSCIII_tumor_100
2114,4678.380117907013,-317.1243925423828,PSCIII_tumor_100
2115,4629.51646183859,-307.8799170699784,PSCIII_tumor_100
2116,4390.566849530721,-303.7953083125789,PSCIII_tumor_100
2117,4368.312375253558,-302.88772227373437,PSCIII_tumor_100
2118,4297.4827609900285,-298.31806974060345,PSCIII_tumor_100
2119,4212.4992351414285,-293.959940209906,PSCIII_tumor_100
2120,3981.336608410232,-286.9550121271425,PSCIII_tumor_100
2121,3932.9199930973655,-282.97921689644824,PSCIII_tumor_100
2122,3885.171240662878,-274.03314362262745,PSCIII_tumor_100
2123,3822.7281778622205,-258.960680187986,PSCIII_tumor_100
2124,3819.241655725676,-258.2266755276608,PSCIII_tumor_100
2125,3812.094505512168,-257.8296116269104,PSCIII_tumor_100
2126,3751.474027663855,-250.49400396992644,PSCIII_tumor_100
2127,3734.9111818445995,-247.38847037881598,PSCIII_tumor_100
2128,3601.7797794298444,-235.09941784822325,PSCIII_tumor_100
2129,3542.949881264378,-225.88547957339097,PSCIII_tumor_100
2130,3500.024716471655,-216.3465540638969,PSCIII_tumor_100
2131,3454.601947060918,-203.83661395546878,PSCIII_tumor_100
2132,3410.6577140331365,-186.84747136211004,PSCIII_tumor_100
2133,3368.632490336046,-165.54941615354844,PSCIII_tumor_100
2134,3338.645085414293,-148.41375619826118,PSCIII_tumor_100
2135,3303.675255312247,-133.8000662045468,PSCIII_tumor_100
2136,3262.077352071144,-111.2686297503671,PSCIII_tumor_100
2137,3222.9518601949203,-84.67451257779607,PSCIII_tumor_100
2138,3186.6941897245697,-54.28648015040142,PSCIII_tumor_100
2139,3153.6707679247625,-20.411639997613804,PSCIII_tumor_100
2140,3124.215336096667,16.607661975348265,PSCIII_tumor_100
2141,3098.625576721657,56.39730130362045,PSCIII_tumor_100
2142,3077.160105022655,98.55515593931361,PSCIII_tumor_100
2143,3060.0358553469987,142.65517017730113,PSCIII_tumor_100
2144,3047.4258887845704,188.25166045933196,PSCIII_tumor_100
2145,3039.4576441778304,234.88381954115084,PSCIII_tumor_100
2146,3036.2116501994033,282.08037350261003,PSCIII_tumor_100
2147,3037.7207115132196,329.3643445361014,PSCIII_tumor_100
2148,3043.9695772440223,376.2578713796148,PSCIII_tumor_100
2149,3054.8950951057614,422.2870386781626,PSCIII_tumor_100
2150,3070.3868496312216,466.98666646708057,PSCIII_tumor_100
2151,3083.8620277561636,496.0465073083409,PSCIII_tumor_100
